Year,Quarter,Month,Day,Country,Aircraft,Location,Operator,Ground,Aboard,Month_Num,Month_Name,Date,Fatalities_Air,Survived,Survival_Rate,Fatality_Rate,Total_Deaths,Manufacturer,Total_Fatalities,YearMonth
1970,Qtr 2,April,28,Kainatu,de Havilland Canada DHC 6 Twin Otter 100VH,Kainatu,Airlines Australia GuineaTrans New,0,11,4,April,1970-04-28,8,3,27.27272727272727,0.7272727272727273,8,de Havilland Canada,8,1970-04
1952,Qtr 2,April,30,Delhi,Douglas DC 3VT,Delhi,Airways IndiaDeccan,0,9,4,April,1952-04-30,9,0,0.0,1.0,9,Douglas,9,1952-04
1973,Qtr 2,April,10,Near Basel,Vickers Vanguard 952G AXOP,Near Basel,(UK) Airlines International SwitzerlandInvicta,0,145,4,April,1973-04-10,108,37,25.517241379310345,0.7448275862068966,108,Vickers Vanguard,108,1973-04
2000,Qtr 2,April,19,Unknown,Antonov AN 8TL,Pepa -,Airlines Centrafricain,0,24,4,April,2000-04-19,24,0,0.0,1.0,24,Antonov,24,2000-04
1946,Qtr 2,April,30,Unknown,Douglas C 47A FZ559,Pindi-Khut -,Force Air Royal,0,12,4,April,1946-04-30,12,0,0.0,1.0,12,Douglas,12,1946-04
1960,Qtr 2,April,14,Unknown,Douglas DC 4?,Taipei -,Force Air Thai Royal,0,18,4,April,1960-04-14,18,0,0.0,1.0,18,Douglas,18,1960-04
2024,Qtr 2,April,23,Alaska,Douglas C-54D Skymaster N3054V,Near Fairbanks,Alaska Air Fuel,0,2,4,April,2024-04-23,2,0,0.0,1.0,2,Douglas,2,2024-04
1958,Qtr 2,April,21,Unknown,Douglas DC 7 / F,Near Sloan 10,Nevada Vegas Las of SW miles United Air Lines / Military - U.S. Air Force,0,49,4,April,1958-04-21,49,0,0.0,1.0,49,Douglas,49,1958-04
1997,Qtr 2,April,23,Afghanistan,Antonov AN 26?,Near Konduz Afghanistan,Force Air Republican Afghan - Military,0,36,4,April,1997-04-23,36,0,0.0,1.0,36,Antonov,36,1997-04
1988,Qtr 2,April,10,Afghanistan,Antonov AN 26?,Near Mazâr-e Charif Afghanistan,Force Air Republican Afghan - Military,0,29,4,April,1988-04-10,29,0,0.0,1.0,29,Antonov,29,1988-04
1993,Qtr 2,April,27,Afghanistan,Antonov AN 32?,Near Kholm Afghanistan,Force Air Republican Afghan - Military,0,76,4,April,1993-04-27,76,0,0.0,1.0,76,Antonov,76,1993-04
2006,Qtr 2,April,24,Afghanistan,Antonov AN 32BZS,Lashkar Gah Afghanistan,(leased) Government U.S.,3,16,4,April,2006-04-24,2,14,87.5,0.125,5,Antonov,5,2006-04
2013,Qtr 2,April,29,Afghanistan,Boeing B 747,Bagram Air Base Afghanistan,Cargo Air National,0,7,4,April,2013-04-29,7,0,0.0,1.0,7,Boeing,7,2013-04
1973,Qtr 2,April,18,Afghanistan,de Havilland Canada DHC 6 Twin Otter 100YA,Bamiyan Afghanistan,Airlines Afghan Bakhtar,0,19,4,April,1973-04-18,4,15,78.94736842105263,0.21052631578947367,4,de Havilland Canada,4,1973-04
1994,Qtr 2,April,26,Aichi,Airbus A300B4 622RB,Near Komaki Aichi,Japan China Airlines (Taiwan),0,271,4,April,1994-04-26,264,7,2.5830258302583027,0.974169741697417,264,Airbus,264,1994-04
1956,Qtr 2,April,9,Alaska,Aero Commander 520B5386N,Skilak Lake Alaska,Airlines Cordova,0,6,4,April,1956-04-09,6,0,0.0,1.0,6,Aero Commander,6,1956-04
1976,Qtr 2,April,5,Alaska,Boeing B 727,Ketchikan Alaska,Airlines Alaska,0,50,4,April,1976-04-05,1,49,98.0,0.02,1,Boeing,1,1976-04
1983,Qtr 2,April,7,Alaska,Britten Norman BN,Selawik Alaska,Airlines Northern Munz,0,3,4,April,1983-04-07,2,1,33.33333333333333,0.6666666666666666,2,Britten,2,1983-04
1964,Qtr 2,April,17,Alaska,Cessna 185N9984X,Elim Alaska,Inc. Airlines Alaska Wein,0,2,4,April,1964-04-17,2,0,0.0,1.0,2,Cessna,2,1964-04
1997,Qtr 2,April,10,Alaska,Cessna 208B Caravan IN408GV,Near Wainwright Alaska,Services Aviation Hageland,0,5,4,April,1997-04-10,5,0,0.0,1.0,5,Cessna 208B Caravan,5,1997-04
1982,Qtr 2,April,11,Alaska,Hughes 369DN11058,Near Tanana Alaska,Copters Tundra - Taxi Air,0,3,4,April,1982-04-11,3,0,0.0,1.0,3,Hughes,3,1982-04
1993,Qtr 2,April,6,Alaska,McDonnell Douglas MD 11B,950 nm S of Shemya Alaska,Airlines Eastern China,0,264,4,April,1993-04-06,2,262,99.24242424242425,0.007575757575757576,2,McDonnell Douglas,2,1993-04
1944,Qtr 2,April,6,Alaska,Pilgrim 100BNC742N,Near Nome Alaska,Airways World American Pan,0,6,4,April,1944-04-06,6,0,0.0,1.0,6,Pilgrim,6,1944-04
1957,Qtr 2,April,8,Algeria,Douglas DC 3F,Algiers Algeria,France Air,0,34,4,April,1957-04-08,34,0,0.0,1.0,34,Douglas,34,1957-04
1967,Qtr 2,April,11,Algeria,Douglas DC 47T,Tamanrasset Algeria,Algerie Air,0,39,4,April,1967-04-11,35,4,10.256410256410255,0.8974358974358975,35,Douglas,35,1967-04
2018,Qtr 2,April,11,Algeria,Ilyushin 76 TD7T,Boufarik AB Algeria,Force Air Algerian - Military,0,257,4,April,2018-04-11,257,0,0.0,1.0,257,Ilyushin,257,2018-04
1988,Qtr 2,April,27,Angola,Antonov AN 2614,Near Tchamulate Angola,Force Air Cuban - Military,0,29,4,April,1988-04-27,29,0,0.0,1.0,29,Antonov,29,1988-04
2001,Qtr 2,April,28,Argentina,Cessna 208B Grand CaravanLV WSC,Near Roque Perez Argentina,group Techint - Private,0,10,4,April,2001-04-28,10,0,0.0,1.0,10,Cessna 208B Grand,10,2001-04
1954,Qtr 2,April,23,Argentina,Douglas DC 3LV,Sierra del Vilgo Argentina,Argentinas Aerolineas,0,25,4,April,1954-04-23,25,0,0.0,1.0,25,Douglas,25,1954-04
1976,Qtr 2,April,14,Argentina,Hawker Siddeley HS 748 2LV,Neuquen Argentina,Fiscales Petroliferos Yacimientos,0,34,4,April,1976-04-14,34,0,0.0,1.0,34,Hawker Siddeley,34,1976-04
1985,Qtr 2,April,11,Argentina,HS 125,Salta Argentina,YPF,0,7,4,April,1985-04-11,7,0,0.0,1.0,7,HS,7,1985-04
1921,Qtr 2,April,6,Australia,Avro 504H3021,Point Cook Australia,Force Air Australian Royal - Military,0,2,4,April,1921-04-06,2,0,0.0,1.0,2,Avro,2,1921-04
1945,Qtr 2,April,19,Australia,Douglas DC 339067,Near Perth Australia,Navy U.S. - Military,0,13,4,April,1945-04-19,13,0,0.0,1.0,13,Douglas,13,1945-04
1942,Qtr 2,April,21,Australia,Lockheed 14 ElectraVH ADY,Pine Creek Australia,Limited Airways Guinea,0,12,4,April,1942-04-21,12,0,0.0,1.0,12,Lockheed 18,12,1942-04
2008,Qtr 2,April,9,Australia,Swearingen SA227AC Metroliner IIIVH OZA,Bundeena Australia,Services Air Avtex,0,1,4,April,2008-04-09,1,0,0.0,1.0,1,Swearingen SA227AC Metroliner,1,2008-04
1966,Qtr 2,April,23,Azerbaijan,Ilyushin IL 14CCCP,Off Baku Azerbaijan,Aeroflot,0,33,4,April,1966-04-23,33,0,0.0,1.0,33,Ilyushin,33,1966-04
1997,Qtr 2,April,15,Azerbaijan,Yakovlev 404K 87504,Gyandzha Azerbaijan,Airlines Azerbaijan,0,6,4,April,1997-04-15,6,0,0.0,1.0,6,Yakovlev,6,1997-04
1969,Qtr 2,April,2,Bahamas,Curtiss C 46FN3914,Off New Providence Island Bahamas,Inc Bahamas the of Islands,0,2,4,April,1969-04-02,2,0,0.0,1.0,2,Curtiss,2,1969-04
1974,Qtr 2,April,22,Bali,Boeing B 707,Grogak Bali,Indonesia Pan American World Airways,0,107,4,April,1974-04-22,107,0,0.0,1.0,107,Boeing,107,1974-04
1960,Qtr 2,April,22,Belgian,Douglas C 54BOO,Bunia Belgian,(Belgium) SA CongoSobelair,0,35,4,April,1960-04-22,35,0,0.0,1.0,35,Douglas,35,1960-04
2008,Qtr 2,April,28,Black,Mil Mi 8TUR,Off Crimea Black,SeaNaftogaz,0,20,4,April,2008-04-28,20,0,0.0,1.0,20,Mil,20,2008-04
1985,Qtr 2,April,20,Bolivia,Convair CV 440CP,Santa Rosa Bolivia,Transportada Aereo Carga,0,4,4,April,1985-04-20,4,0,0.0,1.0,4,Convair,4,1985-04
1981,Qtr 2,April,6,Bolivia,Douglas C 47ACP,Laguna Soliz Bolivia,Urcupina,0,7,4,April,1981-04-06,7,0,0.0,1.0,7,Douglas,7,1981-04
1974,Qtr 2,April,4,Botswana,Douglas DC 4A2,Francistown Botswana,Services Air Wenela,0,84,4,April,1974-04-04,78,6,7.142857142857142,0.9285714285714286,78,Douglas,78,1974-04
1952,Qtr 2,April,29,Brazil,Boeing 377 10,Near Carolina Brazil,Airways World American Pan,0,50,4,April,1952-04-29,50,0,0.0,1.0,50,Boeing,50,1952-04
1980,Qtr 2,April,12,Brazil,Boeing B 727,Florianopolis Brazil,Transbrasil,0,58,4,April,1980-04-12,55,3,5.172413793103448,0.9482758620689655,55,Boeing,55,1980-04
1956,Qtr 2,April,18,Brazil,Consolidated PBY 5A CatalinaPP,Parintins Brazil,Brasil do Panair,0,12,4,April,1956-04-18,3,9,75.0,0.25,3,Consolidated,3,1956-04
1957,Qtr 2,April,7,Brazil,Curtiss C 46A,Bage Brazil,Varig,0,40,4,April,1957-04-07,40,0,0.0,1.0,40,Curtiss,40,1957-04
1953,Qtr 2,April,10,Brazil,Doublas Dc 3?,Near Anchieta Island Brazil,REAL,0,0,4,April,1953-04-10,26,-26,-inf,Unknown,26,Douglas,26,1953-04
1957,Qtr 2,April,10,Brazil,Douglas DC 3PP,Anchieta Island Brazil,REAL,0,30,4,April,1957-04-10,26,4,13.333333333333334,0.8666666666666667,26,Douglas,26,1957-04
1960,Qtr 2,April,12,Brazil,Douglas DC 3PP,Pelotas Brazil,Cruzeiro,0,22,4,April,1960-04-12,10,12,54.54545454545454,0.45454545454545453,10,Douglas,10,1960-04
1984,Qtr 2,April,18,Brazil,Embraer 110EJ Band./Embraer 110P Band.PT GJZ/PT,Imperatriz Brazil,VOTEC / VOTEC,0,35,4,April,1984-04-18,19,16,45.714285714285715,0.5428571428571428,19,Embraer 110EJ Band./Embraer 110P,19,1984-04
1999,Qtr 2,April,7,Brazil,Learjet 24DPT LEM,Ribeirao Preto Brazil,Aéreo Táxi Manacá,0,5,4,April,1999-04-07,5,0,0.0,1.0,5,Learjet,5,1999-04
1972,Qtr 2,April,12,Brazil,NAMC YS 11A,Near Rio de Janeiro Brazil,VASP,0,25,4,April,1972-04-12,25,0,0.0,1.0,25,NAMC,25,1972-04
2011,Qtr 2,April,21,Brazil Amazonaves,Embraer/Piper EMB 810C SenecaPT,Manaus Brazil Amazonaves,Taxi Air,0,7,4,April,2011-04-21,7,0,0.0,1.0,7,Embraer/Piper,7,2011-04
1947,Qtr 2,April,28,British,Lockheed 18 LoadstarCF TDF,Near Vancouver British,Canada Columbia Trans Canada Air Lines,0,15,4,April,1947-04-28,15,0,0.0,1.0,15,Lockheed 18,15,1947-04
1933,Qtr 2,April,23,Calabria,Cams 53 1F,Near Castrovillari Calabria,Italy Air Orient,0,8,4,April,1933-04-23,5,3,37.5,0.625,5,Cams,5,1933-04
1952,Qtr 2,April,18,California,Curtiss C 46F,Near Whittier California,Airlines) (Robin Airlines Continental North,0,29,4,April,1952-04-18,29,0,0.0,1.0,29,Curtiss,29,1952-04
1992,Qtr 2,April,22,California,de Havilland Canada DHC 6 Twin Otter 200N141PV,Perris Valley California,Aviation Valley Perris,0,22,4,April,1992-04-22,16,6,27.27272727272727,0.7272727272727273,16,de Havilland Canada,16,1992-04
1953,Qtr 2,April,20,California,Douglas DC 6BN91303,San Francisco Bay California,Airlines Western,0,10,4,April,1953-04-20,8,2,20.0,0.8,8,Douglas,8,1953-04
1929,Qtr 2,April,21,California,Ford 5 AT,San Diego California,Force Air U.S.Army - Military / Airlines Maddux,0,6,4,April,1929-04-21,6,0,0.0,1.0,6,Ford,6,1929-04
1979,Qtr 2,April,14,California,Grumman G 21 GooseN11CS,Off Avalon California,Airlines Catalina,0,11,4,April,1979-04-14,1,10,90.9090909090909,0.09090909090909091,1,Grumman,1,1979-04
1973,Qtr 2,April,12,California,Lockheed P 3C / Convair CV,Moffett AFB California,NASA / Navy U.S. - Military,0,17,4,April,1973-04-12,16,1,5.88235294117647,0.9411764705882353,16,Lockheed,16,1973-04
2006,Qtr 2,April,23,Cameroon,Antonov 74TK 200UR,Kousséri Cameroon,Force Air Arab Lybian - Military,0,6,4,April,2006-04-23,6,0,0.0,1.0,6,Antonov,6,2006-04
1955,Qtr 2,April,18,Cameroons,de Havilland DH 114 Heron 1BF,Kupe Mountains Cameroons,Aeriens Transportes des Union,0,14,4,April,1955-04-18,12,2,14.285714285714285,0.8571428571428571,12,De Havilland,12,1955-04
1944,Qtr 2,April,25,Canada,Consolidated Liberator?,Montreal Canada,Force Air Royal - Military,0,16,4,April,1944-04-25,16,0,0.0,1.0,16,Consolidated,16,1944-04
1991,Qtr 2,April,4,Canada,Douglas C 47B,Lake Thutade Canada,Services Air Mountain Central,0,7,4,April,1991-04-04,6,1,14.285714285714285,0.8571428571428571,6,Douglas,6,1991-04
1980,Qtr 2,April,25,Canary,Boeing B 727,Tenerife Canary,Services Air IslandsDan,0,146,4,April,1980-04-25,146,0,0.0,1.0,146,Boeing,146,1980-04
1965,Qtr 2,April,14,Channel,Douglas C 47BG,Jersey Channel,UKBritish United Airways Islands,0,27,4,April,1965-04-14,26,1,3.7037037037037033,0.9629629629629629,26,Douglas,26,1965-04
2007,Qtr 2,April,27,Chechnya,Mi 8?,Shatoi Chechnya,Russian - Military,0,18,4,April,2007-04-27,18,0,0.0,1.0,18,Mil,18,2007-04
1954,Qtr 2,April,13,Chile,Douglas DC 3956,Batuco Chile,LAN,0,14,4,April,1954-04-13,14,0,0.0,1.0,14,Douglas,14,1954-04
1961,Qtr 2,April,3,Chile,Douglas DC 3CC,Llico Chile,LAN,0,24,4,April,1961-04-03,24,0,0.0,1.0,24,Douglas,24,1961-04
1968,Qtr 2,April,8,Chile,Douglas DC 3CC,Near Coyhaique Chile,Ladeco,0,36,4,April,1968-04-08,36,0,0.0,1.0,36,Douglas,36,1968-04
2019,Qtr 2,April,16,Chile,Pilatus Britten Norman BN,Puerto Montt Chile,Aereos Service Archipelagos,0,6,4,April,2019-04-16,6,0,0.0,1.0,6,Pilatus,6,2019-04
1945,Qtr 2,April,9,China,Douglas C 4788,Kunming China,Corporation Aviation National China,0,3,4,April,1945-04-09,3,0,0.0,1.0,3,Douglas,3,1945-04
1999,Qtr 2,April,15,China,McDonnell Douglas MD 11HL,Shanghi China,Air Korean,0,3,4,April,1999-04-15,3,0,0.0,1.0,3,McDonnell Douglas,3,1999-04
1934,Qtr 2,April,10,China,Sikorsky S 38BBNV17V,Ningpo Bay China,Corporation Aviation National China,0,3,4,April,1934-04-10,3,0,0.0,1.0,3,Sikorsky,3,1934-04
1946,Qtr 2,April,8,China?,??,Near Shensi China?,Unknown Operator,0,14,4,April,1946-04-08,14,0,0.0,1.0,14,??,14,1946-04
1922,Qtr 2,April,8,China?,??,Pao Ting Fou China?,Unknown Operator,0,17,4,April,1922-04-08,17,0,0.0,1.0,17,??,17,1922-04
1989,Qtr 2,April,26,Colombia,Aérospatiale SE 210 CaravelleHK,Baranquilla Colombia,Colombia Aerosucre,0,5,4,April,1989-04-26,5,0,0.0,1.0,5,Aérospatiale,5,1989-04
2002,Qtr 2,April,19,Colombia,Antonov AN 32AHK,Popayán Colombia,Colombia SELVA,0,8,4,April,2002-04-19,3,5,62.5,0.375,3,Antonov,3,2002-04
2012,Qtr 2,April,30,Colombia,Bell 212FAC 4020,Sabanagrande Colombia,Colombiana Aerea -Fuerza Military,0,13,4,April,2012-04-30,13,0,0.0,1.0,13,Bell 212FAC,13,2012-04
1998,Qtr 2,April,20,Colombia,Boeing B 727,Near Bogota Colombia,France Air,0,53,4,April,1998-04-20,53,0,0.0,1.0,53,Boeing,53,1998-04
1960,Qtr 2,April,19,Colombia,Curtiss C 46HK,Bogota Colombia,Colombiano Aereo Lloyd,0,51,4,April,1960-04-19,37,14,27.450980392156865,0.7254901960784313,37,Curtiss,37,1960-04
1999,Qtr 2,April,8,Colombia,de Havilland Canada DHC 6 Twin Otter 300HK,Near Malaga Colombia,Aerotaca,0,5,4,April,1999-04-08,5,0,0.0,1.0,5,de Havilland Canada,5,1999-04
1986,Qtr 2,April,27,Colombia,de Havilland Canada DHC 6 Twin Otter 300HK,Near Saravena Colombia,Colombia ACES,0,13,4,April,1986-04-27,13,0,0.0,1.0,13,de Havilland Canada,13,1986-04
1978,Qtr 2,April,29,Colombia,Douglas C 118AHK,Bogota Colombia,Colombia LAC,0,12,4,April,1978-04-29,8,4,33.33333333333333,0.6666666666666666,8,Douglas,8,1978-04
1950,Qtr 2,April,15,Colombia,Douglas C 47 (DC,Santa Ana Colombia,Nacionales Aéreas Lineas,0,4,4,April,1950-04-15,2,2,50.0,0.5,2,Douglas,2,1950-04
1962,Qtr 2,April,22,Colombia,Douglas C 47A,Serrania del Baudo Colombia,AVISPA,0,40,4,April,1962-04-22,40,0,0.0,1.0,40,Douglas,40,1962-04
1962,Qtr 2,April,6,Colombia,Douglas C 47FAC,Near Villavicencio Colombia,Force Air Colombian - Military,0,31,4,April,1962-04-06,31,0,0.0,1.0,31,Douglas,31,1962-04
1977,Qtr 2,April,10,Colombia,Douglas DC 3,SW of Bogota Colombia,Venado El,0,35,4,April,1977-04-10,35,0,0.0,1.0,35,Douglas,35,1977-04
1976,Qtr 2,April,2,Colombia,Douglas DC 3FAC,Near Puerto Asis Colombia,Satena,0,16,4,April,1976-04-02,5,11,68.75,0.3125,5,Douglas,5,1976-04
1951,Qtr 2,April,2,Colombia,Douglas DC 3HK,Bogota Colombia,Avianca,0,26,4,April,1951-04-02,26,0,0.0,1.0,26,Douglas,26,1951-04
1967,Qtr 2,April,26,Colombia,Douglas DC 3HK,Near Sogamosa Colombia,Avianca,0,18,4,April,1967-04-26,17,1,5.555555555555555,0.9444444444444444,17,Douglas,17,1967-04
1989,Qtr 2,April,19,Colombia,Pilatus PC 6 Turbo PorterFAC,Near Cucuta Colombia,Satena,0,11,4,April,1989-04-19,11,0,0.0,1.0,11,Pilatus,11,1989-04
1981,Qtr 2,April,17,Colorado,Hadley Page 137Jetstream I / Cessna 206N11360 / N4862F,Loveland Colorado,Private / US Air,0,19,4,April,1981-04-17,15,4,21.052631578947366,0.7894736842105263,15,Hadley Page 137Jetstream I / Cessna 206N11360 /,15,1981-04
2011,Qtr 2,April,4,Congo,Canadair CL 600 CRJ,Kinshasa Congo,Nations United,0,33,4,April,2011-04-04,32,1,3.0303030303030303,0.9696969696969697,32,Canadair,32,2011-04
2008,Qtr 2,April,15,Congo,McDonnell Douglas DC 9,Goma Congo,Airways Bora Hewa,37,94,4,April,2008-04-15,3,91,96.80851063829788,0.031914893617021274,40,McDonnell Douglas,40,2008-04
1996,Qtr 2,April,3,Croatia,Boeing B 737,Near Dubrovnik Croatia,Force Air U.S. - Military,0,35,4,April,1996-04-03,35,0,0.0,1.0,35,Boeing,35,1996-04
1988,Qtr 2,April,5,Cyprus,Boeing B 747,Combi Cyprus,Airways Kuwait,0,112,4,April,1988-04-05,2,110,98.21428571428571,0.017857142857142856,2,Boeing,2,1988-04
1967,Qtr 2,April,20,Cyprus,Bristol Britannia 175HB ITB,Near Nicosia Cyprus,Air Globe,0,130,4,April,1967-04-20,126,4,3.076923076923077,0.9692307692307692,126,Bristol Britannia,126,1967-04
2009,Qtr 2,April,29,Democratic,Boeing B 737,Massamba Democratic,Air CongoBako of Republic,0,7,4,April,2009-04-29,7,0,0.0,1.0,7,Boeing,7,2009-04
1997,Qtr 2,April,14,Democratic,Fokker F 27 Friendship 600D2,Brazzaville Democratic,Airlines Angola CongoTAAG Republic,0,7,4,April,1997-04-14,3,4,57.14285714285714,0.42857142857142855,3,Fokker,3,1997-04
1969,Qtr 2,April,21,East,Fokker F 27 Friendship 100VT,Khulna East,Airlines PakistanIndian,0,44,4,April,1969-04-21,44,0,0.0,1.0,44,Fokker,44,1969-04
1994,Qtr 2,April,6,Ecuador,de Havilland Canada DHC 6 Twin Otter 300FAE450,Ambato Ecuador,TAME,0,17,4,April,1994-04-06,17,0,0.0,1.0,17,de Havilland Canada,17,1994-04
1958,Qtr 2,April,7,Ecuador,Douglas DC 3HC,Mt. Illiniza Ecuador,AREA,0,32,4,April,1958-04-07,32,0,0.0,1.0,32,Douglas,32,1958-04
1958,Qtr 2,April,2,Ecuador,Junkers JU 52/3mHC,Quito Ecuador,Orientales Aereos Transportes,0,14,4,April,1958-04-02,3,11,78.57142857142857,0.21428571428571427,3,Junkers,3,1958-04
1983,Qtr 2,April,29,Ecuador,Sud Aviation SE 210 Caravelle VIRHC,Guayaquil Ecuador,Ecuador SAN,0,100,4,April,1983-04-29,8,92,92.0,0.08,8,Sud Aviation,8,1983-04
1979,Qtr 2,April,23,Ecuador,Vickers Viscount 785DHC AVP,Near Cuenca Ecuador,SAETA,0,57,4,April,1979-04-23,57,0,0.0,1.0,57,Vickers Viscount,57,1979-04
1956,Qtr 2,April,30,England,Avro 685 York C 1G,London England,Airlines Scottish,0,54,4,April,1956-04-30,2,52,96.29629629629629,0.037037037037037035,2,Avro 685 York,2,1956-04
1990,Qtr 2,April,30,England,Avro Shackleton AEW 2WR965,Tarbert England,Force Air Royal - Military,0,10,4,April,1990-04-30,10,0,0.0,1.0,10,Avro Shackleton,10,1990-04
1950,Qtr 2,April,13,England,Vickers 610 Viking 1BG AIVL,Near Hastings England,Airways European British,0,32,4,April,1950-04-13,0,32,100.0,0.0,0,Vickers 610 Viking,0,1950-04
2008,Qtr 2,April,16,Equatorial,Antonov An 32B3C,Off Annobon Island Equatorial,Guinea Equatorial of Government - GuineaMilitary,0,13,4,April,2008-04-16,13,0,0.0,1.0,13,Antonov,13,2008-04
1977,Qtr 2,April,19,Estonia,Antonov AN 24?,Tapa AFB Estonia,Force Air Soviet - Military,0,21,4,April,1977-04-19,21,0,0.0,1.0,21,Antonov,21,1977-04
1972,Qtr 2,April,18,Ethiopia,BAC Super VC 10 11545X,Addis Ababa Ethiopia,Airways African East,0,107,4,April,1972-04-18,43,64,59.813084112149525,0.40186915887850466,43,BAC Super,43,1972-04
2014,Qtr 2,April,20,Finland,Aerocomp Comp Air 8OH XDZ,Jamijarvi Finland,Urheiluilmailijat Suomen,0,8,4,April,2014-04-20,8,0,0.0,1.0,8,Aerocomp Comp Air,8,2014-04
1983,Qtr 2,April,30,Florida,Convair CV 340141010,Jacksonville Florida,Navy States United - Military,0,15,4,April,1983-04-30,15,0,0.0,1.0,15,Convair,15,1983-04
1955,Qtr 2,April,2,Florida,Curtiss C 46AN51424,Off Pensacola Florida,Airlines Aaxico,0,2,4,April,1955-04-02,2,0,0.0,1.0,2,Curtiss,2,1955-04
1951,Qtr 2,April,25,Florida,Douglas DC 4 /Beechcraft SMB,Key West Florida,Navy US - Military / Aviacion de Cubana,0,43,4,April,1951-04-25,43,0,0.0,1.0,43,Douglas,43,1951-04
2000,Qtr 2,April,5,Florida,Learjet 35AN86BE,Marianna Florida,Bankair,0,3,4,April,2000-04-05,3,0,0.0,1.0,3,Learjet,3,2000-04
1922,Qtr 2,April,7,France,de Havilland DH 18 / Farman F,Grandvilliers France,Aeriens Express Grands / Airways Daimler,0,7,4,April,1922-04-07,7,0,0.0,1.0,7,De Havilland,7,1922-04
1989,Qtr 2,April,10,France,Fairchild FH 227BF,Col de Tourniol France,EAS Service Aero Europe,0,22,4,April,1989-04-10,22,0,0.0,1.0,22,Fairchild,22,1989-04
1935,Qtr 2,April,1,France,Farman F 300F,Beauvais France,France Air,0,3,4,April,1935-04-01,1,2,66.66666666666666,0.3333333333333333,1,Farman,1,1935-04
1936,Qtr 2,April,21,France,Fokker F VIIOO,Senlis France,Sabena,0,2,4,April,1936-04-21,2,0,0.0,1.0,2,Fokker,2,1936-04
1991,Qtr 2,April,19,French,Dornier Do 228,Off Nuka Hiva French,Tahiti PolynesiaAir,0,22,4,April,1991-04-19,11,11,50.0,0.5,11,Dornier,11,1991-04
1993,Qtr 2,April,27,Gambia,de Havilland Canada DHC 5D BuffaloAF,Off Libreville Gambia,Force Air Zambian - Military,0,30,4,April,1993-04-27,30,0,0.0,1.0,30,de Havilland Canada,30,1993-04
1997,Qtr 2,April,4,Georgia,Aviation Traders ATL 98 CarvairN83FA,Griffin Georgia,Service Air Custom,0,2,4,April,1997-04-04,2,0,0.0,1.0,2,Aviation Traders,2,1997-04
1947,Qtr 2,April,22,Georgia,Douglas DC 3 (C,Columbus Georgia,Lines Air Delta,0,10,4,April,1947-04-22,10,0,0.0,1.0,10,Douglas,10,1947-04
1991,Qtr 2,April,5,Georgia,Embraer 120RT BrasiliaN270AS,Brunswick Georgia,Airlines Southeast Atlantic,0,23,4,April,1991-04-05,23,0,0.0,1.0,23,Embraer,23,1991-04
1977,Qtr 2,April,4,Georgia,McDonnell Douglas DC 9,New Hope Georgia,Airways Southern,8,85,4,April,1977-04-04,62,23,27.058823529411764,0.7294117647058823,70,McDonnell Douglas,70,1977-04
1945,Qtr 2,April,21,Germany,Focke Wulf FW 200D,Near Piesenkofen Germany,Lufthansa Deutsche,0,21,4,April,1945-04-21,21,0,0.0,1.0,21,Focke,21,1945-04
1935,Qtr 2,April,6,Germany,Fokker F 12PH,Brilon Germany,Airlines Dutch Royal KLM,0,7,4,April,1935-04-06,7,0,0.0,1.0,7,Fokker,7,1935-04
1927,Qtr 2,April,22,Germany,Fokker FG IIID 729,Floh Germany,Lufthansa Deutsche,0,2,4,April,1927-04-22,2,0,0.0,1.0,2,Fokker,2,1927-04
1933,Qtr 2,April,3,Germany,Junkers F 13D,Hemkenrode Germany,Lufthansa Deutsche,0,2,4,April,1933-04-03,1,1,50.0,0.5,1,Junkers,1,1933-04
1945,Qtr 2,April,20,Germany,Junkers JU 53/3mD,Near Steinreich Germany,Lufthansa,0,20,4,April,1945-04-20,18,2,10.0,0.9,18,Junkers,18,1945-04
1933,Qtr 2,April,29,Germany,Junkers W 34D,Traunstein Germany,Eurasia,0,4,4,April,1933-04-29,4,0,0.0,1.0,4,Junkers,4,1933-04
1931,Qtr 2,April,14,Germany,Messerschmitt M 20D,Near Letschen Germany,Lufthansa Deutsche,0,10,4,April,1931-04-14,2,8,80.0,0.2,2,Messerschmitt,2,1931-04
1948,Qtr 2,April,5,Germany,Vickers Viking 1B & Soviet YAK 3 fighterG,Near Berlin Germany,Force Air Soviet - Military / Airways European British,0,14,4,April,1948-04-05,14,0,0.0,1.0,14,Vickers Viking 1B & Soviet,14,1948-04
1969,Qtr 2,April,24,Ghana,Douglas DC 39G,Near Takoradi Ghana,Airways Ghana,0,33,4,April,1969-04-24,1,32,96.96969696969697,0.030303030303030304,1,Douglas,1,1969-04
1986,Qtr 2,April,2,Greece,Boeing B 727N54340,Near Athens Greece,Airlines World Trans,0,121,4,April,1986-04-02,4,117,96.69421487603306,0.03305785123966942,4,Boeing,4,1986-04
1985,Qtr 2,April,20,Greenland,Fokker F 27 Friendship 100YN,Kulusuk Greenland,Aeronica,0,5,4,April,1985-04-20,2,3,60.0,0.4,2,Fokker,2,1985-04
1982,Qtr 2,April,26,Guangxi,Hawker Siddeley Trident 2EB 266,Near Yangshuo Guangxi,China CAAC,0,112,4,April,1982-04-26,112,0,0.0,1.0,112,Hawker Siddeley Trident,112,1982-04
1977,Qtr 2,April,27,Guatemala,Convair CV 440TG,Guatemala City Guatemala,Aviateca,0,28,4,April,1977-04-27,28,0,0.0,1.0,28,Convair,28,1977-04
2007,Qtr 2,April,25,Guyana,Pilatus Britten Norman BN 2A,Near Kopinang Guyana,Services Air,0,5,4,April,2007-04-25,3,2,40.0,0.6,3,Pilatus Britten Norman,3,2007-04
1992,Qtr 2,April,22,Hawaii,Beechcraft E18SN342E,Mt. Haleakala Hawaii,Tours Air Scenic,0,9,4,April,1992-04-22,9,0,0.0,1.0,9,Beechcraft,9,1992-04
1988,Qtr 2,April,28,Hawaii,Boeing B 737,Maui Hawaii,Airlines Aloha,0,95,4,April,1988-04-28,1,94,98.94736842105263,0.010526315789473684,1,Boeing,1,1988-04
1997,Qtr 2,April,1,Honduras,Lockheed C 130H Hercules88,Tegucigalpa Honduras,Force Air U.S. - Military,0,10,4,April,1997-04-01,3,7,70.0,0.3,3,Lockheed,3,1997-04
1961,Qtr 2,April,18,Hong,C 47(DC,Mount Parker Hong,Force Air US - KongMilitary,0,15,4,April,1961-04-18,14,1,6.666666666666667,0.9333333333333333,14,C,14,1961-04
1951,Qtr 2,April,9,Hong,Douglas DC 3HS,Cape d'Arguilar Hong,Airways KongSiamese,0,16,4,April,1951-04-09,16,0,0.0,1.0,16,Douglas,16,1951-04
1927,Qtr 2,April,15,Idaho,Swallow Swallow?,King Hill Idaho,Lines Air Varney,0,1,4,April,1927-04-15,1,0,0.0,1.0,1,Swallow Swallow?,1,1927-04
1993,Qtr 2,April,26,India,Boeing B 737,Aurangabad India,Airlines Indian,0,118,4,April,1993-04-26,55,63,53.38983050847458,0.4661016949152542,55,Boeing,55,1993-04
1954,Qtr 2,April,30,India,Douglas C 47A,Near Calcutta India,Aviation Darbhanga,0,11,4,April,1954-04-30,5,6,54.54545454545454,0.45454545454545453,5,Douglas,5,1954-04
1952,Qtr 2,April,10,India,Douglas C 47AVT,Agartala India,Airlines Kalinga,0,4,4,April,1952-04-10,4,0,0.0,1.0,4,Douglas,4,1952-04
1950,Qtr 2,April,5,India,Douglas C 47AVT,Hatiara India,Airways Deccan,0,3,4,April,1950-04-05,3,0,0.0,1.0,3,Douglas,3,1950-04
1953,Qtr 2,April,14,India,Douglas C 47AVT,Near Guwahati India,Airways,0,3,4,April,1953-04-14,3,0,0.0,1.0,3,Douglas,3,1953-04
2011,Qtr 2,April,19,India Pawan,Mil Mi 172 VT,Tawang India Pawan,Ltd. Helicopters Hans,0,23,4,April,2011-04-19,18,5,21.73913043478261,0.782608695652174,18,Mil,18,2011-04
1951,Qtr 2,April,28,Indiana,Douglas DC 3N16088,Fort Wayne Indiana,Lines Air United,0,11,4,April,1951-04-28,11,0,0.0,1.0,11,Douglas,11,1951-04
1927,Qtr 2,April,22,Indiana,Douglas M 4626,Goshen Indiana,Service Mail Aerial US,0,1,4,April,1927-04-22,1,0,0.0,1.0,1,Douglas,1,1927-04
1932,Qtr 2,April,21,Indiana,Stearman C 3MBNC6412,Fort Wayne Indiana,Airlines Transamerica,0,1,4,April,1932-04-21,1,0,0.0,1.0,1,Stearman,1,1932-04
2013,Qtr 2,April,13,Indonesia,Boeing B 737,Denpasar Indonesia,Air Lion,0,108,4,April,2013-04-13,0,108,100.0,0.0,0,Boeing,0,2013-04
1997,Qtr 2,April,19,Indonesia,British Aerospace ATPPK MTX,Tanjung Pandan Indonesia,Airlines Nusantara Merpati,0,53,4,April,1997-04-19,15,38,71.69811320754717,0.2830188679245283,15,British Aerospace,15,1997-04
2009,Qtr 2,April,9,Indonesia,British Aerospace BAe 146,Near Wamena Indonesia,Mandiri Aviastar,0,6,4,April,2009-04-09,6,0,0.0,1.0,6,British Aerospace,6,2009-04
1994,Qtr 2,April,25,Indonesia,Britten Norman BN 2A,Nanga Pinoh Indonesia,Services Air Dirgantara,0,11,4,April,1994-04-25,11,0,0.0,1.0,11,Britten Norman,11,1994-04
2005,Qtr 2,April,12,Indonesia,de Havilland Canada DHC 6 Twin Otter 100PK,Enarotali Indonesia,Air GT,0,18,4,April,2005-04-12,18,0,0.0,1.0,18,de Havilland Canada,18,2005-04
1981,Qtr 2,April,28,Indonesia,Douglas C 47A,Pekanbaru Indonesia,Indonesia Airfast - Private,0,17,4,April,1981-04-28,15,2,11.76470588235294,0.8823529411764706,15,Douglas,15,1981-04
2009,Qtr 2,April,6,Indonesia,Fokker F 27 Friendship 400MA,Bandung Indonesia,Force Air Indonesian - Military,0,24,4,April,2009-04-06,24,0,0.0,1.0,24,Fokker,24,2009-04
1987,Qtr 2,April,4,Indonesia,McDonnell Douglas DC 9,Medan-Polonia Indonesia,Airlines Indonesia Garuda,0,45,4,April,1987-04-04,27,18,40.0,0.6,27,McDonnell Douglas,27,1987-04
1993,Qtr 2,April,19,Iowa,Mitsubishi MU 2B,Zwingle Iowa,Private,0,8,4,April,1993-04-19,8,0,0.0,1.0,8,Mitsubishi,8,1993-04
2005,Qtr 2,April,20,Iran,Boeing B 707,Tehran Iran,Services Airline Saha,0,169,4,April,2005-04-20,3,166,98.22485207100591,0.01775147928994083,3,Boeing,3,2005-04
1992,Qtr 2,April,26,Iran,Fokker F 27 Friendship 400M5,Saveh Iran,Services Airline Saha,0,39,4,April,1992-04-26,39,0,0.0,1.0,39,Fokker,39,1992-04
1967,Qtr 2,April,17,Iran,Lockheed C 130B5,Near Mamuniyeh Iran,Force Air Iranian Imperial - Military,0,23,4,April,1967-04-17,23,0,0.0,1.0,23,Lockheed,23,1967-04
1980,Qtr 2,April,24,Iran,Lockheed EC 130E Hercules62,Posht-i-Badam Iran,Force Air U.S. - Military,0,7,4,April,1980-04-24,5,2,28.57142857142857,0.7142857142857143,5,Lockheed,5,1980-04
1957,Qtr 2,April,20,Iraq,Lockheed Super ConstellationF BGNE,Jirkouk Iraq,France Air,0,0,4,April,1957-04-20,1,-1,-inf,Unknown,1,Lockheed Super,1,1957-04
2005,Qtr 2,April,21,Iraq,Mil Mi 8?,Near Baghdad Iraq,Bulgarian - Military,0,11,4,April,2005-04-21,11,0,0.0,1.0,11,Mil,11,2005-04
1948,Qtr 2,April,15,Ireland,Lockheed L 049,Shannon Ireland,Airways World American Pan,0,31,4,April,1948-04-15,30,1,3.225806451612903,0.967741935483871,30,Lockheed,30,1948-04
1945,Qtr 2,April,23,Isle,B17G Flying Fortress43 38856,North Barrule Isle,England Man of Military - U.S. Air Force,0,31,4,April,1945-04-23,31,0,0.0,1.0,31,B17G Flying,31,1945-04
1954,Qtr 2,April,8,Italy,de Havilland DH106 Comet 1G ALYY,Off Stromboli Italy,leased from British Overseas Airways Airways African South,0,21,4,April,1954-04-08,21,0,0.0,1.0,21,de Havilland DH106 Comet,21,1954-04
1970,Qtr 2,April,25,Italy,Fairchild C 119GMM52,Rivolto Italy,Force Air Italian - Military,0,19,4,April,1970-04-25,17,2,10.526315789473683,0.8947368421052632,17,Fairchild,17,1970-04
1972,Qtr 2,April,16,Italy,Fokker F 27 Friendship 200I,Near Ardinello di Amaseno Italy,Italiani Transporti Aero,0,18,4,April,1972-04-16,18,0,0.0,1.0,18,Fokker,18,1972-04
1938,Qtr 2,April,30,Italy,Junkers JU 52I,Near Formia Italy,Littoria Ala,0,19,4,April,1938-04-30,19,0,0.0,1.0,19,Junkers,19,1938-04
1936,Qtr 2,April,15,Italy,OFM F VIIb/3mI,Near Turin Italy,Italiane Linee Avio,0,7,4,April,1936-04-15,7,0,0.0,1.0,7,OFM,7,1936-04
1953,Qtr 2,April,10,Jamaica,Lockheed 18 56 LodeStarVP,Off Kingston Jamaica,Airways International Caribbean,0,13,4,April,1953-04-10,13,0,0.0,1.0,13,Lockheed,13,1953-04
1950,Qtr 2,April,21,Japan,Douglas C 54D42,Near Atsugi Japan,Force Air U.S. - Military,0,35,4,April,1950-04-21,35,0,0.0,1.0,35,Douglas,35,1950-04
1983,Qtr 2,April,19,Japan,Kawasaki C 1 / Kawasaki C,Near Toba Japan,Force Self-Defence Air Japan,0,14,4,April,1983-04-19,14,0,0.0,1.0,14,Kawasaki,14,1983-04
1952,Qtr 2,April,9,Japan,Martin 202N93043,Mihara Volcano Japan,Lines Air Japan,0,37,4,April,1952-04-09,37,0,0.0,1.0,37,Martin,37,1952-04
1983,Qtr 2,April,26,Japan,Shin Meiwa PS 15801,Iwakuni AB Japan,Force Defense Self Maritime Japan - Military,0,14,4,April,1983-04-26,11,3,21.428571428571427,0.7857142857142857,11,Shin Meiwa,11,1983-04
1957,Qtr 2,April,17,Jordan,Vickers Valetta C Mk.1VW832,Near El Quweira Jordan,Force Air -Royal Military,0,24,4,April,1957-04-17,24,0,0.0,1.0,24,Vickers Valetta,24,1957-04
1987,Qtr 2,April,13,Kansas,Boeing 707 351CN144SP,Kansas City Kansas,Express Air Burlington,0,4,4,April,1987-04-13,4,0,0.0,1.0,4,Boeing,4,1987-04
1992,Qtr 2,April,14,Kenya,de Havilland DHC 5 Buffalo218,Nairobi Kenya,Force Air Kenyan - Military,6,46,4,April,1992-04-14,46,0,0.0,1.0,52,De Havilland,52,1992-04
2006,Qtr 2,April,10,Kenya,Harbin Yunshuji Y 12,Marsabit Kenya,Force Air Kenya - Military,0,17,4,April,2006-04-10,14,3,17.647058823529413,0.8235294117647058,14,Harbin Yunshuji,14,2006-04
1954,Qtr 2,April,13,Laos,Lockheed 18 LodestarF OALK,Xieng Kouang Laos,Raviteillement de Indochinoise Societe,0,23,4,April,1954-04-13,16,7,30.434782608695656,0.6956521739130435,16,Lockheed 18,16,1954-04
1972,Qtr 2,April,24,Laos,Pilatus PC6CH2N391R,Nyot Mo Laos,America Air,0,10,4,April,1972-04-24,4,6,60.0,0.4,4,Pilatus,4,1972-04
1992,Qtr 2,April,7,Libya,Antonov AN 24RVJ5,Near Sarra Libya,Bissau Air,0,13,4,April,1992-04-07,3,10,76.92307692307693,0.23076923076923078,3,Antonov,3,1992-04
1968,Qtr 2,April,8,London,Boeing B 707,Heathrow Airport London,England British Overseas Airways,0,127,4,April,1968-04-08,5,122,96.06299212598425,0.03937007874015748,5,Boeing,5,1968-04
1953,Qtr 2,April,10,Madagascar,Junkers JU 5/,Miandivazo Madagascar,France Air,0,15,4,April,1953-04-10,4,11,73.33333333333333,0.26666666666666666,4,Junkers,4,1953-04
1946,Qtr 2,April,5,Malta,Vickers Wellington bomberHE 274,Rabat Malta,Navy British Royal - Military,16,4,4,April,1946-04-05,4,0,0.0,1.0,20,Vickers Wellington,20,1946-04
2010,Qtr 2,April,13,Mexico,Airbus A300B4 203FXA,Monterey Mexico,Union Company Freight Airborne,2,5,4,April,2010-04-13,5,0,0.0,1.0,7,Airbus,7,2010-04
2014,Qtr 2,April,19,Mexico,British Aerospace BAe 125 700A HawkerXA,Ramos Arizpe Mexico,Comerciales Aereas Lineas,0,8,4,April,2014-04-19,8,0,0.0,1.0,8,British Aerospace BAe,8,2014-04
1957,Qtr 2,April,15,Mexico,Consolidated B 24JXA,Merida Mexico,Mexicanos Aéreos Transportes,1,3,4,April,1957-04-15,3,0,0.0,1.0,4,Consolidated,4,1957-04
1959,Qtr 2,April,17,Mexico,Curtiss C 46F,Puerto Kino Mexico,Voladores Tigres,0,26,4,April,1959-04-17,26,0,0.0,1.0,26,Curtiss,26,1959-04
1968,Qtr 2,April,10,Mexico,Douglas DC 3XA,Near Mexico City Mexico,Rojas Aerovias,0,18,4,April,1968-04-10,18,0,0.0,1.0,18,Douglas,18,1968-04
1958,Qtr 2,April,6,Michigan,Vickers Viscount 745DN7437,Freeland Michigan,Airlines Capital,0,47,4,April,1958-04-06,47,0,0.0,1.0,47,Vickers Viscount,47,1958-04
2008,Qtr 2,April,11,Moldova,Antonov An 32ST,Chrisinau Moldova,Transportation Kata,0,8,4,April,2008-04-11,8,0,0.0,1.0,8,Antonov,8,2008-04
1993,Qtr 2,April,23,Mongolia,Antonov AN 26BBHMAY,Zavnah Mongolia,Airlines Mongolian - MIAT,0,40,4,April,1993-04-23,32,8,20.0,0.8,32,Antonov,32,1993-04
1970,Qtr 2,April,1,Morocco,Aerospatiale Caravelle 3CN CCV,Casablanca Morocco,Maroc Air Royal,0,82,4,April,1970-04-01,61,21,25.609756097560975,0.7439024390243902,61,Aerospatiale Caravelle,61,1970-04
1939,Qtr 2,April,3,Morocco,Caudron C.635 SimounF AOOT,Near Marrakech Morocco,France Air,0,9,4,April,1939-04-03,9,0,0.0,1.0,9,Caudron C.635,9,1939-04
1976,Qtr 2,April,23,Gulf of MexicoPetroleum Helicopter,Bell 205 A 1 helicopterN8167J,Gulf of MexicoPetroleum Helicopter,Unknown Operator,0,12,4,April,1976-04-23,12,0,0.0,1.0,12,Bell 205,12,1976-04
1962,Qtr 2,April,19,U.S. Air Force,Douglas C 47?,Near Hong KongMilitary - U.S. Air Force,Unknown Operator,0,16,4,April,1962-04-19,15,1,6.25,0.9375,15,Douglas,15,1962-04
1924,Qtr 2,April,24,Over the English ChannelKLM Royal Dutch Airlines,Fokker F.IIIH NABS,Over the English ChannelKLM Royal Dutch Airlines,Unknown Operator,0,3,4,April,1924-04-24,3,0,0.0,1.0,3,Fokker,3,1924-04
1948,Qtr 2,April,24,Near Irkutsk RussiaAeroflot,Lisnov Li 2CCCP,Near Irkutsk RussiaAeroflot,Unknown Operator,0,29,4,April,1948-04-24,28,1,3.4482758620689653,0.9655172413793104,28,Lisnov,28,1948-04
1943,Qtr 2,April,4,North SeaBritish Overseas Airways,Lockheed C 56B LodestarG,North SeaBritish Overseas Airways,Unknown Operator,0,7,4,April,1943-04-04,7,0,0.0,1.0,7,Lockheed,7,1943-04
1945,Qtr 2,April,27,Washington D.C.Page Airways,Lockheed 18 LodestarNC33328,Washington D.C.Page Airways,Unknown Operator,0,13,4,April,1945-04-27,6,7,53.84615384615385,0.46153846153846156,6,Lockheed 18,6,1945-04
1948,Qtr 2,April,18,Territory of New GuineaNew Guinea Air Traders,Lockheed Hudson IIIAVH ALA,Territory of New GuineaNew Guinea Air Traders,Unknown Operator,0,37,4,April,1948-04-18,37,0,0.0,1.0,37,Lockheed Hudson,37,1948-04
1982,Qtr 2,April,30,Gulf of ThailandOkanagan Helicopters,Sikorsky S 76C,Gulf of ThailandOkanagan Helicopters,Unknown Operator,0,13,4,April,1982-04-30,13,0,0.0,1.0,13,Sikorsky,13,1982-04
1994,Qtr 2,April,14,Military U.S. Army,Sikorsky UH 60 / Sikorsky UH,Northern IraqMilitary - U.S. Army / Military U.S. Army,Unknown Operator,0,26,4,April,1994-04-14,26,0,0.0,1.0,26,Sikorsky,26,1994-04
1918,Qtr 2,April,7,German Navy,Zeppelin L 59 (airship)?,Over the MediterraneanMilitary - German Navy,Unknown Operator,0,23,4,April,1918-04-07,23,0,0.0,1.0,23,Zeppelin,23,1918-04
1951,Qtr 2,April,6,near,Douglas DC 3N63439,Refugio Pass near,California Barbara Santa Southwest Airways,0,22,4,April,1951-04-06,22,0,0.0,1.0,22,Douglas,22,1951-04
1994,Qtr 2,April,4,Netherlands,Saab 340BPH KSH,Amsterdam Netherlands,Cityhopper KLM,0,24,4,April,1994-04-04,3,21,87.5,0.125,3,Saab,3,1994-04
1994,Qtr 2,April,3,Nevada,Bell 206B3N27736,Lamoille Nevada,Inc. Services Aero El - Taxi Air,0,5,4,April,1994-04-03,5,0,0.0,1.0,5,Bell,5,1994-04
1971,Qtr 2,April,22,New,Beechcraft C35N144H,Manchester New,Aviaiton England HampshireNew,0,4,4,April,1971-04-22,4,0,0.0,1.0,4,Beechcraft,4,1971-04
1972,Qtr 2,April,17,New,Bell 47J 2N8467E,New York New,Helicopter YorkHelaire,0,3,4,April,1972-04-17,3,0,0.0,1.0,3,Bell,3,1972-04
1985,Qtr 2,April,16,New,Boeing B 727,Las Cruces New,Airlines MexicoAmerican,0,89,4,April,1985-04-16,0,89,100.0,0.0,0,Boeing,0,1985-04
1952,Qtr 2,April,5,New,Curtiss C 46F,New York New,Airlines YorkUS,3,2,4,April,1952-04-05,2,0,0.0,1.0,5,Curtiss,5,1952-04
1920,Qtr 2,April,11,New,Curtiss JN 4H44,Heller Field New,Service Mail Aerial JerseyUS,0,2,4,April,1920-04-11,1,1,50.0,0.5,1,Curtiss,1,1920-04
1920,Qtr 2,April,10,New,Curtiss R 4LM49,Newark New,Service Mail Aerial JerseyUS,0,2,4,April,1920-04-10,1,1,50.0,0.5,1,Curtiss,1,1920-04
1955,Qtr 2,April,4,New,Douglas DC 6N37512,Islip New,Lines Air YorkUnited,0,3,4,April,1955-04-04,3,0,0.0,1.0,3,Douglas,3,1955-04
1930,Qtr 2,April,18,New,Fairchild 71NC9148,Jersey City New,Airways Colonial JerseyCanadian,0,4,4,April,1930-04-18,4,0,0.0,1.0,4,Fairchild,4,1930-04
1933,Qtr 2,April,4,New,Goodyear Zeppelin U.S.S. Akron (airship)ZRS,Off Barnegat New,Navy U.S. - JerseyMilitary,0,76,4,April,1933-04-04,73,3,3.9473684210526314,0.9605263157894737,73,Goodyear,73,1933-04
1986,Qtr 2,April,2,New,Lockheed HC 130P Hercules66,Near Magdalena New,Force Air U.S. - MexicoMilitary,0,11,4,April,1986-04-02,11,0,0.0,1.0,11,Lockheed,11,1986-04
1943,Qtr 2,April,22,New,Short S 23VH,Off Port Moresby New,GuineaQantas,0,31,4,April,1943-04-22,13,18,58.06451612903226,0.41935483870967744,13,Short,13,1943-04
1979,Qtr 2,April,18,New,Sikorsky S61 LN618PA,Newark New,Airways York JerseyNew,0,18,4,April,1979-04-18,3,15,83.33333333333334,0.16666666666666666,3,Sikorsky,3,1979-04
1936,Qtr 2,April,1,New,Stinson Model ANC15152,Pavillon New,Airlines YorkAmerican,0,2,4,April,1936-04-01,2,0,0.0,1.0,2,Stinson Model,2,1936-04
1960,Qtr 2,April,18,Newfoundland,Douglas C 124C Globemaster52,Stephenville Newfoundland,Force Air U.S. - Military,0,9,4,April,1960-04-18,9,0,0.0,1.0,9,Douglas,9,1960-04
1960,Qtr 2,April,5,Nicaragua,Curtiss C 46A,Siuna Nicaragua,Lanica,0,18,4,April,1960-04-05,2,16,88.88888888888889,0.1111111111111111,2,Curtiss,2,1960-04
1946,Qtr 2,April,22,Nicaragua,Lockheed 14 Super ElectraAN ACC,La Liberiad Nicaragua,TACA,0,21,4,April,1946-04-22,20,1,4.761904761904762,0.9523809523809523,20,Lockheed 14 Super,20,1946-04
1997,Qtr 2,April,16,Niger,Lockheed C 130H Hercules5U,Near Sorei Niger,Force Air Niger - Military,0,14,4,April,1997-04-16,14,0,0.0,1.0,14,Lockheed,14,1997-04
1995,Qtr 2,April,23,Nigeria,de Havilland Canada DHC 6 Twin Otter 3005N,Lagos Nigeria,Helicopters Bristow,0,9,4,April,1995-04-23,1,8,88.88888888888889,0.1111111111111111,1,de Havilland Canada,1,1995-04
1948,Qtr 2,April,10,Nigeria,Douglas DC 4F,Kano Nigeria,France Air,0,6,4,April,1948-04-10,1,5,83.33333333333334,0.16666666666666666,1,Douglas,1,1948-04
1960,Qtr 2,April,20,North,Fairchild F 27 / Cessna 310N2704R/N1807H,Hickory North,Private / Airlines CarolinaPiedmont,0,44,4,April,1960-04-20,4,40,90.9090909090909,0.09090909090909091,4,Fairchild,4,1960-04
1969,Qtr 2,April,15,North,Lockheed EC 121M135749,Off Chongjin North,Navy U.S. - KoreaMilitary,0,31,4,April,1969-04-15,31,0,0.0,1.0,31,Lockheed,31,1969-04
1987,Qtr 2,April,23,North,Swearingen SA 26TC Metro IIN505LB,Wilmington North,Commuter CarolinaAir-Lift,0,2,4,April,1987-04-23,2,0,0.0,1.0,2,Swearingen,2,1987-04
1946,Qtr 2,April,1,Northern,de Hvilland 89A Dragon RapideG AERZ,near Craigavad Northern,Ltd. Services Air IrelandRailway,0,6,4,April,1946-04-01,6,0,0.0,1.0,6,de Hvilland 89A Dragon,6,1946-04
1990,Qtr 2,April,12,Norway,de Havilland Canada DHC 6 Twin Otter 300LN,Off Vaeroy Norway,Flyveselksap Wideroe's,0,5,4,April,1990-04-12,5,0,0.0,1.0,5,de Havilland Canada,5,1990-04
1944,Qtr 2,April,21,Norway,Douglas DC 3D,Frederikstad Norway,Lufthansa Deutsche,0,20,4,April,1944-04-21,9,11,55.00000000000001,0.45,9,Douglas,9,1944-04
1963,Qtr 2,April,14,Norway,Vickers Viscount 759DTF ISU,Oslo Norway,Icelandair,0,12,4,April,1963-04-14,12,0,0.0,1.0,12,Vickers Viscount,12,1963-04
2016,Qtr 2,April,29,Norway CHC,Eurocopter EC225LP Super Puma M2+ LN OJF,Sorta Norway CHC,Service Helikopter,0,13,4,April,2016-04-29,13,0,0.0,1.0,13,Eurocopter EC225LP Super Puma M2+,13,2016-04
1921,Qtr 2,April,21,NYUS,De Havilland DH 4160,Mitchel Field NYUS,Service Mail Aerial,0,1,4,April,1921-04-21,1,0,0.0,1.0,1,De Havilland,1,1921-04
1921,Qtr 2,April,29,Ohio,De Havilland DH 4196,Cleveland Ohio,Service Mail Aerial US,0,1,4,April,1921-04-29,1,0,0.0,1.0,1,De Havilland,1,1921-04
1964,Qtr 2,April,18,Ohio,Fairchild C 119G / Fairchild C,Wilmington Ohio,Force Air US - Military,0,19,4,April,1964-04-18,17,2,10.526315789473683,0.8947368421052632,17,Fairchild,17,1964-04
1981,Qtr 2,April,7,Ohio,Learjet 23N400PG,Cincinnati Ohio,International Freedom,0,2,4,April,1981-04-07,1,1,50.0,0.5,1,Learjet,1,1981-04
1966,Qtr 2,April,22,Oklahoma,Lockheed 188C ElectraN183H,Near Ardmore Oklahoma,Airline Flyers American,0,98,4,April,1966-04-22,83,15,15.306122448979592,0.8469387755102041,83,Lockheed 18,83,1966-04
1990,Qtr 2,April,30,Unknown,Beechcraft C99C FGAW,Ship Sands Island ON,Canada Frontier Air,0,4,4,April,1990-04-30,1,3,75.0,0.25,1,Beechcraft,1,1990-04
2012,Qtr 2,April,20,Pakistan,Boeing 737 236AP,Islamabad Pakistan,Airlines Bhoja,0,127,4,April,2012-04-20,127,0,0.0,1.0,127,Boeing,127,2012-04
1990,Qtr 2,April,18,Panama,de Havilland Canada DHC 6 Twin Otter 200N187AS,Off Contadora Panama,Aeroperlas,0,22,4,April,1990-04-18,20,2,9.090909090909092,0.9090909090909091,20,de Havilland Canada,20,1990-04
2000,Qtr 2,April,29,Papua,Britten Norman BN,Bapi Papua,Aviation Coast GuineaNorth New,0,4,4,April,2000-04-29,4,0,0.0,1.0,4,Britten,4,2000-04
2016,Qtr 2,April,13,Papua,Britten Norman IslanderP2,Kiunga Papua,Aviation GuineaSunbird New,0,12,4,April,2016-04-13,12,0,0.0,1.0,12,Britten,12,2016-04
1992,Qtr 2,April,16,Papua,Embraer 110P1 BandeiranteP2 RDS,Near Goroka Papua,GuineaTalair New,0,15,4,April,1992-04-16,11,4,26.666666666666668,0.7333333333333333,11,Embraer 110P1,11,1992-04
2018,Qtr 2,April,17,Pennsylvania,Boeing 737 7H4N722SW,NW of Philadelphia Pennsylvania,Airlines Southwest,0,149,4,April,2018-04-17,1,148,99.32885906040269,0.006711409395973154,1,Boeing,1,2018-04
1936,Qtr 2,April,7,Pennsylvania,Douglas DC 2,Uniontown Pennsylvania,Air Western and Continental Trans,0,14,4,April,1936-04-07,12,2,14.285714285714285,0.8571428571428571,12,Douglas,12,1936-04
1956,Qtr 2,April,1,Pennsylvania,Martin 404N40403,Pittsburgh Pennsylvania,Airlines World Trans,0,36,4,April,1956-04-01,22,14,38.88888888888889,0.6111111111111112,22,Martin,22,1956-04
1991,Qtr 2,April,4,Pennsylvania,Piper Aerostar 601 / Bell 412SPN3645D / N78S,Marion Pennsylvania,Private,2,5,4,April,1991-04-04,5,0,0.0,1.0,7,Piper Aerostar 601 / Bell 412SPN3645D /,7,1991-04
1972,Qtr 2,April,20,Peru,Douglas C 47DOB,Near Moyobamba Peru,SATCO,0,6,4,April,1972-04-20,6,0,0.0,1.0,6,Douglas,6,1972-04
2005,Qtr 2,April,28,Peru,Let 410UVPEP 830,Pisco Peru,Peru Del Fuerza - Military,0,13,4,April,2005-04-28,13,0,0.0,1.0,13,Let,13,2005-04
1967,Qtr 2,April,2,Peru,Lockheed 18 LodestarN706G,Off Lima Peru,Airlines Caribbean,0,5,4,April,1967-04-02,5,0,0.0,1.0,5,Lockheed 18,5,1967-04
1966,Qtr 2,April,27,Peru,Lockheed 749A ConstellationOB R,Tomas Peru,LANSA,0,49,4,April,1966-04-27,49,0,0.0,1.0,49,Lockheed 749A,49,1966-04
2010,Qtr 2,April,21,Philippines,Antonov An 12BPUP,Pampanga Philippines,Airlines Interisland,0,6,4,April,2010-04-21,3,3,50.0,0.5,3,Antonov,3,2010-04
2000,Qtr 2,April,19,Philippines,Boeing B 737,Samal Island Philippines,Philippines Air,0,131,4,April,2000-04-19,131,0,0.0,1.0,131,Boeing,131,2000-04
1971,Qtr 2,April,15,Philippines,Douglas C 47A293246,Near San Jose Philippines,Force Air Philippine - Military,0,40,4,April,1971-04-15,39,1,2.5,0.975,39,Douglas,39,1971-04
1990,Qtr 2,April,26,Philippines,Douglas DC 3 (C,Near Manila Philippines,System Transport Aero Manila - MATS,0,24,4,April,1990-04-26,7,17,70.83333333333334,0.2916666666666667,7,Douglas,7,1990-04
1967,Qtr 2,April,27,Philippines,Fokker F 27 Friendship 400PK,Malaybalay Philippines,Service Air Pelita,0,21,4,April,1967-04-27,19,2,9.523809523809524,0.9047619047619048,19,Fokker,19,1967-04
1970,Qtr 2,April,21,Philippines,Hawker Siddeley HS 748,Manila Philippines,Lines Air Philippine,0,36,4,April,1970-04-21,36,0,0.0,1.0,36,Hawker Siddeley,36,1970-04
1969,Qtr 2,April,2,Poland,Antonov AN 24VSP,Zawoja Poland,Airlines Polish Lot,0,53,4,April,1969-04-02,53,0,0.0,1.0,53,Antonov,53,1969-04
1952,Qtr 2,April,11,Puerto,Douglas DC 4N88899,North of San Juan Puerto,Airways World American RicoPan,0,69,4,April,1952-04-11,52,17,24.637681159420293,0.7536231884057971,52,Douglas,52,1952-04
1969,Qtr 2,April,7,Quebec,Vickers 757 ViscountCF THK,Sept-Îles Quebec,Canada Air Canada,0,21,4,April,1969-04-07,1,20,95.23809523809523,0.047619047619047616,1,Vickers 757,1,1969-04
1980,Qtr 2,April,14,Russia,Antonov AN 24BCCCP,Krasnoyarsk Russia,Aeroflot,0,53,4,April,1980-04-14,2,51,96.22641509433963,0.03773584905660377,2,Antonov,2,1980-04
1970,Qtr 2,April,1,Russia,Antonov AN 24VCCCP,Novosibirsk Russia,Aeroflot,0,45,4,April,1970-04-01,45,0,0.0,1.0,45,Antonov,45,1970-04
1981,Qtr 2,April,28,Russia,Antonov An 2TP CCCP,Batagay Russia,Aeroflot,0,12,4,April,1981-04-28,12,0,0.0,1.0,12,Antonov,12,1981-04
2012,Qtr 2,April,2,Russia,ATR 72 201VP,Tyumen Russia,UTAir,0,43,4,April,2012-04-02,33,10,23.25581395348837,0.7674418604651163,33,ATR,33,2012-04
1978,Qtr 2,April,20,Russia,Boeing B 707,Near Murmansk Russia,Airlines Korean,0,109,4,April,1978-04-20,2,107,98.1651376146789,0.01834862385321101,2,Boeing,2,1978-04
1963,Qtr 2,April,4,Russia,Ilyushin IL 18 CCCP,Tatarstan Russia,Aeroflot,0,67,4,April,1963-04-04,67,0,0.0,1.0,67,Ilyushin,67,1963-04
1996,Qtr 2,April,5,Russia,Ilyushin IL 76TDRA,Near Petropavlovsk Russia,Avialinii Krasnoyarskie,0,20,4,April,1996-04-05,20,0,0.0,1.0,20,Ilyushin,20,1996-04
1992,Qtr 2,April,4,Russia,Let 410UVPCCCP 67130,Near Baikov Russia,Kamchatavia,0,12,4,April,1992-04-04,1,11,91.66666666666666,0.08333333333333333,1,Let,1,1992-04
1949,Qtr 2,April,29,Russia,Lisunov Li 2SSSR,Near Mironovo Russia,Aeroflot,0,24,4,April,1949-04-29,14,10,41.66666666666667,0.5833333333333334,14,Lisunov,14,1949-04
2002,Qtr 2,April,28,Russia,Mi 8 helicopter?,Near Abakan Russia,Private,0,20,4,April,2002-04-28,8,12,60.0,0.4,8,Mil,8,2002-04
2010,Qtr 2,April,10,Russia,Mi 8?,Near Yelizovo Russia,Airlines Kamchatka,0,18,4,April,2010-04-10,10,8,44.44444444444444,0.5555555555555556,10,Mil,10,2010-04
2010,Qtr 2,April,10,Russia,Tupolev 154M101,Smolensk Russia,Force Air Polish - Military,0,96,4,April,2010-04-10,96,0,0.0,1.0,96,Tupolev,96,2010-04
1983,Qtr 2,April,19,Russia,Yakovlev YAK 40CCCP,Leninakan Russia,Aeroflot,0,21,4,April,1983-04-19,21,0,0.0,1.0,21,Yakovlev,21,1983-04
1994,Qtr 2,April,6,Rwanda,Dassault Falcon 509XR NN,Kigali Rwanda,Government Rwanda,0,12,4,April,1994-04-06,12,0,0.0,1.0,12,Dassault Falcon,12,1994-04
1955,Qtr 2,April,11,Sarawak,Lockheed 749A ConstellationVT DEP,Off Great Natuna Island Sarawak,India Air,0,19,4,April,1955-04-11,19,0,0.0,1.0,19,Lockheed 749A,19,1955-04
1964,Qtr 2,April,17,Saudi,Sud Aviation Caravelle 3OD AEM,Dhahran Saudi,Airlines East ArabiaMiddle,0,49,4,April,1964-04-17,49,0,0.0,1.0,49,Sud Aviation Caravelle,49,1964-04
2009,Qtr 2,April,1,Scotland,Eurocopter AS 332L2 Super Puma 2G REDL,Off Crimond Scotland,Helicopters Offshore Bond,0,16,4,April,2009-04-01,16,0,0.0,1.0,16,Eurocopter AS 332L2 Super Puma,16,2009-04
1940,Qtr 2,April,22,Scotland,Lockheed 14 Super ElectraG AFKD,Near Loch Lomond Scotland,Airways Overseas British,0,5,4,April,1940-04-22,5,0,0.0,1.0,5,Lockheed 14 Super,5,1940-04
1947,Qtr 2,April,13,Senegal,Avro 685 York IG AHEZ,Off Dakar Senegal,Airways American South British,0,15,4,April,1947-04-13,6,9,60.0,0.4,6,Avro 685 York,6,1947-04
1954,Qtr 2,April,8,Unknown,Canadair C 4,Moose Jaw SK,Canada Trans Canada Air Lines / RCAF,1,36,4,April,1954-04-08,36,0,0.0,1.0,37,Canadair,37,1954-04
1964,Qtr 2,April,12,Somalia,Douglas DC 3VR,Hargeisa Somalia,Airways Aden,0,15,4,April,1964-04-12,15,0,0.0,1.0,15,Douglas,15,1964-04
1968,Qtr 2,April,19,South,Bell UH 1H / Bell UH,Near Cheo Reo South,Army U.S. - Military / Army U.S. - VietnamMilitary,0,26,4,April,1968-04-19,26,0,0.0,1.0,26,Bell,26,1968-04
2002,Qtr 2,April,15,South,Boeing B 767,Busan South,China KoreaAir,0,166,4,April,2002-04-15,128,38,22.89156626506024,0.7710843373493976,128,Boeing,128,2002-04
1969,Qtr 2,April,2,South,Boeing Vertol CH47C (helicopter)67 18523,Near Quang Tri South,Army U.S. - VietnamMilitary,0,78,4,April,1969-04-02,24,54,69.23076923076923,0.3076923076923077,24,Boeing Vertol CH47C,24,1969-04
1967,Qtr 2,April,8,South,Curtiss C 46 Commando?,Seoul South,Force Air Korea of Republic - KoreaMilitary,44,15,4,April,1967-04-08,15,0,0.0,1.0,59,Curtiss,59,1967-04
1988,Qtr 2,April,12,South,Douglas DC 3CZS,Near Hennenman South,Airways AfricaUnited,0,24,4,April,1988-04-12,24,0,0.0,1.0,24,Douglas,24,1988-04
1975,Qtr 2,April,4,South,Lockheed C 5A Galaxy68,Saigon South,Force Air U.S. - VietnamMilitary,0,330,4,April,1975-04-04,155,175,53.03030303030303,0.4696969696969697,155,Lockheed,155,1975-04
1968,Qtr 2,April,20,South-West,Boeing B 707,Near Windhoek South-West,Airways African (Namibia)South Africa,0,128,4,April,1968-04-20,123,5,3.90625,0.9609375,123,Boeing,123,1968-04
1925,Qtr 2,April,25,Spain,Breguet 14F AFBB,Alicante Spain,Aeriens Express Grands,0,3,4,April,1925-04-25,3,0,0.0,1.0,3,Breguet,3,1925-04
1958,Qtr 2,April,14,Spain,de Havilland DH 114 Heron 2DEC,Off Castell de Fels Spain,Aviaco,0,16,4,April,1958-04-14,16,0,0.0,1.0,16,De Havilland,16,1958-04
1959,Qtr 2,April,29,Spain,Douglas DC 3EC,Valdemeca Spain,Airlines Iberia,0,28,4,April,1959-04-29,28,0,0.0,1.0,28,Douglas,28,1959-04
1928,Qtr 2,April,19,Spain,Rohrbach RolandM CCCC,Minuesa Spain,Airlines Iberia,0,9,4,April,1928-04-19,9,0,0.0,1.0,9,Rohrbach,9,1928-04
2002,Qtr 2,April,12,Spain,Swearingen SA.227AC Metro IIIEC GKR,Palma de Mallorca Spain,Tadair,0,2,4,April,2002-04-12,2,0,0.0,1.0,2,Swearingen SA.227AC Metro,2,2002-04
1995,Qtr 2,April,29,Sri,Hawker Siddeley HS 748,Near Palaly AFB Sri,Force Air Lanka Sri - LankaMilitary,0,52,4,April,1995-04-29,52,0,0.0,1.0,52,Hawker Siddeley,52,1995-04
2001,Qtr 2,April,4,Sudan,Antonov AN 24?,Adar Yeil Sudan,Force Air Sudan - Military,0,30,4,April,2001-04-04,14,16,53.333333333333336,0.4666666666666667,14,Antonov,14,2001-04
1983,Qtr 2,April,16,Sudan,Hawker Siddeley HS 748,Near Khartoum Sudan,Liberia Air,9,9,4,April,1983-04-16,8,1,11.11111111111111,0.8888888888888888,17,Hawker Siddeley,17,1983-04
2008,Qtr 2,April,3,Suriname,Antonov An 28PZ,Lawa Suriname,Airlines Wing Blue,0,19,4,April,2008-04-03,19,0,0.0,1.0,19,Antonov,19,2008-04
1936,Qtr 2,April,30,Switzerland,General Aviation GA 43HB,Basel Switzerland,Swissair,0,2,4,April,1936-04-30,2,0,0.0,1.0,2,General Aviation,2,1936-04
1936,Qtr 2,April,17,Switzerland,Junkers JU 52D,Orvin Switzerland,Lufthansa Deutsche,0,5,4,April,1936-04-17,3,2,40.0,0.6,3,Junkers,3,1936-04
1965,Qtr 2,April,10,Syria,Handley Page Dart Herald 207JY ACQ,Near Damascus Syria,Airlines Jordanian Royal Alia,0,54,4,April,1965-04-10,54,0,0.0,1.0,54,Handley Page Dart Herald,54,1965-04
1992,Qtr 2,April,10,Taiwan,Britten Norman BN 2A,Off Orchid Island Taiwan,Airlines Taiwan,0,10,4,April,1992-04-10,7,3,30.0,0.7,7,Britten Norman,7,1992-04
1996,Qtr 2,April,5,Taiwan,Dornier 228 212B,Off Matsu Island Taiwan,Airlines Formosa,0,17,4,April,1996-04-05,6,11,64.70588235294117,0.35294117647058826,6,Dornier,6,1996-04
1993,Qtr 2,April,1,Tennesee,Fairchild SA227 TTN500AK,Blountville Tennesee,Private,0,4,4,April,1993-04-01,4,0,0.0,1.0,4,Fairchild,4,1993-04
2016,Qtr 2,April,4,Tennessee,Bell 206LN16760,Near Pigeon Forge Tennessee,Helicopters Mountain Smoky,0,5,4,April,2016-04-04,5,0,0.0,1.0,5,Bell,5,2016-04
1974,Qtr 2,April,30,Texas,Beechcraft 99N853SA,Galveston Texas,Airlines Metro Houston,0,12,4,April,1974-04-30,6,6,50.0,0.5,6,Beechcraft,6,1974-04
1978,Qtr 2,April,4,Texas,Bell 212N140AL,Off Galveston Texas,Logistics Air,0,6,4,April,1978-04-04,3,3,50.0,0.5,3,Bell,3,1978-04
1945,Qtr 2,April,20,Texas,Douglas C 47,Sweetwater Texas,Forces Air Army U.S. - Military,0,25,4,April,1945-04-20,25,0,0.0,1.0,25,Douglas,25,1945-04
1985,Qtr 2,April,15,Thailand,Boeing B 737,Near Phuket Thailand,Airways Thai,0,11,4,April,1985-04-15,11,0,0.0,1.0,11,Boeing,11,1985-04
1980,Qtr 2,April,27,Thailand,Hawker Siddeley HS 748,Don Muang Thailand,Airways Thai,0,53,4,April,1980-04-27,44,9,16.9811320754717,0.8301886792452831,44,Hawker Siddeley,44,1980-04
1936,Qtr 2,April,11,Trinidad,Sikorsky S 42A Flying BoatNC1537,Port of Spain Trinidad,Airways American Pan,0,25,4,April,1936-04-11,3,22,88.0,0.12,3,Sikorsky,3,1936-04
1959,Qtr 2,April,23,Turkey,Avro 688 Super TraderG AGRH,Van Turkey,Charter Air,0,12,4,April,1959-04-23,12,0,0.0,1.0,12,Avro 688 Super,12,1959-04
1999,Qtr 2,April,7,Turkey,Boeing 737 4Q8TC,Near Ceyhan Turkey,(THY) Airlines Turkish,0,6,4,April,1999-04-07,6,0,0.0,1.0,6,Boeing,6,1999-04
1954,Qtr 2,April,3,Turkey,Douglas DC 3TC,Kabassaak Turkey,Yollari Hava Devlet,0,25,4,April,1954-04-03,25,0,0.0,1.0,25,Douglas,25,1954-04
1982,Qtr 2,April,13,Turkey,Lockheed C 130H74,Near Erzurum Turkey,Force Air U.S. - Military,0,27,4,April,1982-04-13,27,0,0.0,1.0,27,Lockheed,27,1982-04
1970,Qtr 2,April,4,Ukraine,Ilyushin IL 14PCCCP,Zaporozhye Ukraine,Aeroflot,0,35,4,April,1970-04-04,7,28,80.0,0.2,7,Ilyushin,7,1970-04
1974,Qtr 2,April,27,USSRAeroflot,Ilyushin IL 18BCCCP,Near Leningrad USSRAeroflot,Unknown Operator,0,109,4,April,1974-04-27,109,0,0.0,1.0,109,Ilyushin,109,1974-04
1988,Qtr 2,April,19,USSRAeroflot,Let 410UVP TuroletCCCP67518,Bagdarin USSRAeroflot,Unknown Operator,0,17,4,April,1988-04-19,17,0,0.0,1.0,17,Let 410UVP,17,1988-04
1947,Qtr 2,April,8,Venezuela,Douglas C 47AYV,Near Caracas Venezuela,Venezolana Aeropostal Linea,0,27,4,April,1947-04-08,27,0,0.0,1.0,27,Douglas,27,1947-04
1960,Qtr 2,April,28,Venezuela,Douglas DC 3YV,Near Calabozo Venezuela,Venezolana Aeropostal Linea,0,13,4,April,1960-04-28,13,0,0.0,1.0,13,Douglas,13,1960-04
1993,Qtr 2,April,2,Venezuela,McDonnell Douglas DC 9,Off Margarita Island Venezuela,Venezolana Aeropostal Linea,0,11,4,April,1993-04-02,11,0,0.0,1.0,11,McDonnell Douglas,11,1993-04
1954,Qtr 2,April,4,Vietnam,Douglas C 54AF,Hanoi Vietnam,Autrex,0,4,4,April,1954-04-04,4,0,0.0,1.0,4,Douglas,4,1954-04
1953,Qtr 2,April,16,Vietnam,Douglas DC 3F,NW of Hanoi Vietnam,Azur Aigle,0,30,4,April,1953-04-16,30,0,0.0,1.0,30,Douglas,30,1953-04
2001,Qtr 2,April,7,Vietnam,Mil Mi 18 HelicopterVN,Thanh Tranh Village Vietnam,Account Full - Charter - Vietnam SFC,0,16,4,April,2001-04-07,16,0,0.0,1.0,16,Mil,16,2001-04
1976,Qtr 2,April,27,Virgin,Boeing B 727,St. Thomas Virgin,Airlines IslandsAmerican,0,88,4,April,1976-04-27,37,51,57.95454545454546,0.42045454545454547,37,Boeing,37,1976-04
1978,Qtr 2,April,5,Virgin,Grumman G 21N877A,St. Thomas Virgin,Air IslandsAntilles,0,9,4,April,1978-04-05,2,7,77.77777777777779,0.2222222222222222,2,Grumman,2,1978-04
1956,Qtr 2,April,2,Washington,Boeing 377 Stratocruiser 10 30N74608,Seattle Washington,Airlines Orient Northwest,0,38,4,April,1956-04-02,5,33,86.8421052631579,0.13157894736842105,5,Boeing 377 Stratocruiser,5,1956-04
1953,Qtr 2,April,14,Washington,Douglas DC 3 (C,Selleck Washington,Airlines Miami,0,25,4,April,1953-04-14,7,18,72.0,0.28,7,Douglas,7,1953-04
1965,Qtr 2,April,23,Washington,Douglas DC 6AN6541C,Near Seattle Washington,Airlines Aaxico,0,5,4,April,1965-04-23,5,0,0.0,1.0,5,Douglas,5,1965-04
1951,Qtr 2,April,8,West,Douglas C 47B,Near Charleston West,Force Air U.S. - VirginiaMilitary,0,21,4,April,1951-04-08,21,0,0.0,1.0,21,Douglas,21,1951-04
1945,Qtr 2,April,14,West,Douglas DC 3NC25692,Morgantown West,Airlines Central VirginiaPennsylvania,0,20,4,April,1945-04-14,20,0,0.0,1.0,20,Douglas,20,1945-04
1968,Qtr 2,April,30,West,Lockheed Martin L 100,Near Chaklala West,Force Air Pakistan - PakistanMilitary,0,22,4,April,1968-04-30,22,0,0.0,1.0,22,Lockheed Martin,22,1968-04
1928,Qtr 2,April,17,Wyoming,Boeing 40NC282 NC282,Federal Wyoming,Transport Air Boeing,0,2,4,April,1928-04-17,1,1,50.0,0.5,1,Boeing,1,1928-04
1996,Qtr 2,April,11,Wyoming,Cessna 177BN35207,Cheyenne Wyoming,Private,0,3,4,April,1996-04-11,3,0,0.0,1.0,3,Cessna,3,1996-04
1944,Qtr 2,April,17,Yugoslavia,Junkers JU 52/3mD,Belgrad Yugoslavia,Lufthansa Deutsche,0,7,4,April,1944-04-17,5,2,28.57142857142857,0.7142857142857143,5,Junkers,5,1944-04
1969,Qtr 2,April,16,Zaire,Curtiss C 469T,Kinshasa Zaire,Wigmo,0,45,4,April,1969-04-16,45,0,0.0,1.0,45,Curtiss,45,1969-04
1990,Qtr 2,April,20,Zaire,Lockheed C 130H9T,Near Kinshasa Zaire,Force Air Zairean - Military,0,24,4,April,1990-04-20,20,4,16.666666666666664,0.8333333333333334,20,Lockheed,20,1990-04
1958,Qtr 3,August,14,Unknown,Lockheed 1049H Super ConstellationPH LKM,North Atlantic Ocean 100,Ireland Bay Galway of W miles KLM Royal Dutch Airlines,0,99,8,August,1958-08-14,99,0,0.0,1.0,99,Lockheed 1049H Super,99,1958-08
1990,Qtr 3,August,10,Afghanistan,Antonov AN 12?,Near Shindand Afghanistan,Force Air Republican Afghan - Military,0,83,8,August,1990-08-10,83,0,0.0,1.0,83,Antonov,83,1990-08
2011,Qtr 3,August,6,Afghanistan,Boeing CH 47 Chinook?,Tangi Valley Afghanistan,Army U.S. - Military,0,38,8,August,2011-08-06,38,0,0.0,1.0,38,Boeing,38,2011-08
2013,Qtr 3,August,14,Alabama,Airbus A300F 622RN155UP,Birmingham Alabama,Service Parcel United,0,2,8,August,2013-08-14,2,0,0.0,1.0,2,Airbus,2,2013-08
2016,Qtr 3,August,31,Alaksa,Cessna 208 Grand Caravan N752RV,Russian Mission Alaksa,Aviiation Hageland,0,5,8,August,2016-08-31,5,0,0.0,1.0,5,Cessna 208 Grand,5,2016-08
1991,Qtr 3,August,20,Alaska,Britten Norman BN,Ketchikan Alaska,Airlines Temsco,0,4,8,August,1991-08-20,4,0,0.0,1.0,4,Britten,4,1991-08
1994,Qtr 3,August,7,Alaska,de Havilland DHC 2N126UA,Kodiak Alaska,Inc. Services Air Uyak - Taxi Air,0,7,8,August,1994-08-07,6,1,14.285714285714285,0.8571428571428571,6,De Havilland,6,1994-08
1994,Qtr 3,August,11,Alaska,de Havilland DHC 2N17394,Alsworth Alaska,Inc. Services Air Talon - Taxi Air,0,3,8,August,1994-08-11,3,0,0.0,1.0,3,De Havilland,3,1994-08
2004,Qtr 3,August,27,Alaska,de Havilland DHC 3 OtterN197TT,Near Mc Grath Alaska,Transport Aire Mavrik,0,3,8,August,2004-08-27,1,2,66.66666666666666,0.3333333333333333,1,De Havilland,1,2004-08
2010,Qtr 3,August,9,Alaska,de Havilland Canada DH 3T OtterN455A,Near Dillingham Alaska,Corp. Communications GCI,0,9,8,August,2010-08-09,5,4,44.44444444444444,0.5555555555555556,5,de Havilland Canada,5,2010-08
2007,Qtr 3,August,16,Alaska,de Havilland Canada DHC 2 BeaverN345KA,Near Ketchikan Alaska,Aviation Sea,0,10,8,August,2007-08-16,6,4,40.0,0.6,6,de Havilland Canada,6,2007-08
2010,Qtr 3,August,21,Alaska,de Havilland Canada DHC 2 BeaverN9313Z,Off Kaminshak Bay Alaska,Service Air River Branch,0,4,8,August,2010-08-21,4,0,0.0,1.0,4,de Havilland Canada,4,2010-08
1954,Qtr 3,August,8,Alaska,Douglas DC 2N91008,Near McGrath Alaska,Airlines Alaska,0,2,8,August,1954-08-08,2,0,0.0,1.0,2,Douglas,2,1954-08
1956,Qtr 3,August,29,Alaska,Douglas DC 6BCF,Cold Bay Alaska,Lines Air Pacific Canadian,0,22,8,August,1956-08-29,15,7,31.818181818181817,0.6818181818181818,15,Douglas,15,1956-08
2010,Qtr 3,August,1,Alaska,Fairchild C 123KN709RR,Near Denali National Park Alaska,Freight West All,0,3,8,August,2010-08-01,3,0,0.0,1.0,3,Fairchild,3,2010-08
1975,Qtr 3,August,30,Alaska,Fairchild F 27BN4904,Near Gambell Alaska,Alaska Air Wien,0,32,8,August,1975-08-30,10,22,68.75,0.3125,10,Fairchild,10,1975-08
1966,Qtr 3,August,21,Alaska,Grumman G 21 GooseN88820,Near Juneau Alaska,Airlines Coastal Alaska,0,9,8,August,1966-08-21,9,0,0.0,1.0,9,Grumman,9,1966-08
2003,Qtr 3,August,17,Alaska,Reims Aviation 406N6591L,Near Barrow Alaska,Inc. Services Aviation Hageland,0,2,8,August,2003-08-17,2,0,0.0,1.0,2,Reims Aviation,2,2003-08
2014,Qtr 3,August,30,Algeria,Antonov An 12BKUR,Tamanraset Algeria,Alliance Air Ukraine,0,7,8,August,2014-08-30,7,0,0.0,1.0,7,Antonov,7,2014-08
1942,Qtr 3,August,13,Algeria,Liore et Olivier H 246 Air BoatF,Algiers Algeria,France Air,0,10,8,August,1942-08-13,4,6,60.0,0.4,4,Liore et Olivier,4,1942-08
1998,Qtr 3,August,11,Angola,Antonov An 12BPD2,Saurimo Angola,ALADA,0,13,8,August,1998-08-11,1,12,92.3076923076923,0.07692307692307693,1,Antonov,1,1998-08
1992,Qtr 3,August,31,Angola,Douglas DC 3ZS,Jamba Angola,Services Aviation Professional,0,17,8,August,1992-08-31,3,14,82.35294117647058,0.17647058823529413,3,Douglas,3,1992-08
1947,Qtr 3,August,2,Argentina,Avro 691 Lancastrian 3G AGWH,Andes Argentina,Airways American South British,0,11,8,August,1947-08-02,11,0,0.0,1.0,11,Avro 691 Lancastrian,11,1947-08
1999,Qtr 3,August,31,Argentina,Boeing B 737,Buenos Aires Argentina,Lineas Aereas Privadas Argentinas LAPA,2,103,8,August,1999-08-31,63,40,38.83495145631068,0.6116504854368932,65,Boeing,65,1999-08
1966,Qtr 3,August,17,Argentina,Curtiss C 46F,Puertos Lobos Argentina,Halcon Aerovias,0,16,8,August,1966-08-17,1,15,93.75,0.0625,1,Curtiss,1,1966-08
1937,Qtr 3,August,23,Argentina,Douglas DC 2NC14298,San Luis Argentina,Airways Grace American Pan,0,3,8,August,1937-08-23,3,0,0.0,1.0,3,Douglas,3,1937-08
2001,Qtr 3,August,10,Arizona,Aerospatiale AS350 Eurocopter helicoperN169PA,Near Meadview Arizona,Vegas Las of Helicopters Canyon Grand Papillon,0,7,8,August,2001-08-10,6,1,14.285714285714285,0.8571428571428571,6,Aerospatiale AS350 Eurocopter,6,2001-08
1983,Qtr 3,August,17,Arizona,Piper PA 31,Grand Canyon Arizona,Airlines Vegas Las,0,10,8,August,1983-08-17,10,0,0.0,1.0,10,Piper,10,1983-08
1992,Qtr 3,August,25,Arizona,Swearingen SA 227AC Metro IIIN342AE,Hot Springs Arizona,Airlines Star Lone,0,3,8,August,1992-08-25,3,0,0.0,1.0,3,Swearingen,3,1992-08
1986,Qtr 3,August,28,Arkansas,Howard 250N252K,Texarkana Arkansas,Airlift Southwest,0,2,8,August,1986-08-28,2,0,0.0,1.0,2,Howard,2,1986-08
1951,Qtr 3,August,8,Australia,?VH TAT,Barilla Bay Australia,Airlines Australia Trans,0,2,8,August,1951-08-08,2,0,0.0,1.0,2,?VH,2,1951-08
1938,Qtr 3,August,29,Australia,De Havilland DH 84VH,Innisfail Australia,Airways Queensland North,0,9,8,August,1938-08-29,5,4,44.44444444444444,0.5555555555555556,5,De Havilland,5,1938-08
1943,Qtr 3,August,7,Australia,Douglas C 47,Off Townsville Australia,Force Air U.S. - Military,0,27,8,August,1943-08-07,27,0,0.0,1.0,27,Douglas,27,1943-08
1940,Qtr 3,August,13,Australia,Lockheed Hudson A16 97?,Near Canberra Australia,Force Air Australian Royal - Military,0,10,8,August,1940-08-13,10,0,0.0,1.0,10,Lockheed Hudson,10,1940-08
1941,Qtr 3,August,27,Australila,de Havilland DH.80 Puss MothVH UQL,Coen Australila,Australia of Airlines,0,3,8,August,1941-08-27,3,0,0.0,1.0,3,de Havilland DH.80 Puss,3,1941-08
1973,Qtr 3,August,18,Azerbaijan,Antonov AN 24VCCCP,Baku Azerbaijan,USSRAeroflot,0,64,8,August,1973-08-18,56,8,12.5,0.875,56,Antonov,56,1973-08
1990,Qtr 3,August,1,Azerbaijan,Yakovlev YAK 40CCCP,Stepanakert Azerbaijan,USSRAeroflot,0,47,8,August,1990-08-01,47,0,0.0,1.0,47,Yakovlev,47,1990-08
1954,Qtr 3,August,9,Azores,Lockheed 749A 79 ConstellationHK,Terceira Island Azores,Portugal AVIANCA,0,30,8,August,1954-08-09,30,0,0.0,1.0,30,Lockheed,30,1954-08
2000,Qtr 3,August,23,Bahrain,Airbus A320 212A4O,Off Manama Bahrain,Air Gulf,0,143,8,August,2000-08-23,143,0,0.0,1.0,143,Airbus,143,2000-08
1984,Qtr 3,August,5,Bangladesh,Fokker F 27 Friendship 600S2,Dacca Bangladesh,Biman Bangladesh,0,49,8,August,1984-08-05,49,0,0.0,1.0,49,Fokker,49,1984-08
1928,Qtr 3,August,25,Unknown,Ford 4 AT,Near Port Townsend BC,Canada British Columbia Airways,0,7,8,August,1928-08-25,7,0,0.0,1.0,7,Ford,7,1928-08
1948,Qtr 3,August,31,Belgium,Douglas DC 3 (Douglas C,Near Elizabethville Belgium,CongoSabena,0,13,8,August,1948-08-31,13,0,0.0,1.0,13,Douglas,13,1948-08
1965,Qtr 3,August,20,Belgium,Vickers 804 ViscountSP LVA,Jeuk Belgium,Airlines Polish Lot,0,4,8,August,1965-08-20,4,0,0.0,1.0,4,Vickers 804,4,1965-08
1937,Qtr 3,August,8,Bias,Sikorsky S 43NC16930,Chilang Point Bias,China Bay China National Aviation Corporation,0,11,8,August,1937-08-08,3,8,72.72727272727273,0.2727272727272727,3,Sikorsky,3,1937-08
1992,Qtr 3,August,21,Bolivia,Convair CV 440,Colorado Bolivia,Ana Santa Aereos Servicios,0,10,8,August,1992-08-21,10,0,0.0,1.0,10,Convair,10,1992-08
1966,Qtr 3,August,3,Bolivia,Curtiss C 46DCP,Benito Bolivia,Boliviano Aéreo Lloyd,0,3,8,August,1966-08-03,3,0,0.0,1.0,3,Curtiss,3,1966-08
1978,Qtr 3,August,14,Bolivia,Curtiss C 46HK,Sogamoso Bolivia,Aeropeca,0,18,8,August,1978-08-14,18,0,0.0,1.0,18,Curtiss,18,1978-08
1964,Qtr 3,August,22,Bolivia,Douglas C 47A,Near Tipuani Bolivia,Cochabamba Aéreos Servicios,0,4,8,August,1964-08-22,4,0,0.0,1.0,4,Douglas,4,1964-08
1960,Qtr 3,August,1,Bolivia,Douglas C 47TAM,Near Tipuani Bolivia,(Bolivia) TAM,0,6,8,August,1960-08-01,6,0,0.0,1.0,6,Douglas,6,1960-08
1965,Qtr 3,August,12,Brazil,Curtiss C 46APP,Near Cuiaba Brazil,Aéreos Transportes Paraense,0,13,8,August,1965-08-12,13,0,0.0,1.0,13,Curtiss,13,1965-08
1949,Qtr 3,August,2,Brazil,Curtiss C 46D,Jaquirana Brazil,Varig,0,36,8,August,1949-08-02,5,31,86.11111111111111,0.1388888888888889,5,Curtiss,5,1949-08
1955,Qtr 3,August,26,Brazil,Douglas DC 3PP,Caparao Mountain Brazil,Cruzeiro,0,13,8,August,1955-08-26,13,0,0.0,1.0,13,Douglas,13,1955-08
1963,Qtr 3,August,4,Brazil,Douglas DC 3PP,Ibicaré Brazil,Sadai,0,10,8,August,1963-08-04,10,0,0.0,1.0,10,Douglas,10,1963-08
1952,Qtr 3,August,12,Brazil,Douglas DC 3PP,Palmeira de Goias Brazil,Nacionales Areos Transportes,0,24,8,August,1952-08-12,24,0,0.0,1.0,24,Douglas,24,1952-08
1949,Qtr 3,August,3,Brazil,Douglas DC 3PP,Sao Francisco Bay Brazil,Brasil Aéreas Lineas,0,30,8,August,1949-08-03,5,25,83.33333333333334,0.16666666666666666,5,Douglas,5,1949-08
1951,Qtr 3,August,17,Brazil,Douglas DC 3PP,Ubatuba Brazil,REAL,0,10,8,August,1951-08-17,10,0,0.0,1.0,10,Douglas,10,1951-08
2007,Qtr 3,August,22,Brazil,Embraer EMB 110P1 BandeirantPT,Near Curitiba Brazil,Aero Taxi Two,0,2,8,August,2007-08-22,2,0,0.0,1.0,2,Embraer,2,2007-08
2002,Qtr 3,August,30,Brazil,Embraer 120ER BrasiliaPT WRQ,Rio Branco Brazil,Aéreo Taxi Rico,0,31,8,August,2002-08-30,23,8,25.806451612903224,0.7419354838709677,23,Embraer 120ER,23,2002-08
1938,Qtr 3,August,15,Brazil,Junkers JU 52/3mPP,Guanabara Brazil,Condor Syndicato,0,9,8,August,1938-08-15,9,0,0.0,1.0,9,Junkers,9,1938-08
1943,Qtr 3,August,27,Brazil,Junkers JU 52/3mPP,Rio de Janeiro Brazil,VASP,0,21,8,August,1943-08-27,18,3,14.285714285714285,0.8571428571428571,18,Junkers,18,1943-08
1934,Qtr 3,August,5,Brazil,Latecoere 26F AILK,Bahia Brazil,France Air,0,2,8,August,1934-08-05,2,0,0.0,1.0,2,Latecoere,2,1934-08
1941,Qtr 3,August,18,Brazil,Lockheed 18 LodeStarPP PBD,Near Sao Paulo Brazil,Brasil do Panair,0,14,8,August,1941-08-18,8,6,42.857142857142854,0.5714285714285714,8,Lockheed 18,8,1941-08
1944,Qtr 3,August,30,Brazil,Lockheed 18 LodestarPP PBI,Sao Paulo Brazil,Brasil do Panair,0,18,8,August,1944-08-30,18,0,0.0,1.0,18,Lockheed 18,18,1944-08
1962,Qtr 3,August,20,Brazil,McDonnell Douglas DC 8,Rio de Janeiro Brazil,Brazil do Panair,0,105,8,August,1962-08-20,15,90,85.71428571428571,0.14285714285714285,15,McDonnell Douglas,15,1962-08
2000,Qtr 3,August,2,Brazil,Sikorsky S 76PT,Cubatao Brazil,Taxi Air Lider - taxi Air,0,6,8,August,2000-08-02,6,0,0.0,1.0,6,Sikorsky,6,2000-08
1939,Qtr 3,August,13,Brazil,Sikorsky S43 (flying boat)NC16933,Rio de Janerio Brazil,Airways World American Pan,0,16,8,August,1939-08-13,14,2,12.5,0.875,14,Sikorsky S43 (flying,14,1939-08
1958,Qtr 3,August,11,Brazil Loide,Douglas DC 4PP,Near Belem Brazil Loide,Nacional Aéreo,0,11,8,August,1958-08-11,10,1,9.090909090909092,0.9090909090909091,10,Douglas,10,1958-08
1913,Qtr 3,August,6,British,Curtiss seaplane?,Victoria British,Canada Columbia Private,0,1,8,August,1913-08-06,1,0,0.0,1.0,1,Curtiss,1,1913-08
1998,Qtr 3,August,4,British,de Havilland Dash 2 BeaverC,Kincolith British,Canada Columbia Harbour Air Seaplanes Ltd.,0,5,8,August,1998-08-04,5,0,0.0,1.0,5,De Havilland,5,1998-08
1996,Qtr 3,August,18,British,de Havilland Canada DHC 3 Turbo OtterC,Near Alliford Bay British,Canada2Harbour Air Columbia,0,3,8,August,1996-08-18,3,0,0.0,1.0,3,de Havilland Canada,3,1996-08
1996,Qtr 3,August,14,British,Douglas DC 4C,Near Bronson Creek British Canada,Canada Columbia Air North,0,3,8,August,1996-08-14,1,2,66.66666666666666,0.3333333333333333,1,Douglas,1,1996-08
2008,Qtr 3,August,3,British,Grumman G 21A GooseC,North Vancouver Island British,Canada Colombia Pacific Coastal Airlines,0,7,8,August,2008-08-03,5,2,28.57142857142857,0.7142857142857143,5,Grumman,5,2008-08
1946,Qtr 3,August,31,British,Supermarine Stranraer (flying boat)CF BYL,Near Prince Rupert British,Canada Columbia Queen Charlotte Airlines,0,7,8,August,1946-08-31,7,0,0.0,1.0,7,Supermarine Stranraer (flying,7,1946-08
1988,Qtr 3,August,2,Bulgaria,Yakovlev YAK 40LZ,Sofia Bulgaria,Airlines Bulgarian Balkan,0,37,8,August,1988-08-02,29,8,21.62162162162162,0.7837837837837838,29,Yakovlev,29,1988-08
1978,Qtr 3,August,26,Burma,de Havilland Canada DHC 6 Twin Otter 300XY,Papun Burma,Airways Burma,0,14,8,August,1978-08-26,14,0,0.0,1.0,14,de Havilland Canada,14,1978-08
1972,Qtr 3,August,16,Burma,Douglas DC 3 (C,Near Sandoway Burma,Airways Burma,0,31,8,August,1972-08-16,26,5,16.129032258064516,0.8387096774193549,26,Douglas,26,1972-08
1956,Qtr 3,August,8,Burma,Douglas DC 3XY,Thazi Burma,Airways Burma of Union,0,22,8,August,1956-08-08,12,10,45.45454545454545,0.5454545454545454,12,Douglas,12,1956-08
1984,Qtr 3,August,24,California,Beechcraft C99 / Rockwell 112TCN6399U/N112SM,San Luis Obispo California,Private / Airlines West Wings,0,17,8,August,1984-08-24,17,0,0.0,1.0,17,Beechcraft C99 / Rockwell,17,1984-08
1977,Qtr 3,August,1,California,Bell 206B JetRangerN4TV,Encino California,Angeles Los KNBC Private,0,2,8,August,1977-08-01,2,0,0.0,1.0,2,Bell 206B,2,1977-08
1950,Qtr 3,August,5,California,Boeing B 29MR46,Near Fairfield California,Force Air U.S. - Military,7,20,8,August,1950-08-05,12,8,40.0,0.6,19,Boeing,19,1950-08
1973,Qtr 3,August,28,California,Boeing B 707,Thirty-five miles west of Los Angeles California,Airlines World Trans,0,149,8,August,1973-08-28,1,148,99.32885906040269,0.006711409395973154,1,Boeing,1,1973-08
1985,Qtr 3,August,27,California,Boeing KC 135A59,Beale AFB California,Force Air U.S. - Military,0,7,8,August,1985-08-27,7,0,0.0,1.0,7,Boeing,7,1985-08
1953,Qtr 3,August,18,California,Curtiss C 46AXA,Near San Diego California,Contreras Aerovias,0,2,8,August,1953-08-18,2,0,0.0,1.0,2,Curtiss,2,1953-08
1951,Qtr 3,August,24,California,Douglas DC 6BN37550,Decoto California,Lines Air United,0,50,8,August,1951-08-24,50,0,0.0,1.0,50,Douglas,50,1951-08
1986,Qtr 3,August,31,California,MD Douglas DC 9,Cerritos California,Private / Aeromexico,15,67,8,August,1986-08-31,67,0,0.0,1.0,82,Douglas,82,1986-08
1968,Qtr 3,August,14,California,Sikorsky S 61L helicopterN300Y,Compton California,Airways Angeles Los,0,21,8,August,1968-08-14,21,0,0.0,1.0,21,Sikorsky,21,1968-08
2008,Qtr 3,August,5,California,Sikorsky S 61NN612AZ,Near Junction City California,Department Fire City Junction,0,13,8,August,2008-08-05,9,4,30.76923076923077,0.6923076923076923,9,Sikorsky,9,2008-08
1984,Qtr 3,August,30,Cameroon,Boeing B 737,Douala Cameroon,Airlines Cameroon,0,116,8,August,1984-08-30,2,114,98.27586206896551,0.017241379310344827,2,Boeing,2,1984-08
2005,Qtr 3,August,2,Canada,Airbus A 340F,Toronto Canada,France Air,0,309,8,August,2005-08-02,0,309,100.0,0.0,0,Airbus,0,2005-08
1996,Qtr 3,August,12,Canada,de Havilland Canada DHC 6 Twin Otter 300C,Markham Bay Canada,Air First,0,2,8,August,1996-08-12,2,0,0.0,1.0,2,de Havilland Canada,2,1996-08
1999,Qtr 3,August,7,Cape,Dornier 228 201D4,Santo Antao Cape,Airlines Verde IslandsTACV-Cabo Verde,0,18,8,August,1999-08-07,18,0,0.0,1.0,18,Dornier,18,1999-08
2002,Qtr 3,August,19,Chechnya,Mil Mi 2689RED,Khankala Chechnya,Force Air Russian - Military,0,147,8,August,2002-08-19,121,26,17.687074829931973,0.8231292517006803,121,Mil,121,2002-08
1987,Qtr 3,August,4,Chile,Boeing B 737,Calama Chile,LAN,0,33,8,August,1987-08-04,2,31,93.93939393939394,0.06060606060606061,2,Boeing,2,1987-08
2000,Qtr 3,August,6,Chile,Casa 212 AB10 Aviocar230,Puerto Montt Chile,Chile de Aérea Fuerza - Military,0,14,8,August,2000-08-06,14,0,0.0,1.0,14,CASA,14,2000-08
1989,Qtr 3,August,15,China,Antonov AN 24RVB,Shanghai China,China China Eastern Airlines,0,40,8,August,1989-08-15,34,6,15.0,0.85,34,Antonov,34,1989-08
1943,Qtr 3,August,11,China,Douglas C 5348,Fort Hertz China,Corporation Aviation National China,0,3,8,August,1943-08-11,3,0,0.0,1.0,3,Douglas,3,1943-08
1938,Qtr 3,August,24,China,Douglas DC 232,Wangmoon China,Corporation Aviation National China,0,17,8,August,1938-08-24,14,3,17.647058823529413,0.8235294117647058,14,Douglas,14,1938-08
2010,Qtr 3,August,24,China,Embraer ERJ 190,Yichun China,Airlines Henan,0,96,8,August,2010-08-24,44,52,54.166666666666664,0.4583333333333333,44,Embraer,44,2010-08
1999,Qtr 3,August,22,China,McDonnell Douglas MD 11B,Hong Kong China,(Taiwan) Airlines China,0,315,8,August,1999-08-22,3,312,99.04761904761905,0.009523809523809525,3,McDonnell Douglas,3,1999-08
1934,Qtr 3,August,10,China,Sikorsky S 38B?,Ningbo China,Corporation Aviation National China,0,0,8,August,1934-08-10,0,0,Unknown,Unknown,0,Sikorsky,0,1934-08
1935,Qtr 3,August,13,China,Sikorsky S 38BNV40V,Hangow China,Corporation Aviation National China,0,0,8,August,1935-08-13,0,0,Unknown,Unknown,0,Sikorsky,0,1935-08
2010,Qtr 3,August,16,Colombia,Boeing B 737,San Andreas Island Colombia,Colombia AIRES,0,131,8,August,2010-08-16,2,129,98.47328244274809,0.015267175572519083,2,Boeing,2,2010-08
1974,Qtr 3,August,12,Colombia,Douglas C 47,Cali Colombia,Avianca,0,27,8,August,1974-08-12,27,0,0.0,1.0,27,Douglas,27,1974-08
1949,Qtr 3,August,13,Colombia,Douglas C 47HK,Near Bogota Colombia,SAETA,0,32,8,August,1949-08-13,32,0,0.0,1.0,32,Douglas,32,1949-08
1962,Qtr 3,August,23,Colombia,Douglas DC 3HK,Barrancabermeja Colombia,Airlines Taxader,0,32,8,August,1962-08-23,20,12,37.5,0.625,20,Douglas,20,1962-08
1973,Qtr 3,August,22,Colombia,Douglas DC 3HK,El Yopal Colombia,Avianca,0,17,8,August,1973-08-22,16,1,5.88235294117647,0.9411764705882353,16,Douglas,16,1973-08
1995,Qtr 3,August,14,Colombia,Embraer 110P1 BandeiranteHK 2594,Nevada del Huila Colombia,Colombia AIRES,0,10,8,August,1995-08-14,10,0,0.0,1.0,10,Embraer 110P1,10,1995-08
1936,Qtr 3,August,6,Colombia,Junkers F 13C,Choco Colombia,SCADTA,0,3,8,August,1936-08-06,2,1,33.33333333333333,0.6666666666666666,2,Junkers,2,1936-08
1973,Qtr 3,August,27,Colombia,Lockheed L 188A ElectraHK,Bogota Colombia,Colombia Aerocondor,0,42,8,August,1973-08-27,42,0,0.0,1.0,42,Lockheed,42,1973-08
1981,Qtr 3,August,27,Colombia,Vickers Viscount 745DHK 1320,Mt. Elena Colombia,Colombia Aeropesca,0,50,8,August,1981-08-27,50,0,0.0,1.0,50,Vickers Viscount,50,1981-08
1975,Qtr 3,August,7,Colorado,Boeing B 727,Denver Colorado,Airlines Continental,0,131,8,August,1975-08-07,0,131,100.0,0.0,0,Boeing,0,1975-08
1950,Qtr 3,August,22,Colorado,Douglas DC 6N90705,Near Eagle Colorado,Airlines American,0,59,8,August,1950-08-22,1,58,98.30508474576271,0.01694915254237288,1,Douglas,1,1950-08
2009,Qtr 3,August,26,Congo,Antonov An 12BKTN,Nganga Lingolo Congo,Business Fret Aero,0,7,8,August,2009-08-26,7,0,0.0,1.0,7,Antonov,7,2009-08
2000,Qtr 3,August,12,Congo,Antonov AN 26B9Q,Near Tshikapa Congo,Air Staer,0,27,8,August,2000-08-12,27,0,0.0,1.0,27,Antonov,27,2000-08
2010,Qtr 3,August,25,Congo,Let 410UVP E9Q,Bandundu Congo,RepublicFilair Democratic,0,20,8,August,2010-08-25,19,1,5.0,0.95,19,Let,19,2010-08
2003,Qtr 3,August,4,Connecticut,Gates Learjet 35AN135PT,Groton Connecticut,Pro Jet,0,2,8,August,2003-08-04,2,0,0.0,1.0,2,Gates Learjet,2,2003-08
1991,Qtr 3,August,6,Cook,Britten Norman BN,Rarotonga Cook,Air IslandsAvalki,0,10,8,August,1991-08-06,6,4,40.0,0.6,6,Britten,6,1991-08
1977,Qtr 3,August,20,Costa,Convair CV 880N8817E,San Jose Costa,Aviation RicaMonarch,0,3,8,August,1977-08-20,3,0,0.0,1.0,3,Convair,3,1977-08
1944,Qtr 3,August,8,Cuba,Sikorsky S 42 (flying boat)NC823M,Off Antilla Cuba,Airways World American Pan,0,31,8,August,1944-08-08,17,14,45.16129032258064,0.5483870967741935,17,Sikorsky,17,1944-08
1930,Qtr 3,August,22,Czechoslovakia,Ford 5 AT,Iglau Czechoslovakia,Aerolinie Ceskoslovenske,0,11,8,August,1930-08-22,10,1,9.090909090909092,0.9090909090909091,10,Ford,10,1930-08
2001,Qtr 3,August,23,Democratic,Antonov 283C LLA,Mugogo Democratic,Airlines CongoVictoria Republic,0,11,8,August,2001-08-23,4,7,63.63636363636363,0.36363636363636365,4,Antonov,4,2001-08
2006,Qtr 3,August,3,Democratic,Antonov AN 289Q,Bukavu Democratic,CongoTracep Republic,0,17,8,August,2006-08-03,17,0,0.0,1.0,17,Antonov,17,2006-08
2007,Qtr 3,August,26,Democratic,Antonov AN 329Q,Kongolo Democratic,Complany Business Lakes CongoGreat Republic,0,15,8,August,2007-08-26,14,1,6.666666666666667,0.9333333333333333,14,Antonov,14,2007-08
1957,Qtr 3,August,15,Denmark,Ilyushin IL 14PCCCP,Copenhagen Denmark,Aeroflot,0,23,8,August,1957-08-15,23,0,0.0,1.0,23,Ilyushin,23,1957-08
1971,Qtr 3,August,28,Denmark,Ilyushin IL 18DHA,Off Copenhagen Denmark,Airlines Hungarian Malev,0,34,8,August,1971-08-28,32,2,5.88235294117647,0.9411764705882353,32,Ilyushin,32,1971-08
1939,Qtr 3,August,15,Denmark,Lockheed 10 ElectraG ASEY,Off Copenhagen Denmark,Airways British,0,6,8,August,1939-08-15,5,1,16.666666666666664,0.8333333333333334,5,Lockheed 18,5,1939-08
1972,Qtr 3,August,14,East,Ilyushin IL 62DM,Near Konigs Wusterausen East,GermanyInterflug,0,156,8,August,1972-08-14,156,0,0.0,1.0,156,Ilyushin,156,1972-08
2008,Qtr 3,August,30,Ecuador,Boeing B 737,Near Toacaso Ecuador,Conviasa,0,3,8,August,2008-08-30,3,0,0.0,1.0,3,Boeing,3,2008-08
1949,Qtr 3,August,6,Ecuador,Bristol 170 Freighter 21HC SBU,Salasaca Ecuador,Ecuador of Co Shell,0,34,8,August,1949-08-06,34,0,0.0,1.0,34,Bristol 170 Freighter,34,1949-08
1969,Qtr 3,August,25,Ecuador,Douglas C 47BHC,Sucre Ecuador,TAO,0,1,8,August,1969-08-25,1,0,0.0,1.0,1,Douglas,1,1969-08
1998,Qtr 3,August,29,Ecuador,Tupolev TU 154MCU,Quito Ecuador,Aviacion de Cubana,10,91,8,August,1998-08-29,70,21,23.076923076923077,0.7692307692307693,80,Tupolev,80,1998-08
1976,Qtr 3,August,15,Ecuador,Vickers Viscount 785DHC ARS,Andes Mountains Ecuador,SAETA,0,59,8,August,1976-08-15,59,0,0.0,1.0,59,Vickers Viscount,59,1976-08
1968,Qtr 3,August,18,Egypt,Antonov AN 24VSU,Off Port Said Egypt,Airlines Arab United,0,40,8,August,1968-08-18,40,0,0.0,1.0,40,Antonov,40,1968-08
1946,Qtr 3,August,24,Egypt,Avro AnsonSU ADJ,Cairo Egypt,Misrair,0,9,8,August,1946-08-24,6,3,33.33333333333333,0.6666666666666666,6,Avro,6,1946-08
1950,Qtr 3,August,31,Egypt,Lockheed 749A ConstellationN6004C,Near Wadi Natrun Egypt,Airlines World Trans,0,55,8,August,1950-08-31,55,0,0.0,1.0,55,Lockheed 749A,55,1950-08
1935,Qtr 3,August,7,Egypt,Savoia Marchetti S,Cairo Egypt,Littoria Ala,0,7,8,August,1935-08-07,7,0,0.0,1.0,7,Savoia,7,1935-08
1920,Qtr 3,August,16,England,Armstrong Whitworth F,Bedford England,Air By,0,1,8,August,1920-08-16,1,0,0.0,1.0,1,Armstrong,1,1920-08
1985,Qtr 3,August,22,England,Boeing B 737,Manchester England,Airtours British,0,137,8,August,1985-08-22,55,82,59.854014598540154,0.40145985401459855,55,Boeing,55,1985-08
1944,Qtr 3,August,23,England,Consolidated B 24H42,Freckelton England,Force Air U.S. - Military,58,3,8,August,1944-08-23,3,0,0.0,1.0,61,Consolidated,61,1944-08
1944,Qtr 3,August,12,England,Consolidated PB4Y 132271,Blythburgh England,Navy U.S. - Military,0,2,8,August,1944-08-12,2,0,0.0,1.0,2,Consolidated,2,1944-08
1949,Qtr 3,August,19,England,Douglas DC 3G,Near Oldham England,Airways European British,0,32,8,August,1949-08-19,24,8,25.0,0.75,24,Douglas,24,1949-08
1927,Qtr 3,August,22,England,Fokker F VIIIH,Sevenoaks England,Airlines Dutch Royal KLM,0,11,8,August,1927-08-22,1,10,90.9090909090909,0.09090909090909091,1,Fokker,1,1927-08
1976,Qtr 3,August,28,England,Lockheed C 141A (L.300)67,Near Thorney England,Force Air U.S. - Military,0,18,8,August,1976-08-28,18,0,0.0,1.0,18,Lockheed,18,1976-08
1921,Qtr 3,August,24,England,Royal Airship Works ZR 2 (airship)R,River Humber England,Works Airship Royal - Military,1,49,8,August,1921-08-24,43,6,12.244897959183673,0.8775510204081632,44,Royal Airship Works,44,1921-08
2005,Qtr 3,August,10,Estonia,Sikorsky S 76COH,Off Talinn Estonia,Copterline,0,14,8,August,2005-08-10,14,0,0.0,1.0,14,Sikorsky,14,2005-08
1989,Qtr 3,August,7,Ethiopia,de Havilland DHC 6 Twin Otter 300ET,Near Gambela Ethiopia,Service Air RRC,0,16,8,August,1989-08-07,16,0,0.0,1.0,16,De Havilland,16,1989-08
1963,Qtr 3,August,28,Florida,Boeing KC 135A / Boeing KC,Off Miami Florida,Air U.S. - Military / Force Air U.S. - Military,0,11,8,August,1963-08-28,11,0,0.0,1.0,11,Boeing,11,1963-08
1937,Qtr 3,August,10,Florida,Douglas DC 2NC,Daytona Beach Florida,Lines Air Eastern,0,9,8,August,1937-08-10,4,5,55.55555555555556,0.4444444444444444,4,Douglas,4,1937-08
1997,Qtr 3,August,7,Florida,McDonnell Douglas DC 8,Miami Florida,Air Fine,1,4,8,August,1997-08-07,4,0,0.0,1.0,5,McDonnell Douglas,5,1997-08
1946,Qtr 3,August,20,France,Avro 691 Lancastrian 1G AGMF,Rouen France,Airways Overseas British,0,9,8,August,1946-08-20,8,1,11.11111111111111,0.8888888888888888,8,Avro 691 Lancastrian,8,1946-08
1921,Qtr 3,August,14,France,Breguet 14F ALBI,Toulouse France,Aeropostale,0,2,8,August,1921-08-14,2,0,0.0,1.0,2,Breguet,2,1921-08
1951,Qtr 3,August,11,France,Douglas DC 3DF,Moisville France,France Air,0,5,8,August,1951-08-11,5,0,0.0,1.0,5,Douglas,5,1951-08
1963,Qtr 3,August,12,France,Vickers Viscount 708F BGNV,Lyon France,Inter Air,1,20,8,August,1963-08-12,20,0,0.0,1.0,21,Vickers Viscount,21,1963-08
1936,Qtr 3,August,2,France,Wibault 280F ANBL F,Mazamet France,France Air,0,3,8,August,1936-08-02,3,0,0.0,1.0,3,Wibault,3,1936-08
2007,Qtr 3,August,9,French,de Havilland Canada DHC 6 Twin Otter 300F,Off Moorea French,Moorea PolynesiaAir,0,20,8,August,2007-08-09,20,0,0.0,1.0,20,de Havilland Canada,20,2007-08
1995,Qtr 3,August,21,Georgia,Embraer 120 RT BrasiliaN256AS,Near Carrollton Georgia,Airlines Southeast Atlantic,0,29,8,August,1995-08-21,10,19,65.51724137931035,0.3448275862068966,10,Embraer,10,1995-08
1982,Qtr 3,August,14,Georgia,Let 410UVP Turbojet / Tupolev TU 134V67191 / 65836,Sukhumi Georgia,USSRAeroflot / Aeroflot,0,11,8,August,1982-08-14,11,0,0.0,1.0,11,Let 410UVP Turbojet / Tupolev,11,1982-08
1936,Qtr 3,August,12,Germany,De Havilland DH 86G,Altenkirchen Germany,Airways British,0,2,8,August,1936-08-12,2,0,0.0,1.0,2,De Havilland,2,1936-08
1940,Qtr 3,August,9,Germany,Douglas DC 2,Hannover Germany,Lufthansa Deutsche,0,13,8,August,1940-08-09,2,11,84.61538461538461,0.15384615384615385,2,Douglas,2,1940-08
1929,Qtr 3,August,24,Germany,Fokker FG IID 757,Elm Germany,Lufthansa Deutsche,0,5,8,August,1929-08-24,4,1,20.0,0.8,4,Fokker,4,1929-08
1932,Qtr 3,August,31,Germany,Junkers G 23SE,Tubergen Germany,Aerotransport B A,0,2,8,August,1932-08-31,2,0,0.0,1.0,2,Junkers,2,1932-08
1939,Qtr 3,August,30,Germany,Junkers JU 52/3mD,Hannover Germany,Lufthansa Deutsche,0,7,8,August,1939-08-30,7,0,0.0,1.0,7,Junkers,7,1939-08
1990,Qtr 3,August,29,Germany,Lockheed C 5A68,Near Kaiserslautern Germany,Force Air U.S. - Military,0,17,8,August,1990-08-29,13,4,23.52941176470588,0.7647058823529411,13,Lockheed,13,1990-08
1938,Qtr 3,August,13,Germany,Savoia Marchetti SM73OK,Kiel Germany,Airlines Czech CSA,0,17,8,August,1938-08-13,16,1,5.88235294117647,0.9411764705882353,16,Savoia,16,1938-08
1968,Qtr 3,August,9,Germany,Vickers Viscount 739AG ATFN,Pfaffenhofen Germany,Airlines International Eagle British,0,48,8,August,1968-08-09,48,0,0.0,1.0,48,Vickers Viscount,48,1968-08
1918,Qtr 3,August,5,Germany,Zeppelin L 70 (airship)?,Off Helgoland Island Germany,Navy German - Military,0,22,8,August,1918-08-05,22,0,0.0,1.0,22,Zeppelin,22,1918-08
2005,Qtr 3,August,14,Greece,Boeing 737 31S5B,Near Grammatikos Greece,Airways Helios,0,121,8,August,2005-08-14,121,0,0.0,1.0,121,Boeing,121,2005-08
1943,Qtr 3,August,14,Greece,Savoia Marchetti SM.75 I,Rhodes Greece,LATI,0,17,8,August,1943-08-14,17,0,0.0,1.0,17,Savoia,17,1943-08
1936,Qtr 3,August,22,Greece,Short S 17 KentG,Mirabella Greece,Airways Imperial,0,11,8,August,1936-08-22,2,9,81.81818181818183,0.18181818181818182,2,Short,2,1936-08
1989,Qtr 3,August,3,Greece,Shorts 330 200SX,Samos Greece,Aviation Olympic,0,34,8,August,1989-08-03,34,0,0.0,1.0,34,Short,34,1989-08
1960,Qtr 3,August,24,Greece,Vickers 634 Viking 1BG AMNK,Off Heraklion Greece,Aviation Everall Don,0,3,8,August,1960-08-24,3,0,0.0,1.0,3,Vickers 634 Viking,3,1960-08
1963,Qtr 3,August,10,Greenland,Catalina Flying BoatL 865,Cape Desolation Greenland,Force Air Danish,0,13,8,August,1963-08-10,13,0,0.0,1.0,13,Catalina Flying,13,1963-08
1961,Qtr 3,August,29,Greenland,de Havilland Canada DHC 3 OtterCF,Sondreströmfjord Greenland,Airways Provincial Eastern,0,6,8,August,1961-08-29,1,5,83.33333333333334,0.16666666666666666,1,de Havilland Canada,1,1961-08
1997,Qtr 3,August,6,Guam,Boeing B 747,Agana Guam,Airlines Korean,0,254,8,August,1997-08-06,228,26,10.236220472440944,0.8976377952755905,228,Boeing,228,1997-08
1993,Qtr 3,August,18,Guantanamo,McDonnell Douglas DC 8,Leeward Point Airfield Guantanamo,Cuba Bay American International Airways,0,3,8,August,1993-08-18,0,3,100.0,0.0,0,McDonnell Douglas,0,1993-08
2003,Qtr 3,August,24,Haiti,Let 420UVP EHH,Cap Haitien Haiti,Airways Tropical,0,21,8,August,2003-08-24,21,0,0.0,1.0,21,Let,21,2003-08
1973,Qtr 3,August,15,Haiti,Norman BN 2A,Don Don Haiti,Private,0,10,8,August,1973-08-15,10,0,0.0,1.0,10,Norman,10,1973-08
1977,Qtr 3,August,25,Hawaii,Shorts SC 7 Skyvan 3,Kona Hawaii,Airways Island,0,2,8,August,1977-08-25,2,0,0.0,1.0,2,Short,2,1977-08
1957,Qtr 3,August,29,Honduras,Douglas DC 3XH,Near Juticalpa Honduras,Airlines Sahsa,0,12,8,August,1957-08-29,12,0,0.0,1.0,12,Douglas,12,1957-08
1975,Qtr 3,August,3,Honduras,Douglas DC 47412,Off Amapala Honduras,Force Air Nicaraguan - Military,0,20,8,August,1975-08-03,20,0,0.0,1.0,20,Douglas,20,1975-08
1986,Qtr 3,August,14,Honduras,Lockheed C130D556,Near Wampusirpi Honduras,Force Air Honduran - Military,0,59,8,August,1986-08-14,59,0,0.0,1.0,59,Lockheed,59,1986-08
1988,Qtr 3,August,31,Hong,Hawker Siddeley HS 121 Trident 2EB,Kowloon Bay Hong,KongCAAC,0,89,8,August,1988-08-31,7,82,92.13483146067416,0.07865168539325842,7,Hawker Siddeley,7,1988-08
1961,Qtr 3,August,6,Hungary,Douglas DC 3HA,Budapest Hungary,Airlines Hungarian Malev,3,27,8,August,1961-08-06,27,0,0.0,1.0,30,Douglas,30,1961-08
1938,Qtr 3,August,10,Hungary,Ford Tri motor F,Debrecen Hungary,Legiforagalmi Magyar,0,12,8,August,1938-08-10,12,0,0.0,1.0,12,Ford,12,1938-08
2001,Qtr 3,August,5,Iceland,Dassault Falcon 20CD CBNA,Reykjavík Iceland,Air Naske,0,3,8,August,2001-08-05,3,0,0.0,1.0,3,Dassault Falcon,3,2001-08
1946,Qtr 3,August,21,Illinois,Douglas C 47,Moline Illinois,Airlines Luxury Trans,0,25,8,August,1946-08-21,2,23,92.0,0.08,2,Douglas,2,1946-08
2020,Qtr 3,August,7,India,Boeing 737 8HGVT,Calicut India,Exppress India Air,0,190,8,August,2020-08-07,20,170,89.47368421052632,0.10526315789473684,20,Boeing,20,2020-08
1991,Qtr 3,August,16,India,Boeing B 737,Imphal India,Airlines Indian,0,69,8,August,1991-08-16,69,0,0.0,1.0,69,Boeing,69,1991-08
1939,Qtr 3,August,28,India,De Havilland D 84VT,Lahore India,Airways National Indian,0,2,8,August,1939-08-28,2,0,0.0,1.0,2,De Havilland,2,1939-08
1957,Qtr 3,August,20,India,Douglas DC 3VT,Assam India,Indamer,0,8,8,August,1957-08-20,8,0,0.0,1.0,8,Douglas,8,1957-08
1959,Qtr 3,August,3,India,Douglas DC 3VT,Sagone India,Airlines Kalinga,0,6,8,August,1959-08-03,6,0,0.0,1.0,6,Douglas,6,1959-08
1972,Qtr 3,August,12,India,Fokker F 27 Friendship 100VT,Near Delhi India,Airlines Indian,0,18,8,August,1972-08-12,18,0,0.0,1.0,18,Fokker,18,1972-08
1970,Qtr 3,August,29,India,Fokker F 27 Friendship 400VT,Near Silchar India,Airlines Indian,0,39,8,August,1970-08-29,39,0,0.0,1.0,39,Fokker,39,1970-08
1979,Qtr 3,August,4,India,Hindustan Aeronautics 748 2 224VT,Near Panvel India,Airlines Indian,0,45,8,August,1979-08-04,45,0,0.0,1.0,45,Hindustan Aeronautics 748,45,1979-08
2009,Qtr 3,August,2,Indonesia,de Havilland Canada DHC 6 Twin Otter 300PK,Ampisibil Village Indonesia,Airlines Nusantara Merpati,0,16,8,August,2009-08-02,16,0,0.0,1.0,16,de Havilland Canada,16,2009-08
1985,Qtr 3,August,12,Indonesia,de Havilland Canada DHC 6 Twin Otter 300PK,Mulia Indonesia,Airlines Nusantara Merpati,0,19,8,August,1985-08-12,8,11,57.89473684210527,0.42105263157894735,8,de Havilland Canada,8,1985-08
1984,Qtr 3,August,15,Indonesia,Douglas C 47APK,Near Wamena Indonesia,Indonesia Airfast,0,3,8,August,1984-08-15,2,1,33.33333333333333,0.6666666666666666,2,Douglas,2,1984-08
1995,Qtr 3,August,9,Indonesia,Hawker Siddeley HS 748 2APK,Near Kaimana Indonesia,Airlines Indonesia Bourag,0,10,8,August,1995-08-09,10,0,0.0,1.0,10,Hawker Siddeley,10,1995-08
2015,Qtr 3,August,12,Indonesia,Pacific AerospacePK KIG,Ninia Indonesia,Air Komala,0,6,8,August,2015-08-12,1,5,83.33333333333334,0.16666666666666666,1,Pacific,1,2015-08
1980,Qtr 3,August,26,Indonesia,Vickers Viscount 812PK IVS,Near Jakarta Indonesia,Airlines Indonesia Bouraq,0,37,8,August,1980-08-26,37,0,0.0,1.0,37,Vickers Viscount,37,1980-08
1969,Qtr 3,August,31,Iowa,Cessna 172HN3149X,Newton Iowa,Charter Private,0,3,8,August,1969-08-31,3,0,0.0,1.0,3,Cessna,3,1969-08
1954,Qtr 3,August,22,Iowa,Douglas DC 3N61451,Near Mason City Iowa,Airlines Braniff,0,19,8,August,1954-08-22,12,7,36.84210526315789,0.631578947368421,12,Douglas,12,1954-08
1976,Qtr 3,August,2,Iran,Boeing 707 373HL7412,Near Tehran Iran,Airlines Korean,0,5,8,August,1976-08-02,5,0,0.0,1.0,5,Boeing,5,1976-08
2014,Qtr 3,August,10,Iran,HESA Iran 140,Tehran Iran,Airlines Sepahan,0,48,8,August,2014-08-10,39,9,18.75,0.8125,39,HESA,39,2014-08
2007,Qtr 3,August,22,Iraq,UH 60 Blackhawk helilcopter?,Near Kirkuk Iraq,Army U.S. - Military,0,14,8,August,2007-08-22,14,0,0.0,1.0,14,UH,14,2007-08
1949,Qtr 3,August,15,Ireland,Douglas DC 3 (C,Off Lurga Point Ireland,Lines Air Transocean,0,58,8,August,1949-08-15,8,50,86.20689655172413,0.13793103448275862,8,Douglas,8,1949-08
2005,Qtr 3,August,6,Italy,ATR 72,Off Palermo Italy,Tuninter,0,39,8,August,2005-08-06,16,23,58.97435897435898,0.41025641025641024,16,ATR,16,2005-08
1919,Qtr 3,August,2,Italy,Caproni Ca.48?,Verona Italy,Company Caproni,0,14,8,August,1919-08-02,14,0,0.0,1.0,14,Caproni,14,1919-08
1952,Qtr 3,August,21,Italy,Handley Page HP 81 Hermes 4AG,Off Trapani Italy,Airwork,0,57,8,August,1952-08-21,7,50,87.71929824561403,0.12280701754385964,7,Handley Page,7,1952-08
2006,Qtr 3,August,13,Italy,Lockheed L 100,Near Piacenza Italy,Algerie Air,0,3,8,August,2006-08-13,3,0,0.0,1.0,3,Lockheed,3,2006-08
1938,Qtr 3,August,18,Italy,Macchi C 94I,Montnago Italy,Macchi,0,15,8,August,1938-08-18,15,0,0.0,1.0,15,Macchi,15,1938-08
1968,Qtr 3,August,2,Italy,McDonnell Douglas DC 8I,Near Milan Italy,Alitalia,0,95,8,August,1968-08-02,13,82,86.31578947368422,0.1368421052631579,13,McDonnell Douglas,13,1968-08
2007,Qtr 3,August,20,Japan,Boeing 737 809B,Okinawa Japan,Airlines China,0,165,8,August,2007-08-20,0,165,100.0,0.0,0,Boeing,0,2007-08
1963,Qtr 3,August,17,Japan,de Havilland DH 114 HeronJA6155,Hachijo-Jima Island Japan,Kai Kabushki Koku Fujita,0,19,8,August,1963-08-17,19,0,0.0,1.0,19,De Havilland,19,1963-08
1958,Qtr 3,August,12,Japan,Douglas DC 3JA5045,Sakiya Saugye Japan,Airways Nippon All,0,33,8,August,1958-08-12,33,0,0.0,1.0,33,Douglas,33,1958-08
1938,Qtr 3,August,10,Japan,Douglas DF 151J,Shishijima Japan,Nippon Dai,0,6,8,August,1938-08-10,6,0,0.0,1.0,6,Douglas,6,1938-08
1938,Qtr 3,August,24,Japan,Unknown / Unknown?,Tokyo Japan,School Flying Japan / Air Japan,53,5,8,August,1938-08-24,5,0,0.0,1.0,58,Unknown /,58,1938-08
1983,Qtr 3,August,30,Kazakastan,Tupolev TU 134ACCCP,Near Alma-Ata Kazakastan,USSRAeroflot,0,90,8,August,1983-08-30,90,0,0.0,1.0,90,Tupolev,90,1983-08
1926,Qtr 3,August,18,Kent,Bleriot 155F AIEB,Hurst Kent,England Air Union,0,15,8,August,1926-08-18,3,12,80.0,0.2,3,Bleriot,3,1926-08
2006,Qtr 3,August,27,Kentucky,Canadair CRJ 200ERN431CA,Lexington Kentucky,Comair,0,50,8,August,2006-08-27,49,1,2.0,0.98,49,Canadair,49,2006-08
2008,Qtr 3,August,24,Kyrgyzstan,Boeing B 737,Bishkek Kyrgyzstan,Air Itek,0,90,8,August,2008-08-24,68,22,24.444444444444443,0.7555555555555555,68,Boeing,68,2008-08
1954,Qtr 3,August,16,Laos,Bristol 170 Freighter 21EF VNAI,Near Pakse Laos,Vietnam) (South Vietnam Air,0,55,8,August,1954-08-16,47,8,14.545454545454545,0.8545454545454545,47,Bristol 170 Freighter,47,1954-08
1969,Qtr 3,August,19,Laos,Pilatus Pc 6CN196X,Near Long Tieng Laos,America Air,0,13,8,August,1969-08-19,13,0,0.0,1.0,13,Pilatus,13,1969-08
1932,Qtr 3,August,12,Lebanon,CAMS 53F AIQY,Beyrouth Lebanon,Orient Air,0,7,8,August,1932-08-12,0,7,100.0,0.0,0,Cams,0,1932-08
1986,Qtr 3,August,4,Leeward,de Havilland Canada DHC 6 Twin Otter 300V2,Off St. Vincent Leeward,Transport Air Islands IslandsLeeward,0,13,8,August,1986-08-04,13,0,0.0,1.0,13,de Havilland Canada,13,1986-08
1958,Qtr 3,August,9,Libya,Vickers Viscount 748DVP YNE,Benghazi Libya,Airways African Central,0,54,8,August,1958-08-09,36,18,33.33333333333333,0.6666666666666666,36,Vickers Viscount,36,1958-08
1980,Qtr 3,August,6,Louisiana,Bell 205A 1 helicopterN95AL,Houma Louisiana,Logistics Air,0,13,8,August,1980-08-06,13,0,0.0,1.0,13,Bell,13,1980-08
1985,Qtr 3,August,25,Maine,Beechcraft 99N300WP,Auburn Maine,Airlines Harbor Bar,0,8,8,August,1985-08-25,8,0,0.0,1.0,8,Beechcraft,8,1985-08
1971,Qtr 3,August,19,Maine,Piper PA 31N595DE,Augusta Maine,Airlines Downeast,0,8,8,August,1971-08-19,3,5,62.5,0.375,3,Piper,3,1971-08
1950,Qtr 3,August,25,Malaysia,Douglas C 47BKN630,Kampong Jenera Malaysia,Force Air Royal - Military,0,12,8,August,1950-08-25,12,0,0.0,1.0,12,Douglas,12,1950-08
1946,Qtr 3,August,14,Malta,Douglas C 47AG,Malta-Luqa Malta,BOAC,0,5,8,August,1946-08-14,1,4,80.0,0.2,1,Douglas,1,1946-08
1949,Qtr 3,August,21,Manitoba,Consolidated Canso (amphibian)11057,Near Bigstone Lake Manitoba,Force Air Canadian Royal - Military,0,21,8,August,1949-08-21,21,0,0.0,1.0,21,Consolidated,21,1949-08
1992,Qtr 3,August,27,Manitoba,de Havilland Canada DHC 4T CaribouN400NC,Gimli Manitoba,Canada New,0,3,8,August,1992-08-27,3,0,0.0,1.0,3,de Havilland Canada,3,1992-08
1945,Qtr 3,August,3,Martinique,Sikorsky S 43 (flying boat)NC15066,Fort de France Martinique,Airways World American Pan,0,14,8,August,1945-08-03,4,10,71.42857142857143,0.2857142857142857,4,Sikorsky,4,1945-08
1920,Qtr 3,August,16,Maryland,De Havilland DH 4317,College Park Maryland,Service Mail Aerial US,0,1,8,August,1920-08-16,1,0,0.0,1.0,1,De Havilland,1,1920-08
2003,Qtr 3,August,26,Massachusetts,Beechcraft 1900DN240CJ,Off Hyannis Massachusetts,Express Airways US,0,2,8,August,2003-08-26,2,0,0.0,1.0,2,Beechcraft,2,2003-08
1958,Qtr 3,August,15,Massachusetts,Convair CV 240,Nantucket Massachusetts,Airlines Northeast,0,34,8,August,1958-08-15,25,9,26.47058823529412,0.7352941176470589,25,Convair,25,1958-08
1980,Qtr 3,August,7,Mauretania,Tupolev TU 154B,Nouadhibou Mauretania,TAROM,0,168,8,August,1980-08-07,1,167,99.40476190476191,0.005952380952380952,1,Tupolev,1,1980-08
1945,Qtr 3,August,1,Mexico,Boeing 247DXA DUY,Near San Luis Potosi Mexico,Mineras Aereas Lineas,0,12,8,August,1945-08-01,12,0,0.0,1.0,12,Boeing,12,1945-08
1988,Qtr 3,August,31,Mexico,Convair CV 240XA,Merida Mexico,Aerocaribe,0,20,8,August,1988-08-31,1,19,95.0,0.05,1,Convair,1,1988-08
1945,Qtr 3,August,11,Mexico,Douglas DC 2,Ixtaccihuati Mexico,Mexicana,0,16,8,August,1945-08-11,16,0,0.0,1.0,16,Douglas,16,1945-08
1980,Qtr 3,August,1,Mexico,Douglas DC 8,Cerro Lilio Mexico,Peru del Aeronaves,0,7,8,August,1980-08-01,3,4,57.14285714285714,0.42857142857142855,3,Douglas,3,1980-08
1988,Qtr 3,August,31,Mexico,Embraer 110P1 BandeiranteXC COX,Cerro de la Calera Mexico,Federal Aereo Transporte,0,20,8,August,1988-08-31,20,0,0.0,1.0,20,Embraer 110P1,20,1988-08
1981,Qtr 3,August,22,Miao-li,Boeing B 737,Near Sanyi Miao-li,Taiwan Far Eastern Air Transport,0,110,8,August,1981-08-22,110,0,0.0,1.0,110,Boeing,110,1981-08
1987,Qtr 3,August,16,Michigan,McDonnell Douglas MD 82N312RC,Romulus Michigan,Airlines Northwest,2,155,8,August,1987-08-16,154,1,0.6451612903225806,0.9935483870967742,156,McDonnell Douglas,156,1987-08
1948,Qtr 3,August,1,miles,Latecoere 631 (flying boat)F BDRC,1 miles,Atlantic Ocean Dakar off Air France,0,52,8,August,1948-08-01,52,0,0.0,1.0,52,Latecoere 631 (flying,52,1948-08
1948,Qtr 3,August,29,Minnesota,Martin 202NC93044,Near Winona Minnesota,Airlines Orient Northwest,0,37,8,August,1948-08-29,37,0,0.0,1.0,37,Martin,37,1948-08
1989,Qtr 3,August,13,Mississippi,Cessna 177RGN1976Q,Janice Mississippi,Private,0,2,8,August,1989-08-13,2,0,0.0,1.0,2,Cessna,2,1989-08
1955,Qtr 3,August,4,Missouri,Convair CV 240,Fort Leonard Wood Missouri,Airlines American,0,30,8,August,1955-08-04,30,0,0.0,1.0,30,Convair,30,1955-08
2011,Qtr 3,August,26,Missouri,Eurocopter AS350B2N352LN,Mosby Missouri,Life,0,4,8,August,2011-08-26,4,0,0.0,1.0,4,Eurocopter,4,2011-08
1936,Qtr 3,August,5,Missouri,Lockheed 10B ElectraNC16022,St. Louis Missouri,Airlines Southern Chicago,0,8,8,August,1936-08-05,8,0,0.0,1.0,8,Lockheed 18,8,1936-08
1934,Qtr 3,August,31,Missouri,Stinson SM 6000BNC11118,Amazonia Missouri,Transport Air Rapid,0,5,8,August,1934-08-31,5,0,0.0,1.0,5,Stinson,5,1934-08
1963,Qtr 3,August,14,Montana,Curtiss C 46F,Near Great Falls Montana,Co. Import & Export Air American,0,2,8,August,1963-08-14,1,1,50.0,0.5,1,Curtiss,1,1963-08
1994,Qtr 3,August,21,Morocco,Aerospatiale ATR 42,Near Agadir Morocco,Maroc Air Royal,0,44,8,August,1994-08-21,44,0,0.0,1.0,44,Aerospatiale,44,1994-08
1960,Qtr 3,August,17,Morocco,Avro Lancaster 1WU 26,Near El Kelaa Morocco,Aviation Naval French - Military,0,20,8,August,1960-08-17,20,0,0.0,1.0,20,Avro Lancaster,20,1960-08
1975,Qtr 3,August,3,Morocco,Boeing B 707,Near Immouzer Morocco,Airlines Jordanian Royal Alia,0,188,8,August,1975-08-03,188,0,0.0,1.0,188,Boeing,188,1975-08
1982,Qtr 3,August,12,Myanmar,de Havilland Canada DHC 6 Twin Otter 300XY,Mindat Myanmar,Airways Burma,0,8,8,August,1982-08-12,8,0,0.0,1.0,8,de Havilland Canada,8,1982-08
1998,Qtr 3,August,24,Myanmar,Fokker F 27 Friendship 600XY,Manibagi Myanmar,Airways Myanmar,0,44,8,August,1998-08-24,44,0,0.0,1.0,44,Fokker,44,1998-08
1988,Qtr 3,August,15,Afghan Republican Air Force,Antonov AN 22?,Northern AfghanistanMilitary - Afghan Republican Air Force,Unknown Operator,0,39,8,August,1988-08-15,39,0,0.0,1.0,39,Antonov,39,1988-08
1982,Qtr 3,August,11,Pacific OceanPan American World Airways,Boeing B 747,Pacific OceanPan American World Airways,Unknown Operator,0,285,8,August,1982-08-11,1,284,99.64912280701755,0.0035087719298245615,1,Boeing,1,1982-08
1947,Qtr 3,August,6,U.S. Navy,Consolidated PBY 5A Catalina34032,North Pacific OceanMilitary - U.S. Navy,Unknown Operator,0,20,8,August,1947-08-06,20,0,0.0,1.0,20,Consolidated,20,1947-08
1953,Qtr 3,August,5,U.S. Air Force,Convair B 3652,Off Irish coastMilitary - U.S. Air Force,Unknown Operator,0,23,8,August,1953-08-05,19,4,17.391304347826086,0.8260869565217391,19,Convair,19,1953-08
1924,Qtr 3,August,1,United StatesUS Aerial Mail Service,De Havilland DH 4297,United StatesUS Aerial Mail Service,Unknown Operator,0,1,8,August,1924-08-01,1,0,0.0,1.0,1,De Havilland,1,1924-08
1954,Qtr 3,August,12,VietnamAutrex,Douglas DC 3F,VietnamAutrex,Unknown Operator,0,3,8,August,1954-08-12,3,0,0.0,1.0,3,Douglas,3,1954-08
1943,Qtr 3,August,27,North SeaAB Aerotransport,Douglas DC 3SE,North SeaAB Aerotransport,Unknown Operator,0,7,8,August,1943-08-27,7,0,0.0,1.0,7,Douglas,7,1943-08
1965,Qtr 3,August,24,U.S. Marine Corps,Lockheed KC 130F149802,Hong KongMilitary - U.S. Marine Corps,Unknown Operator,0,72,8,August,1965-08-24,59,13,18.055555555555554,0.8194444444444444,59,Lockheed,59,1965-08
1940,Qtr 3,August,22,Gospic,Lockheed 10 Electra YU SBC,Gospic,Coatia Aeroput,0,11,8,August,1940-08-22,11,0,0.0,1.0,11,Lockheed 10 Electra,11,1940-08
1942,Qtr 3,August,22,TrinidadKLM Royal Dutch Airlines,Lockheed 14 ElectraPJ AIP,TrinidadKLM Royal Dutch Airlines,Unknown Operator,0,13,8,August,1942-08-22,13,0,0.0,1.0,13,Lockheed 18,13,1942-08
1936,Qtr 3,August,3,Ciudad Serdan,Lockheed 9 OrionXA BAY,Ciudad Serdan,Unknown Operator,0,1,8,August,1936-08-03,1,0,0.0,1.0,1,Lockheed,1,1936-08
1942,Qtr 3,August,21,?Deutsche Lufthansa,Siebel Si 204?,?Deutsche Lufthansa,Unknown Operator,0,4,8,August,1942-08-21,4,0,0.0,1.0,4,Siebel,4,1942-08
1917,Qtr 3,August,21,German Navy,Zeppelin L 23 (airship)?,Off western DenmarkMilitary - German Navy,Unknown Operator,0,18,8,August,1917-08-21,18,0,0.0,1.0,18,Zeppelin,18,1917-08
1965,Qtr 3,August,16,near,Boeing B 727,Lake Michigan near,Illinois Chicago United Air Lines,0,30,8,August,1965-08-16,30,0,0.0,1.0,30,Boeing,30,1965-08
1985,Qtr 3,August,12,near,Boeing B 747,Mt. Osutaka near,Japan Village Ueno Japan Air Lines,0,524,8,August,1985-08-12,520,4,0.7633587786259541,0.9923664122137404,520,Boeing,520,1985-08
1935,Qtr 3,August,15,near,Lockheed Orion 9E Explorer float planeNR12283,Walakpa near,Alaska Barrow Point Private,0,2,8,August,1935-08-15,2,0,0.0,1.0,2,Lockheed Orion 9E Explorer float,2,1935-08
1966,Qtr 3,August,6,Nebraska,BAC One Eleven 203AEN1553,Near Falls City Nebraska,Airlines Braniff,0,42,8,August,1966-08-06,42,0,0.0,1.0,42,BAC,42,1966-08
1944,Qtr 3,August,3,Nebraska,Douglas C 47A,Naper Nebraska,Forces Air Army U.S. - Military,0,28,8,August,1944-08-03,28,0,0.0,1.0,28,Douglas,28,1944-08
2002,Qtr 3,August,22,Nepal,de Havilland Canada DHC 6,Pokhara Nepal,Air La Shangri,0,18,8,August,2002-08-22,18,0,0.0,1.0,18,de Havilland Canada,18,2002-08
1998,Qtr 3,August,21,Nepal,de Havilland Canada DHC 6 Twin Otter 3009N,Near Ghorepani Nepal,Airways Lumbini,0,18,8,August,1998-08-21,18,0,0.0,1.0,18,de Havilland Canada,18,1998-08
2010,Qtr 3,August,24,Nepal,Dornier 228 1019NAHE,Bastipur Nepal,Air Agni,0,14,8,August,2010-08-24,14,0,0.0,1.0,14,Dornier,14,2010-08
1955,Qtr 3,August,30,Nepal,Douglas C 47AVT,Simra Nepal,Airlines Kalinga,0,3,8,August,1955-08-30,2,1,33.33333333333333,0.6666666666666666,2,Douglas,2,1955-08
1962,Qtr 3,August,1,Nepal,Douglas DC 39N,Near Kathmandu Nepal,Airlines Nepal Royal,0,10,8,August,1962-08-01,10,0,0.0,1.0,10,Douglas,10,1962-08
1970,Qtr 3,August,30,Netherlands,Britten Norman BN,Haringvreter Netherlands,Airways Continental Dutch,0,10,8,August,1970-08-30,3,7,70.0,0.3,3,Britten,3,1970-08
1970,Qtr 3,August,3,Nevada,Lockheed P 3A Orion152159,Near Las Vegas Nevada,Navy States United - Military,0,10,8,August,1970-08-03,10,0,0.0,1.0,10,Lockheed,10,1970-08
1978,Qtr 3,August,30,Nevada,Piper PA 31,Las Vegas Nevada,Airlines Vegas Las,0,10,8,August,1978-08-30,10,0,0.0,1.0,10,Piper,10,1978-08
1994,Qtr 3,August,12,New,Bell 206L 4N124NH,Whiting New,Helicopters National - Taxi JerseyAir,0,3,8,August,1994-08-12,3,0,0.0,1.0,3,Bell,3,1994-08
1959,Qtr 3,August,15,New,Boeing 707 123N7514A,Calverton New,Airlines YorkAmerican,0,5,8,August,1959-08-15,5,0,0.0,1.0,5,Boeing,5,1959-08
1989,Qtr 3,August,8,New,Britten Norman BN,Near Midford Sound New,Air ZealandAspring,0,10,8,August,1989-08-08,10,0,0.0,1.0,10,Britten,10,1989-08
1998,Qtr 3,August,19,New,Cessna 402CZK VAC,Foveaux Strait New,Aviation ZealandVincent,0,10,8,August,1998-08-19,5,5,50.0,0.5,5,Cessna,5,1998-08
1972,Qtr 3,August,28,New,de Havilland Canada DHC 4 CaribouA4,Papua New,Force Air Australian Royal - GuineaMilitary,0,29,8,August,1972-08-28,25,4,13.793103448275861,0.8620689655172413,25,de Havilland Canada,25,1972-08
1948,Qtr 3,August,9,New,Douglas C 47BZK,Port Underwood New,Airways National Zealand ZealandNew,0,2,8,August,1948-08-09,2,0,0.0,1.0,2,Douglas,2,1948-08
1947,Qtr 3,August,8,New,Douglas DC 3CNX88787,New York New,Airlines YorkAmerican,0,5,8,August,1947-08-08,3,2,40.0,0.6,3,Douglas,3,1947-08
2009,Qtr 3,August,8,New,Eurocopter AS 350BA / Piper PA,New York New,Private / Tours Sightseeing Helicopter YorkLiberty,0,9,8,August,2009-08-08,9,0,0.0,1.0,9,Eurocopter,9,2009-08
1933,Qtr 3,August,29,New,Ford 5 AT,Quay New,Air Western and Continental MexicoTrans,0,5,8,August,1933-08-29,5,0,0.0,1.0,5,Ford,5,1933-08
1938,Qtr 3,August,29,New,Ford Tri motorNC17316,Near Tucumcari New,Air &Western MexicoTranscontinental,0,11,8,August,1938-08-29,0,11,100.0,0.0,0,Ford,0,1938-08
2001,Qtr 3,August,24,New,Learjet 25N153TW,Ithaca New,Charter Jet YorkAmeristar,0,2,8,August,2001-08-24,2,0,0.0,1.0,2,Learjet,2,2001-08
1946,Qtr 3,August,9,New,Lockheed 18 56 Lodestar?,Lakehurst New,Airlines Central JerseyAtlantic,0,6,8,August,1946-08-09,4,2,33.33333333333333,0.6666666666666666,4,Lockheed,4,1946-08
1929,Qtr 3,August,11,New,Lockheed 5 VegaNC870E,Clovis New,Airlines States MexicoMiddle,0,4,8,August,1929-08-11,4,0,0.0,1.0,4,Lockheed,4,1929-08
2000,Qtr 3,August,9,New,Piper Navajo PA 31/ Piper Seminole PA,Burlington Township New,Private / Airways JerseyPatuxent,0,11,8,August,2000-08-09,11,0,0.0,1.0,11,Piper Navajo,11,2000-08
1982,Qtr 3,August,14,Nicaragua,Arava 201223,Near Managua Nicaragua,Force Air Nicaraguan - Military,0,20,8,August,1982-08-14,20,0,0.0,1.0,20,Arava,20,1982-08
1969,Qtr 3,August,3,Nigeria,Lockheed L 1049H Super ConstellationCF,Uli Nigeria,Air Canairelief,0,4,8,August,1969-08-03,4,0,0.0,1.0,4,Lockheed,4,1969-08
1954,Qtr 3,August,23,North,Douglas DC 6BPH,Off IJuuiden North,Airlines Dutch Royal SeaKLM,0,21,8,August,1954-08-23,21,0,0.0,1.0,21,Douglas,21,1954-08
1918,Qtr 3,August,11,North,Zeppelin L 53 (airship)?,Ameland Island North,Navy German - SeaMilitary,0,19,8,August,1918-08-11,19,0,0.0,1.0,19,Zeppelin,19,1918-08
1968,Qtr 3,August,31,Norway,de Havilland Canada DHC 3 OtterLN,Near Odda Norway,Westwing,0,6,8,August,1968-08-31,5,1,16.666666666666664,0.8333333333333334,5,de Havilland Canada,5,1968-08
1946,Qtr 3,August,7,Norway,Douglas C 47A,Oslo Norway,Airways European British,0,16,8,August,1946-08-07,3,13,81.25,0.1875,3,Douglas,3,1946-08
1947,Qtr 3,August,28,Norway,Short Sandringham (flying boat)LN IAV,Harsiad Norway,Airlines Norwegian,0,35,8,August,1947-08-28,35,0,0.0,1.0,35,Short Sandringham (flying,35,1947-08
1996,Qtr 3,August,29,Norway,Tupolev TU 154MRA,Near Longyearbyen Norway,Airlines Vnokovo,0,141,8,August,1996-08-29,141,0,0.0,1.0,141,Tupolev,141,1996-08
1961,Qtr 3,August,9,Norway,Vickers Viking 3BG AHPM,Sola Norway,Airways Eagle Cunard,0,39,8,August,1961-08-09,39,0,0.0,1.0,39,Vickers Viking,39,1961-08
2011,Qtr 3,August,20,Nunavut,Boeing B 737,Resolute Bay Nunavut,Canada First Air,0,15,8,August,2011-08-20,12,3,20.0,0.8,12,Boeing,12,2011-08
1979,Qtr 3,August,2,Ohio,Cessna 501 CitationN15NY,Canton Ohio,Private,0,3,8,August,1979-08-02,1,2,66.66666666666666,0.3333333333333333,1,Cessna 501,1,1979-08
2004,Qtr 3,August,13,Ohio,Convair CV 580N586P,Cincinnati Ohio,Taroma Air,0,2,8,August,2004-08-13,1,1,50.0,0.5,1,Convair,1,2004-08
1931,Qtr 3,August,9,Ohio,Ford 5 AT,Cincinnati Ohio,Airways American,0,6,8,August,1931-08-09,6,0,0.0,1.0,6,Ford,6,1931-08
1967,Qtr 3,August,27,Ohio,North American B 25 MitchellN3443G,Lake Erie off Huron Ohio,Private,0,22,8,August,1967-08-27,16,6,27.27272727272727,0.7272727272727273,16,North American,16,1967-08
1949,Qtr 3,August,9,Oman,Douglas C 47BKN336,Salalah Oman,Force Air Royal - Military,0,12,8,August,1949-08-09,12,0,0.0,1.0,12,Douglas,12,1949-08
1991,Qtr 3,August,28,Oregon,Aerospatiale 350B1N64SF,Walton Oregon,Inc. Bohemia - Taxi Air,0,3,8,August,1991-08-28,3,0,0.0,1.0,3,Aerospatiale,3,1991-08
1984,Qtr 3,August,4,Pakistan,Antonov AN 12BPCCCP,Nawabshah Pakistan,Aeroflot,0,24,8,August,1984-08-04,24,0,0.0,1.0,24,Antonov,24,1984-08
1948,Qtr 3,August,1,Pakistan,Avro 691 Lancastrian (flying boat)AP ACM,Karachi Pakistan,Onzeair,0,4,8,August,1948-08-01,4,0,0.0,1.0,4,Avro 691 Lancastrian (flying,4,1948-08
1970,Qtr 3,August,6,Pakistan,Fokker F 27 Friendship 200AP,Islamabad Pakistan,Airlines International Pakistan,0,30,8,August,1970-08-06,30,0,0.0,1.0,30,Fokker,30,1970-08
1989,Qtr 3,August,25,Pakistan,Fokker F 27 Friendship 200AP,Near Gilgit Pakistan,Airlines International Pakistan,0,54,8,August,1989-08-25,54,0,0.0,1.0,54,Fokker,54,1989-08
1988,Qtr 3,August,17,Pakistan,Lockheed C 130B Hercules23494,Bahawalpur Pakistan,Force Air Pakistan - Military,0,30,8,August,1988-08-17,30,0,0.0,1.0,30,Lockheed,30,1988-08
1959,Qtr 3,August,14,Pakistan,Vickers 815 ViscountAP AJE,Karachi Pakistan,Airlines International Pakistan,0,3,8,August,1959-08-14,2,1,33.33333333333333,0.6666666666666666,2,Vickers 815,2,1959-08
1965,Qtr 3,August,4,Panama,Douglas C 54DOB,Panama City Panama,Peruanes Internacionales Rutas,0,7,8,August,1965-08-04,7,0,0.0,1.0,7,Douglas,7,1965-08
1937,Qtr 3,August,2,Panama,Sikorsky S 43NC15065,Off Cristobal Panama,Airways Grace American Pan,0,14,8,August,1937-08-02,14,0,0.0,1.0,14,Sikorsky,14,1937-08
2015,Qtr 3,August,16,Papua,ATR 42 300PK,Tangok mountain Papua,Service Air Trigana,0,54,8,August,2015-08-16,54,0,0.0,1.0,54,ATR,54,2015-08
2009,Qtr 3,August,11,Papua,de Havilland Canada DHC 6 Twin Otter 300P2,Near Port Moresby Papua,PNG Airlines Guinea New,0,13,8,August,2009-08-11,13,0,0.0,1.0,13,de Havilland Canada,13,2009-08
1937,Qtr 3,August,27,Papua,Stinson SR 7 ReliantVH,Wau Papua,Airways GuineaGuinea New,1,1,8,August,1937-08-27,1,0,0.0,1.0,2,Stinson,2,1937-08
1959,Qtr 3,August,27,Paraguay,de Havilland DH 106 Comet 4LV,Near Asuncion Paraguay,Argentinas Aerolineas,0,50,8,August,1959-08-27,2,48,96.0,0.04,2,De Havilland,2,1959-08
1947,Qtr 3,August,23,Persian,Short Sandringham 5 (flying boat)G AHZB,Bahrain Persian,Airways Overseas GulfBritish,0,26,8,August,1947-08-23,10,16,61.53846153846154,0.38461538461538464,10,Short Sandringham 5 (flying,10,1947-08
2005,Qtr 3,August,23,Peru,Boeing B 737,Near Pucallpa Peru,Peru TANS,0,98,8,August,2005-08-23,40,58,59.183673469387756,0.40816326530612246,40,Boeing,40,2005-08
1992,Qtr 3,August,27,Peru,de Havilland Canada DHC 6 Twin Otter 300FAP304,Near Iquitos Peru,TANS - Force Air Peruvian - Military,0,41,8,August,1992-08-27,8,33,80.48780487804879,0.1951219512195122,8,de Havilland Canada,8,1992-08
1962,Qtr 3,August,24,Peru,Douglas DC 3OB,Cerro Puena Paz Peru,Faucett,0,9,8,August,1962-08-24,9,0,0.0,1.0,9,Douglas,9,1962-08
1970,Qtr 3,August,9,Peru,Lockheed 188A ElectraOB R939,Near Cuzco Peru,(Peru) SA Nacionales Aereas Lineas,2,100,8,August,1970-08-09,99,1,1.0,0.99,101,Lockheed 18,101,1970-08
2012,Qtr 3,August,18,Philippines,PA 34,Off Masbate Island Philippines,Inc. Fly'n Aviatour's,0,4,8,August,2012-08-18,3,1,25.0,0.75,3,PA,3,2012-08
1974,Qtr 3,August,5,Unknown,Douglas DC 3C,Mt. Apica PQ,Canada Laurentian Air Services,0,11,8,August,1974-08-05,5,6,54.54545454545454,0.45454545454545453,5,Douglas,5,1974-08
1984,Qtr 3,August,2,Puerto,Britten Norman BN,Vieques Puerto,Link Air RicoVieques,0,9,8,August,1984-08-02,9,0,0.0,1.0,9,Britten,9,1984-08
2002,Qtr 3,August,7,Puerto,Lockheed MC 130H Hercules90,Caguas Puerto,Force Air U.S. - RicoMilitary,0,10,8,August,2002-08-07,10,0,0.0,1.0,10,Lockheed,10,2002-08
1957,Qtr 3,August,11,Quebec,Douglas DC 4CF,Near Issoudun Quebec,Canada Maritime Central Airways,0,79,8,August,1957-08-11,79,0,0.0,1.0,79,Douglas,79,1957-08
1923,Qtr 3,August,27,Romania,Blériot Spad 46F AEGN,Bucharest Romania,Roumaine France Campagnie,0,2,8,August,1923-08-27,2,0,0.0,1.0,2,Blériot Spad,2,1923-08
1943,Qtr 3,August,1,Romania,Consolidated B 24?,Ploesti Romania,Forces Air Army U.S. - Military,63,10,8,August,1943-08-01,10,0,0.0,1.0,73,Consolidated,73,1943-08
1937,Qtr 3,August,6,Romania,Douglas DC 2CCCP,Bistrita Romania,Aeroflot,0,5,8,August,1937-08-06,5,0,0.0,1.0,5,Douglas,5,1937-08
1940,Qtr 3,August,23,Romania,Douglas DC 3YR,Cluj Romania,LARES,0,15,8,August,1940-08-23,15,0,0.0,1.0,15,Douglas,15,1940-08
1966,Qtr 3,August,11,Romania,Ilyushin IL 14YR,Near Sibiu Romania,TAROM,0,24,8,August,1966-08-11,24,0,0.0,1.0,24,Ilyushin,24,1966-08
1991,Qtr 3,August,14,Romania,Ilyushin IL 18VYR,Near Uricani Romania,TAROM,0,9,8,August,1991-08-14,9,0,0.0,1.0,9,Ilyushin,9,1991-08
1947,Qtr 3,August,13,Romania,Lisunov Li 2YR,Bucharest Romania,Romano-Sovietice Aeriene Transporturile,0,8,8,August,1947-08-13,3,5,62.5,0.375,3,Lisunov,3,1947-08
1938,Qtr 3,August,18,Romania,Lockheed 14 Super ElectraSP BNJ,Bucharest Romania,Airlines Polish Lot,0,7,8,August,1938-08-18,0,7,100.0,0.0,0,Lockheed 14 Super,0,1938-08
1955,Qtr 3,August,5,Russia,AeroflotL5057,Near Voronezh Russia,Aeroflot,0,25,8,August,1955-08-05,25,0,0.0,1.0,25,AeroflotL5057,25,1955-08
2011,Qtr 3,August,9,Russia,Antonov 12RA 11125,Near Omsukchan Russia,Amur Avis,0,11,8,August,2011-08-09,11,0,0.0,1.0,11,Antonov,11,2011-08
1994,Qtr 3,August,5,Russia,Antonov AN 12?,Near Boda Russia,Force Air Russian - Military,0,47,8,August,1994-08-05,47,0,0.0,1.0,47,Antonov,47,1994-08
2010,Qtr 3,August,3,Russia,Antonov An 24 VRA,Igarka Russia,Airline Katekavia,0,15,8,August,2010-08-03,12,3,20.0,0.8,12,Antonov,12,2010-08
1981,Qtr 3,August,24,Russia,Antonov AN 24RV / Soviet Air Force TU,Near Zavitinsk Russia,Force Air Russian - Military / Aeroflot,0,32,8,August,1981-08-24,31,1,3.125,0.96875,31,Antonov,31,1981-08
2002,Qtr 3,August,29,Russia,Antonov AN 28RA,Near Ayan Russia,Aviakompania Vostok,0,16,8,August,2002-08-29,16,0,0.0,1.0,16,Antonov,16,2002-08
1969,Qtr 3,August,26,Russia,Antonov AN 2CCCP,Khovu-Aksy Russia,Aeroflot,0,14,8,August,1969-08-26,14,0,0.0,1.0,14,Antonov,14,1969-08
1975,Qtr 3,August,9,Russia,Ilyushin IL 14M CCCP,Bagdarin Russia,Aeroflot,0,11,8,August,1975-08-09,11,0,0.0,1.0,11,Ilyushin,11,1975-08
1963,Qtr 3,August,24,Russia,Ilyushin IL 14PCCCP,Near Kutaisa Russia,Aeroflot,0,32,8,August,1963-08-24,32,0,0.0,1.0,32,Ilyushin,32,1963-08
1969,Qtr 3,August,26,Russia,Ilyushin IL 18 CCCP,Moscow Russia,Aeroflot,0,102,8,August,1969-08-26,16,86,84.31372549019608,0.1568627450980392,16,Ilyushin,16,1969-08
1972,Qtr 3,August,31,Russia,Ilyushin IL 18CCCP,Near Magnitogorsk Russia,Aeroflot,0,102,8,August,1972-08-31,102,0,0.0,1.0,102,Ilyushin,102,1972-08
1929,Qtr 3,August,24,Russia,Kalinin K 4CCCP,Sochi Russia,Ukvozduchput,0,1,8,August,1929-08-24,1,0,0.0,1.0,1,Kalinin,1,1929-08
1988,Qtr 3,August,26,Russia,Let 410MUCCCP 67235,Irkutsk Russia,Aeroflot,0,4,8,August,1988-08-26,4,0,0.0,1.0,4,Let,4,1988-08
1993,Qtr 3,August,26,Russia,Let 410UVP ERA,Near Aldan Russia,Airlines Sakha,0,24,8,August,1993-08-26,24,0,0.0,1.0,24,Let,24,1993-08
1954,Qtr 3,August,26,Russia,Lisunov LI 2CCCP,Sakhalin Oblast Russia,Aeroflot,1,27,8,August,1954-08-26,26,1,3.7037037037037033,0.9629629629629629,27,Lisunov,27,1954-08
2003,Qtr 3,August,20,Russia,Mi 8 helicopter?,Kamchatka Peninsula Russia,Khalatyrka,0,20,8,August,2003-08-20,20,0,0.0,1.0,20,Mil,20,2003-08
2004,Qtr 3,August,24,Russia,Tupolev 134A 3RA,Near Toula Russia,Express Volga-Avia,0,41,8,August,2004-08-24,41,0,0.0,1.0,41,Tupolev,41,2004-08
2004,Qtr 3,August,24,Russia,Tupolev 154B 2RA,Near Rostov-on-Don Russia,Airlines Sibir,0,46,8,August,2004-08-24,46,0,0.0,1.0,46,Tupolev,46,2004-08
1958,Qtr 3,August,15,Russia,Tupolev TU 104,Near Chita Russia,Aeroflot,0,64,8,August,1958-08-15,64,0,0.0,1.0,64,Tupolev,64,1958-08
1979,Qtr 3,August,29,Russia,Tupolev Tu 124CCCP,Near Kirsanov Russia,Aeroflot,0,63,8,August,1979-08-29,63,0,0.0,1.0,63,Tupolev,63,1979-08
1963,Qtr 3,August,21,Russia,Tupolev Tu 124CCCP,Near Leningrad Russia,Aeroflot,0,52,8,August,1963-08-21,0,52,100.0,0.0,0,Tupolev,0,1963-08
1979,Qtr 3,August,11,Russia,Tupolev TU 134A / Tupolev Tu,Near Volgograd Russia,Aeroflot / Aeroflot,0,178,8,August,1979-08-11,178,0,0.0,1.0,178,Tupolev,178,1979-08
1992,Qtr 3,August,27,Russia,Tupolev TU 134ACCCP,Near Ivanovo Russia,Aeroflot,0,84,8,August,1992-08-27,84,0,0.0,1.0,84,Tupolev,84,1992-08
1981,Qtr 3,August,29,Russia,Yakovlev YAK 40CCCP,Zeya Russia,Aeroflot,0,34,8,August,1981-08-29,3,31,91.17647058823529,0.08823529411764706,3,Yakovlev,3,1981-08
1995,Qtr 3,August,9,San,Boeing B 737,Mt. Chichontepec San,El Salvador Vincente Aviateca,0,65,8,August,1995-08-09,65,0,0.0,1.0,65,Boeing,65,1995-08
1980,Qtr 3,August,19,Saudi,Lockheed 1011 200 TriStarHZ,Riyadh Saudi,Airlines Arabian ArabiaSaudi,0,301,8,August,1980-08-19,301,0,0.0,1.0,301,Lockheed,301,1980-08
1941,Qtr 3,August,14,Scotland,Consolidated LB 30A LiberatorAM260,Ayr Scotland,Force Air Royal - Military,0,22,8,August,1941-08-14,22,0,0.0,1.0,22,Consolidated,22,1941-08
1941,Qtr 3,August,10,Scotland,Consolidated LB 30A LiberatorAM261,Arran Scotland,Force Air -Royal Military,0,22,8,August,1941-08-10,22,0,0.0,1.0,22,Consolidated,22,1941-08
1944,Qtr 3,August,28,Scotland,Douglas C 54A,Preswick Scotland,Forces Air Army U.S. - Military,5,20,8,August,1944-08-28,20,0,0.0,1.0,25,Douglas,25,1944-08
1942,Qtr 3,August,23,Scotland,Short SunderlandW4026,Near Dunbeath Scotland,Force Air Royal - Military,0,15,8,August,1942-08-23,14,1,6.666666666666667,0.9333333333333333,14,Short,14,1942-08
1960,Qtr 3,August,29,Senegal,Lockheed 1049G Super ConstellationF BHBC,Off Dakar Senegal,France Air,0,63,8,August,1960-08-29,63,0,0.0,1.0,63,Lockheed 1049G Super,63,1960-08
2013,Qtr 3,August,9,Somalia,Antonov AN 12?,Mogadishu Somalia,Force Air Ethiopian - Military,0,6,8,August,2013-08-09,4,2,33.33333333333333,0.6666666666666666,4,Antonov,4,2013-08
2008,Qtr 3,August,13,Somalia,Fokker F 27 Friendship 5005Y,K-50 Airport Somalia,540 Fly,0,3,8,August,2008-08-13,3,0,0.0,1.0,3,Fokker,3,2008-08
1994,Qtr 3,August,10,South,Airbus A300B4 622RHL,Cheju South,Airlines KoreaKorean,0,160,8,August,1994-08-10,0,160,100.0,0.0,0,Airbus,0,1994-08
2020,Qtr 3,August,22,South,Antonov 26BEX 126,Juba South,Aviaiton West SudanSouth,0,8,8,August,2020-08-22,7,1,12.5,0.875,7,Antonov,7,2020-08
1995,Qtr 3,August,2,South,Antonov An 2RRA,Johannesburg South,Air AfricaAero,0,3,8,August,1995-08-02,3,0,0.0,1.0,3,Antonov,3,1995-08
1970,Qtr 3,August,26,South,Boeing Vertol CH47B (helicopter)67 18445,Near Tam Ky South,Army U.S. - VietnamMilitary,0,32,8,August,1970-08-26,30,2,6.25,0.9375,30,Boeing Vertol CH47B,30,1970-08
1966,Qtr 3,August,17,South,Chance Vought F 8E150321,Near Da Nang South,Corps Marine U.S. - VietnamMilitary,33,1,8,August,1966-08-17,0,1,100.0,0.0,33,Chance Vought,33,1966-08
1954,Qtr 3,August,27,South,Convair RB 36H51,Near Rapid City South,Force Air U.S. - DekotaMilitary,0,27,8,August,1954-08-27,26,1,3.7037037037037033,0.9629629629629629,26,Convair,26,1954-08
1998,Qtr 3,August,24,South,DC 3,Pretoria South,Couriers Service AfricaSpeed,0,2,8,August,1998-08-24,1,1,50.0,0.5,1,DC,1,1998-08
1972,Qtr 3,August,12,South,Lockheed C 130E62,Near Soc Trang South,Force Air U.S. - VietnamMilitary,0,44,8,August,1972-08-12,30,14,31.818181818181817,0.6818181818181818,30,Lockheed,30,1972-08
2001,Qtr 3,August,29,Spain,CASA CN 235,Near Malaga Spain,Mediterráneo Binter,0,47,8,August,2001-08-29,4,43,91.48936170212765,0.0851063829787234,4,CASA,4,2001-08
1959,Qtr 3,August,19,Spain,Douglas DC 3G,Near Barcelona Spain,Transair,0,32,8,August,1959-08-19,32,0,0.0,1.0,32,Douglas,32,1959-08
1939,Qtr 3,August,4,Spain,Junkers JU 52/3mD,Barcelona Spain,Lufthansa Deutsche,0,7,8,August,1939-08-04,7,0,0.0,1.0,7,Junkers,7,1939-08
1973,Qtr 3,August,28,Spain,Lockheed C 141A63,Near Huete Spain,Force Air U.S. - Military,0,25,8,August,1973-08-28,24,1,4.0,0.96,24,Lockheed,24,1973-08
2008,Qtr 3,August,20,Spain,McDonnell Douglas MD 82EC,Madrid Spain,Spanair,0,172,8,August,2008-08-20,154,18,10.465116279069768,0.8953488372093024,154,McDonnell Douglas,154,2008-08
1973,Qtr 3,August,13,Spain,Sud Aviation Caravelle 10,Near La Coruña Spain,Condor Aviaco,1,85,8,August,1973-08-13,85,0,0.0,1.0,86,Sud,86,1973-08
1976,Qtr 3,August,9,Spain Moron,Douglas C 54ET4/11,Moron AFB Spain Moron,SpainMoron AFB AFB,0,32,8,August,1976-08-09,12,20,62.5,0.375,12,Douglas,12,1976-08
2002,Qtr 3,August,15,Sri,Yunshuji Y 8DCR,Kadjuduwa Watta Sri,Force Air Lanka Sri - LankaMilitary,0,5,8,August,2002-08-15,5,0,0.0,1.0,5,Yunshuji,5,2002-08
2012,Qtr 3,August,19,Sudan,Antonov An 26,Talodi Sudan,Airlines Alfa,0,32,8,August,2012-08-19,32,0,0.0,1.0,32,Antonov,32,2012-08
1952,Qtr 3,August,29,Sudan,Douglas DC 2,Kosti Sudan,Airlines Phoenix,0,4,8,August,1952-08-29,2,2,50.0,0.5,2,Douglas,2,1952-08
1986,Qtr 3,August,16,Sudan,Fokker F 27 Friendship 400MST,Malakal Sudan,Airways Sudan,0,60,8,August,1986-08-16,60,0,0.0,1.0,60,Fokker,60,1986-08
1937,Qtr 3,August,2,Sudan,Savoia Marchetti SM73I,Wadi Halfa Sudan,Littoria Ala,0,9,8,August,1937-08-02,9,0,0.0,1.0,9,Savoia,9,1937-08
1947,Qtr 3,August,9,Sweden,Douglas DC 3FSE,Malmo Sweden,Aerotransport AB,0,5,8,August,1947-08-09,1,4,80.0,0.2,1,Douglas,1,1947-08
2018,Qtr 3,August,4,Switzerland,Junkers JU 52HB,Flims Switzerland,Air Ju,1,20,8,August,2018-08-04,20,0,0.0,1.0,21,Junkers,21,2018-08
1975,Qtr 3,August,20,Syria,Ilyushin IL 62OK,Near Damascus Syria,Aerolinie Ceskoslovenske,0,128,8,August,1975-08-20,126,2,1.5625,0.984375,126,Ilyushin,126,1975-08
1997,Qtr 3,August,10,Taiwan,Dornier Do 228,Matsu Island Taiwan,Airlines Formosa,0,16,8,August,1997-08-10,16,0,0.0,1.0,16,Dornier,16,1997-08
1999,Qtr 3,August,24,Taiwan,McDonnell Douglas MD 90,Hualian Taiwan,Air Uni,0,96,8,August,1999-08-24,1,95,98.95833333333334,0.010416666666666666,1,McDonnell Douglas,1,1999-08
1970,Qtr 3,August,12,Taiwan,NAMC YS 11A,Taipei Taiwan,(Taiwan) Airlines China,0,31,8,August,1970-08-12,14,17,54.83870967741935,0.45161290322580644,14,NAMC,14,1970-08
1993,Qtr 3,August,28,Tajikistan,Yakovlev YAK 40CCCP,Khorag Tajikistan,Airlines Tajikistan,0,86,8,August,1993-08-28,82,4,4.651162790697675,0.9534883720930233,82,Yakovlev,82,1993-08
2014,Qtr 3,August,31,Tanzania,Fokker F 27 MK 5005Y,Mwanza Tanzania,Cargo Express Safari,0,3,8,August,2014-08-31,3,0,0.0,1.0,3,Fokker,3,2014-08
1984,Qtr 3,August,11,Tennessee,Douglas DC 3N70003,Near Memphis Tennessee,Enterprises Aviation,0,3,8,August,1984-08-11,3,0,0.0,1.0,3,Douglas,3,1984-08
2001,Qtr 3,August,24,Terceira,Airbus A 330,Lajes Terceira,Azores Air Transat,0,304,8,August,2001-08-24,0,304,100.0,0.0,0,Airbus,0,2001-08
1988,Qtr 3,August,31,Texas,Boeing B 727,Dallas Texas,Lines Air Delta,0,108,8,August,1988-08-31,14,94,87.03703703703704,0.12962962962962962,14,Boeing,14,1988-08
1985,Qtr 3,August,2,Texas,Lockheed L 1011,Ft. Worth-Dallas Texas,Lines Air Delta,1,163,8,August,1985-08-02,134,29,17.791411042944784,0.8220858895705522,135,Lockheed,135,1985-08
1935,Qtr 3,August,14,Texas,Stinson Model ANC14599,Near Gilmer Texas,Lines Air Delta,0,4,8,August,1935-08-14,4,0,0.0,1.0,4,Stinson Model,4,1935-08
2009,Qtr 3,August,4,Thailand,ATR 72,Koh Samui Thailand,Airlines Bangkok,0,72,8,August,2009-08-04,1,71,98.61111111111111,0.013888888888888888,1,ATR,1,2009-08
2008,Qtr 3,August,6,Thailand,Bell Huey UH 1H?,Sunat Tanon Thailand,Force Air Thai Royal - Military,0,10,8,August,2008-08-06,10,0,0.0,1.0,10,Bell Huey,10,2008-08
1987,Qtr 3,August,31,Thailand,Boeing B 737,Off Ko Phuket Thailand,Airways Thai,0,83,8,August,1987-08-31,83,0,0.0,1.0,83,Boeing,83,1987-08
1953,Qtr 3,August,3,Turkey,Lockheed L 749A ConstellationF,Off Fethiye Point Turkey,France Air,0,42,8,August,1953-08-03,4,38,90.47619047619048,0.09523809523809523,4,Lockheed,4,1953-08
1969,Qtr 3,August,3,Ukraine,Antonov An 24B CCCP,Preobrazhenka Ukraine,Aeroflot,0,55,8,August,1969-08-03,55,0,0.0,1.0,55,Antonov,55,1969-08
1960,Qtr 3,August,17,Ukraine,Ilyushin IL 18BCCCP,Near Kiev Ukraine,Aeroflot,0,34,8,August,1960-08-17,34,0,0.0,1.0,34,Ilyushin,34,1960-08
2006,Qtr 3,August,22,Ukraine,Tupolev TU 154MRA,Near Donetsk Ukraine,Airlines Pulkovo,0,170,8,August,2006-08-22,170,0,0.0,1.0,170,Tupolev,170,2006-08
2016,Qtr 3,August,5,United,Boeing 777 31HA6,Dubai United,EmiratesEmirates Arab,1,300,8,August,2016-08-05,0,300,100.0,0.0,1,Boeing,1,2016-08
1953,Qtr 3,August,3,United,Douglas DC 3AP,Sharjah United,Airways EmiratesOrient Arab,0,25,8,August,1953-08-03,1,24,96.0,0.04,1,Douglas,1,1953-08
1923,Qtr 3,August,27,United,Farman F.60 GoliathF AECB,East Mallling United,Union KingdomAir,0,11,8,August,1923-08-27,1,10,90.9090909090909,0.09090909090909091,1,Farman F.60,1,1923-08
1974,Qtr 3,August,11,Upper,Ilyushin IL 18BTZ,Near Ouagadougou Upper,Mali VoltaAir,0,60,8,August,1974-08-11,47,13,21.666666666666668,0.7833333333333333,47,Ilyushin,47,1974-08
1979,Qtr 3,August,24,USSRAeroflot,Antonov AN 12CCCP,Near Enisseysk USSRAeroflot,Unknown Operator,0,16,8,August,1979-08-24,11,5,31.25,0.6875,11,Antonov,11,1979-08
1979,Qtr 3,August,3,USSRAeroflot,LET 410M turbojetCCCP 67206,Leningrad USSRAeroflot,Unknown Operator,0,14,8,August,1979-08-03,14,0,0.0,1.0,14,LET 410M,14,1979-08
1975,Qtr 3,August,15,USSRAeroflot,Yakovlev YAK 40CCCP,Krasnovodsk USSRAeroflot,Unknown Operator,0,38,8,August,1975-08-15,23,15,39.473684210526315,0.6052631578947368,23,Yakovlev,23,1975-08
1947,Qtr 3,August,21,Utah,Curtiss C 46ENC59488,Hanksville Utah,Airways Slick,0,3,8,August,1947-08-21,3,0,0.0,1.0,3,Curtiss,3,1947-08
1999,Qtr 3,August,26,Uzbekistan,Yakovlev YAK 40UK,Turtkul Uzbekistan,Airways Uzbekistan,0,33,8,August,1999-08-26,2,31,93.93939393939394,0.06060606060606061,2,Yakovlev,2,1999-08
1944,Qtr 3,August,29,Västergötland,Lockheed 18 56 LoadstarG,Near Lidköping Västergötland,Swden British Overseas Airways,0,15,8,August,1944-08-29,11,4,26.666666666666668,0.7333333333333333,11,Lockheed,11,1944-08
2003,Qtr 3,August,8,Venezuela,Cessna 208B Grand CaravanYV 1069C,Tocomita Venezuela,(SASCA) Sucre Aeronauticos Servicios,0,16,8,August,2003-08-08,1,15,93.75,0.0625,1,Cessna 208B Grand,1,2003-08
1972,Qtr 3,August,27,Venezuela,Douglas C 47,Canaima Venezuela,Venezolanas Areas Lineas,0,34,8,August,1972-08-27,34,0,0.0,1.0,34,Douglas,34,1972-08
1948,Qtr 3,August,20,Venezuela,Douglas C 47AYV,La Guaira Venezuela,Avensa,0,3,8,August,1948-08-20,3,0,0.0,1.0,3,Douglas,3,1948-08
1968,Qtr 3,August,20,Venezuela,Hawker Siddeley HS 748,Near Maturin Venezuela,Venezolana Aeropostal Linea,0,7,8,August,1968-08-20,4,3,42.857142857142854,0.5714285714285714,4,Hawker Siddeley,4,1968-08
2005,Qtr 3,August,16,Venezuela,McDonnell Douglas MD 82HK,Near La Cucharita Venezuela,Airways Caribbean West,0,160,8,August,2005-08-16,160,0,0.0,1.0,160,McDonnell Douglas,160,2005-08
2010,Qtr 3,August,27,Venezuela,Mi 17V 5GN10139,Buena Vista Venezuela,Guard National Venezuelan - Military,0,10,8,August,2010-08-27,10,0,0.0,1.0,10,Mil,10,2010-08
1997,Qtr 3,August,29,Venezuela,Pilatus PC 6 Turbo Porter / Cessna 206FAC1115,Puerto Inirida Venezuela,Satena,0,12,8,August,1997-08-29,12,0,0.0,1.0,12,Pilatus,12,1997-08
2004,Qtr 3,August,21,Venezuela,Shorts 360FAV 1652,Near Maracay Venezuela,Force Air Venezuelan - Military,0,25,8,August,2004-08-21,25,0,0.0,1.0,25,Short,25,2004-08
1974,Qtr 3,August,14,Venezuela,Vickers Viscount 749YV C,Margarita Island Venezuela,Venezolana Aeropostal Linea,0,49,8,August,1974-08-14,49,0,0.0,1.0,49,Vickers Viscount,49,1974-08
1938,Qtr 3,August,12,Vera,Lockheed 10E ElectraX ABAS,Near San Andres Tuxtla Vera,Mexico Cruz Mexicana,0,11,8,August,1938-08-12,11,0,0.0,1.0,11,Lockheed 18,11,1938-08
2006,Qtr 3,August,4,Vermont,Embraer 110 BandeiranteN59BA,Near Pownal Vermont,Air,0,1,8,August,2006-08-04,1,0,0.0,1.0,1,Embraer 110,1,2006-08
1976,Qtr 3,August,28,Vietnam,Sud Aviation SE 210 Caravelle IIIF BSGZ,Ho Chi Minh City Vietnam,France Air,0,20,8,August,1976-08-28,1,19,95.0,0.05,1,Sud Aviation SE 210 Caravelle,1,1976-08
1940,Qtr 3,August,31,Virginia,Douglas DC 3NC21789,Near Lovettsville Virginia,Airlines Central Pennsylvania,0,25,8,August,1940-08-31,25,0,0.0,1.0,25,Douglas,25,1940-08
1971,Qtr 3,August,18,West,Boeing Vertol CH 47A (helicopter)66,Near Pegnitz West,Army U.S. - GermanyMilitary,0,37,8,August,1971-08-18,37,0,0.0,1.0,37,Boeing Vertol,37,1971-08
1952,Qtr 3,August,26,West,Bristol 170 FreighterG783,Near Khewra West,Force Air Pakistan - PakistanMilitary,0,18,8,August,1952-08-26,18,0,0.0,1.0,18,Bristol 170,18,1952-08
1968,Qtr 3,August,10,West,Fairchild Hiller FH,Charleston West,Airlines VirginiaPiedmont,0,37,8,August,1968-08-10,35,2,5.405405405405405,0.9459459459459459,35,Fairchild,35,1968-08
1955,Qtr 3,August,11,West,Fairchild C119G / Fairchild C119G53 3222/53,Near Edelweiler West,Air U.S. - Military / Force Air U.S. - GermanyMilitary,0,67,8,August,1955-08-11,67,0,0.0,1.0,67,Fairchild C119G / Fairchild,67,1955-08
1990,Qtr 3,August,27,Wisconsin,Bell BHT 206,Elkhorn Wisconsin,Helicopters Omniflight - Private,0,5,8,August,1990-08-27,5,0,0.0,1.0,5,Bell,5,1990-08
1968,Qtr 3,August,4,Wisconsin,Convair CV 580 / Cessna 150N4634S / N8742S,Milwaukee Wisconsin,Private / Airlines Central North,0,15,8,August,1968-08-04,3,12,80.0,0.2,3,Convair,3,1968-08
1996,Qtr 3,August,17,Wyoming,Lockheed C 130H Hercules74,Near Jackson Hole Wyoming,Force Air U.S. - Military,0,9,8,August,1996-08-17,9,0,0.0,1.0,9,Lockheed,9,1996-08
1935,Qtr 3,August,15,Wyoming,"Waco, model YLCNC14140",Near Glendo Wyoming,Co Transit Mayflower Aero,0,3,8,August,1935-08-15,3,0,0.0,1.0,3,"Waco, model",3,1935-08
1985,Qtr 3,August,15,Yemen,Boeing 707 336C7O,Aden Yemen,Airlines Alyemda,0,73,8,August,1985-08-15,3,70,95.8904109589041,0.0410958904109589,3,Boeing,3,1985-08
1996,Qtr 3,August,19,Yugosalvia,Ilyushin IL 76TRA,Belgrade Yugosalvia,Transport Air Spair,0,12,8,August,1996-08-19,12,0,0.0,1.0,12,Ilyushin,12,1996-08
1949,Qtr 3,August,27,Zaire,Douglas C 47B,Leopoldville Zaire,Sabena,0,20,8,August,1949-08-27,5,15,75.0,0.25,5,Douglas,5,1949-08
1974,Qtr 3,August,18,Zaire,Lockheed C 130H9T,Near Kisangani Zaire,Force Air Zairean - Military,0,31,8,August,1974-08-18,31,0,0.0,1.0,31,Lockheed,31,1974-08
1974,Qtr 4,December,1,Bear Mountain,Boeing B 727,Bear Mountain,New York Thiells Northwest Orient Airlines,0,3,12,December,1974-12-01,3,0,0.0,1.0,3,Boeing,3,1974-12
1972,Qtr 4,December,3,Tenerife,Convair CV 990,Tenerife,IslandsSpantax Canary,0,155,12,December,1972-12-03,155,0,0.0,1.0,155,Convair,155,1972-12
1970,Qtr 4,December,31,Near Shemshernagar,Fokker F 27 Friendship 200 AP,Near Shemshernagar,Airlines International PakistanPakistan,0,35,12,December,1970-12-31,7,28,80.0,0.2,7,Fokker,7,1970-12
1963,Qtr 4,December,12,Afghanistan,Douglas C 54AOD,Gazni Afghanistan,Airways Mediterranean Trans,0,3,12,December,1963-12-12,3,0,0.0,1.0,3,Douglas,3,1963-12
1927,Qtr 4,December,31,Airlines,Latécoère 23 (flying boat)F AIHP,Near Marseille Airlines,Unknown Operator,0,5,12,December,1927-12-31,5,0,0.0,1.0,5,Latécoère 23 (flying,5,1927-12
1968,Qtr 4,December,26,Alaska,Boeing 707 321CFN799PA,Elmendorf Air Force Base Alaska,Airways World American Pan,0,3,12,December,1968-12-26,3,0,0.0,1.0,3,Boeing,3,1968-12
1959,Qtr 4,December,17,Alaska,Consolidated PBY 5A CatalinaN64T,Ketchikan Alaska,Aircraft California,0,3,12,December,1959-12-17,3,0,0.0,1.0,3,Consolidated,3,1959-12
1951,Qtr 4,December,30,Alaska,Curtiss C 46F CUN68963,Near Fairbanks Alaska,Lines Air Transocean,0,4,12,December,1951-12-30,4,0,0.0,1.0,4,Curtiss,4,1951-12
2007,Qtr 4,December,3,Alaska,Eurocopter Deutschland BK117C1N141LG,Off Whittier Alaska,Inc. Helicopters Alaska Evergreen,0,4,12,December,2007-12-03,4,0,0.0,1.0,4,Eurocopter Deutschland,4,2007-12
1968,Qtr 4,December,2,Alaska,Fairchild F 27BN4905,Pedro Bay Alaska,Airlines Consolidated Wien,0,39,12,December,1968-12-02,39,0,0.0,1.0,39,Fairchild,39,1968-12
1974,Qtr 4,December,11,Alaska,Grumman G 21N1583V,Near Old Harbors Alaska,Airways Kodiak,0,5,12,December,1974-12-11,5,0,0.0,1.0,5,Grumman,5,1974-12
1968,Qtr 4,December,24,Alaska,Lockheed L 100 HerculesN760AL,Prudhoe Bay Alaska,Airways Interior,0,4,12,December,1968-12-24,2,2,50.0,0.5,2,Lockheed,2,1968-12
1992,Qtr 4,December,21,Algarve,McDonnell Douglas DC 10,Faro Algarve,Portugalc Holland NV,0,340,12,December,1992-12-21,56,284,83.52941176470588,0.16470588235294117,56,McDonnell Douglas,56,1992-12
1994,Qtr 4,December,26,Algeria,Airbus A300B2 1CF,Algiers Airport Algeria,France Air,3,239,12,December,1994-12-26,3,236,98.74476987447699,0.012552301255230125,6,Airbus,6,1994-12
1970,Qtr 4,December,31,Algeria,Nord 262EF BNGB,Off Algiers Algeria,Aviation Rousseau,0,31,12,December,1970-12-31,31,0,0.0,1.0,31,Nord,31,1970-12
1998,Qtr 4,December,17,Angola,Antonov 12S9 SAT,Saurimo Angola,Zanex,0,10,12,December,1998-12-17,1,9,90.0,0.1,1,Antonov,1,1998-12
1998,Qtr 4,December,14,Angola,Antonov AN 12BPUR,Near Cuito Angola,Aircompany Khors,0,11,12,December,1998-12-14,11,0,0.0,1.0,11,Antonov,11,1998-12
1994,Qtr 4,December,15,Angola,Douglas DC 3N96BF,Lobito Angola,Services Aviation SL,0,2,12,December,1994-12-15,2,0,0.0,1.0,2,Douglas,2,1994-12
1995,Qtr 4,December,18,Angola,Lockheed L 188C Electra9Q,Cahungula Angola,Airlift Service Trans,0,144,12,December,1995-12-18,141,3,2.083333333333333,0.9791666666666666,141,Lockheed,141,1995-12
1998,Qtr 4,December,26,Angola,Lockheed Martin L 100,Vila Nova Angola,Transafrik,0,14,12,December,1998-12-26,14,0,0.0,1.0,14,Lockheed Martin,14,1998-12
1960,Qtr 4,December,11,Argentina,Avro 691 Lancastrian IVT 102,San Andres de Giles Argentina,Force Air Argentine - Military,0,31,12,December,1960-12-11,31,0,0.0,1.0,31,Avro 691 Lancastrian,31,1960-12
1950,Qtr 4,December,30,Argentina,Douglas DC 3LV,Santiago del Estado Argentina,Argentinas Aerolineas,0,18,12,December,1950-12-30,17,1,5.555555555555555,0.9444444444444444,17,Douglas,17,1950-12
1957,Qtr 4,December,8,Argentina,Douglas DC 4LV,Bolivar Argentina,Argentinas Aerolineas,0,61,12,December,1957-12-08,61,0,0.0,1.0,61,Douglas,61,1957-12
1957,Qtr 4,December,31,Argentina,Short SunderlandLV AAR,Buenos Aires Argentina,Argentinas Aerolineas,0,50,12,December,1957-12-31,9,41,82.0,0.18,9,Short,9,1957-12
1951,Qtr 4,December,30,Arizona,Douglas C 47D47,Near Phoenix Arizona,Force Air U.S. - Military,0,28,12,December,1951-12-30,28,0,0.0,1.0,28,Douglas,28,1951-12
1993,Qtr 4,December,26,Armenia,Antonov AN 26RA,Gyumri Armenia,Airlines Kuban,0,36,12,December,1993-12-26,36,0,0.0,1.0,36,Antonov,36,1993-12
1988,Qtr 4,December,11,Armenia,Ilyushin IL 76 / Mi,Leninakan Armenia,USSRMilitary - Russian Air Force / Military - Russian Air Force,0,83,12,December,1988-12-11,77,6,7.228915662650602,0.927710843373494,77,Ilyushin,77,1988-12
1946,Qtr 4,December,17,Atlantic,Douglas C 47ANC88876,Caribbean Atlantic,Inc. Cargo OceanWinged,0,7,12,December,1946-12-17,7,0,0.0,1.0,7,Douglas,7,1946-12
1921,Qtr 4,December,5,Australia,Bristol 28 TourerG AUDI,Near Murchinson River Australia,Airways Australian West,0,2,12,December,1921-12-05,2,0,0.0,1.0,2,Bristol 28,2,1921-12
1932,Qtr 4,December,26,Australia,De Havilland DH 60VH,Wau Australia,Airways Guinea,0,1,12,December,1932-12-26,1,0,0.0,1.0,1,De Havilland,1,1932-12
1943,Qtr 4,December,19,Australia,Douglas C 47A,Canal Creek Australia,Force Air U.S. - Military,0,31,12,December,1943-12-19,31,0,0.0,1.0,31,Douglas,31,1943-12
1938,Qtr 4,December,12,Australia,Short S23 ‘C’ Class flying boatG AEUH,Darwin Australia,Qantas,0,13,12,December,1938-12-12,13,0,0.0,1.0,13,Short S23 ‘C’ Class flying,13,1938-12
1942,Qtr 4,December,19,Austria,Junkers JU 52/3mOY,Near Vienna Austria,DDL,0,16,12,December,1942-12-19,2,14,87.5,0.125,2,Junkers,2,1942-12
1954,Qtr 4,December,25,Ayrshire,Boeing B377 10,Prestwick Ayrshire,Scotland British Overseas Airways,0,36,12,December,1954-12-25,28,8,22.22222222222222,0.7777777777777778,28,Boeing,28,1954-12
2005,Qtr 4,December,23,Azerbaijan,Antonov AN 140,Nardaran Azerbaijan,Airlines Azerbaijan,0,23,12,December,2005-12-23,23,0,0.0,1.0,23,Antonov,23,2005-12
1995,Qtr 4,December,5,Azerbaijan,Tupolev TU 134B,Near Nakhichevan Azerbaijan,Russia Azerbaijani Airlines,0,82,12,December,1995-12-05,54,28,34.146341463414636,0.6585365853658537,54,Tupolev,54,1995-12
1999,Qtr 4,December,11,Azores,British Aerospace APTCS TGM,Sao Jorge Azores,(Portugal)SATA,0,35,12,December,1999-12-11,35,0,0.0,1.0,35,British Aerospace,35,1999-12
1945,Qtr 4,December,5,Bahamas,Martin PBM Mariner59225,Off Smyrna Bahamas,Navy U.S. - Military,0,13,12,December,1945-12-05,13,0,0.0,1.0,13,Martin PBM,13,1945-12
1970,Qtr 4,December,2,Bangladesh,Canadair CL 44JTF,Dhaka Bangladesh,Cargolux,0,8,12,December,1970-12-02,8,0,0.0,1.0,8,Canadair,8,1970-12
1933,Qtr 4,December,30,Belgium,Avro 10G ABLU,Near Ruysselede Belgium,Airways Imperial,0,10,12,December,1933-12-30,10,0,0.0,1.0,10,Avro,10,1933-12
1961,Qtr 4,December,12,Belgium,Fairchild C 119G / Fairchild C,Chievres Belgium,Force Air Belgian - Military,8,13,12,December,1961-12-12,13,0,0.0,1.0,21,Fairchild,21,1961-12
2000,Qtr 4,December,11,Beni,Cessna 206CP 1721,Near Sumacal Beni,BOServicio Aereo Manchupo,0,6,12,December,2000-12-11,6,0,0.0,1.0,6,Cessna,6,2000-12
2003,Qtr 4,December,25,Benin,Boeing B 727,Cotonou Benin,Guinee de Aeriens Transports des Union,0,161,12,December,2003-12-25,140,21,13.043478260869565,0.8695652173913043,140,Boeing,140,2003-12
1952,Qtr 4,December,6,Bermuda,Douglas DC 4CU,Off Bermuda-Kindley Field Bermuda,Aviacion de Cubana,0,41,12,December,1952-12-06,37,4,9.75609756097561,0.9024390243902439,37,Douglas,37,1952-12
1959,Qtr 4,December,31,Bolivia,Douglas DC 3CP,Near San Jose de Chiquitos Bolivia,Boliviano Aereo Lloyd,0,11,12,December,1959-12-31,11,0,0.0,1.0,11,Douglas,11,1959-12
1964,Qtr 4,December,8,Bolivia,Douglas DC 3CP,Tripuani Bolivia,Abaroa Aerolineas,0,17,12,December,1964-12-08,17,0,0.0,1.0,17,Douglas,17,1964-12
1989,Qtr 4,December,21,Bolivia,Lockheed C 130ATAM,Near Guayaramerin Bolivia,Force Air Bolivian - Military,0,28,12,December,1989-12-21,24,4,14.285714285714285,0.8571428571428571,24,Lockheed,24,1989-12
1979,Qtr 4,December,12,Bolivia,Martin 404CP 1440,Apolo Bolivia,CAMBA,0,11,12,December,1979-12-12,10,1,9.090909090909092,0.9090909090909091,10,Martin,10,1979-12
1997,Qtr 4,December,13,Bolivia,Swearingen SA 226T Metro IICP,La Veriente Bolivia,STAP,0,19,12,December,1997-12-13,10,9,47.368421052631575,0.5263157894736842,10,Swearingen,10,1997-12
1946,Qtr 4,December,23,Brazil,Avro 685 York ILV XIG,Near Rio de Janeiro Brazil,(Argentina) FAMA,0,21,12,December,1946-12-23,21,0,0.0,1.0,21,Avro 685 York,21,1946-12
2013,Qtr 4,December,5,Brazil,Britten Norman BN 2A,Near Cachimbo Brazil,Aero Taxi Heringer,0,5,12,December,2013-12-05,5,0,0.0,1.0,5,Britten Norman,5,2013-12
1962,Qtr 4,December,22,Brazil,Convair CV 240,Near Brasilia Brazil,Varig,0,40,12,December,1962-12-22,1,39,97.5,0.025,1,Convair,1,1962-12
1960,Qtr 4,December,7,Brazil,Curtiss C 46A,Cachimbo Brazil,REAL,0,15,12,December,1960-12-07,15,0,0.0,1.0,15,Curtiss,15,1960-12
1949,Qtr 4,December,1,Brazil,Douglas DC 3 (C,Taquaracucu Brazil,REAL,0,22,12,December,1949-12-01,20,2,9.090909090909092,0.9090909090909091,20,Douglas,20,1949-12
1955,Qtr 4,December,19,Brazil,Douglas DC 3?,Sao Paulo Brazil,Sud Do Cruzeiro,0,26,12,December,1955-12-19,26,0,0.0,1.0,26,Douglas,26,1955-12
1955,Qtr 4,December,1,Brazil,Douglas DC 3PP,Belem Brazil,Cruzeiro,0,6,12,December,1955-12-01,6,0,0.0,1.0,6,Douglas,6,1955-12
1950,Qtr 4,December,13,Brazil,Douglas DC 3PP,Londrina Brazil,VASP,3,31,12,December,1950-12-13,0,31,100.0,0.0,3,Douglas,3,1950-12
1950,Qtr 4,December,14,Brazil,Douglas DC 3PP,Ribeirao Brazil,VASP,1,20,12,December,1950-12-14,1,19,95.0,0.05,2,Douglas,2,1950-12
2002,Qtr 4,December,26,Brazil,Embraer 110 C,Curitiba Brazil,Force Air Brazilian - Military,0,16,12,December,2002-12-26,3,13,81.25,0.1875,3,Embraer,3,2002-12
2004,Qtr 4,December,11,Brazil,Embraer EMB 110 BandeirantePT,Uberaba Brazil,Táxi-Aéreo NHR,1,2,12,December,2004-12-11,2,0,0.0,1.0,3,Embraer,3,2004-12
1962,Qtr 4,December,14,Brazil,Lockheed 049 46,Near Manaus Brazil,Brasil do Panair,0,50,12,December,1962-12-14,50,0,0.0,1.0,50,Lockheed,50,1962-12
1987,Qtr 4,December,14,Brazil,Lockheed C 130HFAB2468,Off Vila dos Remidos Brazil,Force Air Brazilian - Military,0,29,12,December,1987-12-14,29,0,0.0,1.0,29,Lockheed,29,1987-12
1958,Qtr 4,December,30,Brazil,Saab ScandiaPP SQE,Rio de Janeiro Brazil,VASP,0,37,12,December,1958-12-30,21,16,43.24324324324324,0.5675675675675675,21,Saab,21,1958-12
1959,Qtr 4,December,22,Brazil,Vickers Viscount 827 / Fokker T 21PP,Rio de Janeiro Brazil,VASP,10,32,12,December,1959-12-22,32,0,0.0,1.0,42,Vickers Viscount 827 / Fokker,42,1959-12
1956,Qtr 4,December,9,British,Canadair DC 4M,Near Chilliwack British,Canada Columbia Trans Canada Air Lines,0,62,12,December,1956-12-09,62,0,0.0,1.0,62,Canadair,62,1956-12
1950,Qtr 4,December,22,British,Douglas DC 3CF,Penticton British,Canada Columbia Canadian Pacific Air Lines,0,18,12,December,1950-12-22,2,16,88.88888888888889,0.1111111111111111,2,Douglas,2,1950-12
1942,Qtr 4,December,20,British,Lockheed 14 H2 Super ElectraCF,Near Chilliwack British,Canada Columbia Canadian Pacific Air Lines,0,13,12,December,1942-12-20,13,0,0.0,1.0,13,Lockheed,13,1942-12
1981,Qtr 4,December,16,Brunei,Aerospatiale Puma9M SSC,Kuala Belait Brunei,Helicopters Bristow,0,12,12,December,1981-12-16,12,0,0.0,1.0,12,Aerospatiale,12,1981-12
1952,Qtr 4,December,6,Bugaria,Lisunov Li 2?,Near Sofia Bugaria,TABSO,0,18,12,December,1952-12-06,18,0,0.0,1.0,18,Lisunov,18,1952-12
1971,Qtr 4,December,21,Bulgaria,Ilyushin IL 18BLZ,Sofia Bulgaria,Airlines Bulgarian Balkan,0,73,12,December,1971-12-21,28,45,61.64383561643836,0.3835616438356164,28,Ilyushin,28,1971-12
2006,Qtr 4,December,10,California,Bell 412N410MA,Cajon Pass California,Services Air Mercy - ambulance Air,0,3,12,December,2006-12-10,3,0,0.0,1.0,3,Bell,3,2006-12
1936,Qtr 4,December,27,California,Boeing 247DNC13355,Newhall California,Lines Air United,0,12,12,December,1936-12-27,12,0,0.0,1.0,12,Boeing,12,1936-12
1987,Qtr 4,December,7,California,British Aerospace BAe 146,San Luis Obispo California,Airlines Southwest Pacific,0,43,12,December,1987-12-07,43,0,0.0,1.0,43,British Aerospace,43,1987-12
1946,Qtr 4,December,24,California,Douglas DC 3 ( C,Near San Diego California,Airlines Western,0,12,12,December,1946-12-24,12,0,0.0,1.0,12,Douglas,12,1946-12
1944,Qtr 4,December,1,California,Douglas DC 3NC17322,Van Nuys California,Air Western and Continental Trans,0,17,12,December,1944-12-01,9,8,47.05882352941176,0.5294117647058824,9,Douglas,9,1944-12
1949,Qtr 4,December,7,California,Douglas DC 3NC60256,Vallejo California,Airlines Arrow,0,9,12,December,1949-12-07,9,0,0.0,1.0,9,Douglas,9,1949-12
1963,Qtr 4,December,17,California,Douglas DC 6BN93131,Los Angeles California,Airlines Western,0,46,12,December,1963-12-17,0,46,100.0,0.0,0,Douglas,0,1963-12
2003,Qtr 4,December,23,California,Gates Learjet 24BN600XJ,Helendale California,Pavair,0,2,12,December,2003-12-23,2,0,0.0,1.0,2,Gates Learjet,2,2003-12
2021,Qtr 4,December,27,California,Learjet 35AN880Z,El Cajon California,Jet Med,0,4,12,December,2021-12-27,4,0,0.0,1.0,4,Learjet,4,2021-12
1964,Qtr 4,December,24,California,Lockheed L 1049H Super ConstellationN6915C,Near San Francisco California,Line Tiger Flying,0,3,12,December,1964-12-24,3,0,0.0,1.0,3,Lockheed,3,1964-12
1962,Qtr 4,December,14,California,Lockheed 1049H Super ConstellationN6913C,Burbank California,Line Tiger Flying,3,5,12,December,1962-12-14,5,0,0.0,1.0,8,Lockheed 1049H Super,8,1962-12
1995,Qtr 4,December,3,Cameroon,Boeing B 737,Near Douala Cameroon,Airlines Cameroon,0,78,12,December,1995-12-03,72,6,7.6923076923076925,0.9230769230769231,72,Boeing,72,1995-12
1998,Qtr 4,December,7,Canada,Britten Norman TrislanderC,Baie-Comeau Canada,Satellite Air,0,10,12,December,1998-12-07,7,3,30.0,0.7,7,Britten,7,1998-12
1997,Qtr 4,December,9,Canada,Embraer 110P1 BandeiranteC GVRO,Little Grand Rapids Canada,Air Sowind,0,17,12,December,1997-12-09,4,13,76.47058823529412,0.23529411764705882,4,Embraer 110P1,4,1997-12
1965,Qtr 4,December,7,Canary,Douglas DC 3EC,Tenerife Canary,IslandsSpantax,0,32,12,December,1965-12-07,32,0,0.0,1.0,32,Douglas,32,1965-12
1977,Qtr 4,December,11,Canary,Lockheed P 3B Orion153428,Hierro Canary,Navy U.S. - IslandsMilitary,0,13,12,December,1977-12-11,13,0,0.0,1.0,13,Lockheed,13,1977-12
1972,Qtr 4,December,8,Chicago,Boeing B 737,Midway Airport Chicago,Illinois United Air Lines,2,61,12,December,1972-12-08,43,18,29.508196721311474,0.7049180327868853,45,Boeing,45,1972-12
1982,Qtr 4,December,9,Chile,Fairchild F 27JCC,La Serena Chile,Chile Aeronor,0,46,12,December,1982-12-09,46,0,0.0,1.0,46,Fairchild,46,1982-12
1986,Qtr 4,December,15,China,Antonov AN 24RVB,Near Lanzhou China,CAAC,0,44,12,December,1986-12-15,6,38,86.36363636363636,0.13636363636363635,6,Antonov,6,1986-12
1949,Qtr 4,December,10,China,Curtiss C 46D,Near Hoikow China,Transport Air Civil,0,40,12,December,1949-12-10,17,23,57.49999999999999,0.425,17,Curtiss,17,1949-12
1949,Qtr 4,December,9,China,Curtiss C 46D,Near Lanchow China,Transport Air Civil,0,38,12,December,1949-12-09,38,0,0.0,1.0,38,Curtiss,38,1949-12
1948,Qtr 4,December,5,China,Curtiss C 46XT,Kiangwan China,Transport Air Central,0,40,12,December,1948-12-05,9,31,77.5,0.225,9,Curtiss,9,1948-12
1946,Qtr 4,December,25,China,Douglas C 47?,Shanghai China,CATA,5,11,12,December,1946-12-25,11,0,0.0,1.0,16,Douglas,16,1946-12
1943,Qtr 4,December,18,China,Douglas C 4783,Suifu China,Corporation Aviation National China,0,3,12,December,1943-12-18,3,0,0.0,1.0,3,Douglas,3,1943-12
1936,Qtr 4,December,26,China,Douglas DC 2NC14269,Nanking China,Corporation Aviation National China,0,0,12,December,1936-12-26,0,0,Unknown,Unknown,0,Douglas,0,1936-12
1946,Qtr 4,December,25,China,Douglas DC 3?,Near Shanghai China,CNAC,0,30,12,December,1946-12-25,20,10,33.33333333333333,0.6666666666666666,20,Douglas,20,1946-12
1982,Qtr 4,December,24,China,Ilyushin IL 18BB,Guangzhou China,CAAC,0,69,12,December,1982-12-24,25,44,63.76811594202898,0.36231884057971014,25,Ilyushin,25,1982-12
1930,Qtr 4,December,9,China,Loening C W Air Yaht?,Shanghai China,Corporation Aviation National China,0,6,12,December,1930-12-09,4,2,33.33333333333333,0.6666666666666666,4,Loening,4,1930-12
1947,Qtr 4,December,23,China,Short S 29 Stirling VOO,Kunming China,Transport Air,0,30,12,December,1947-12-23,25,5,16.666666666666664,0.8333333333333334,25,Short,25,1947-12
1978,Qtr 4,December,4,Coloado,de Havilland Canada DHC 6 Twin Otter 300N25RM,Near Steamboat Springs Coloado,Airways Mountain Rocky,0,22,12,December,1978-12-04,2,20,90.9090909090909,0.09090909090909091,2,de Havilland Canada,2,1978-12
1980,Qtr 4,December,21,Colombia,Aerospatiale Caravelle 6RHK 1810,Near Rio Hacha Colombia,Caribe del Aereos Transportes,0,70,12,December,1980-12-21,70,0,0.0,1.0,70,Aerospatiale Caravelle,70,1980-12
1998,Qtr 4,December,22,Colombia,Antonov 32BHK 3930X,Medellín Colombia,SELVA,0,5,12,December,1998-12-22,5,0,0.0,1.0,5,Antonov,5,1998-12
1996,Qtr 4,December,21,Colombia,Antonov An 32BHK,Rio Negro Colombia,SELVA,0,4,12,December,1996-12-21,4,0,0.0,1.0,4,Antonov,4,1996-12
1983,Qtr 4,December,14,Colombia,Boeing 707 373CHK,Near Medellin Colombia,Colombia TAMPA,22,3,12,December,1983-12-14,3,0,0.0,1.0,25,Boeing,25,1983-12
2016,Qtr 4,December,20,Colombia,Boeing 727 2JOFHK,Puerto Carreno Colombia,Colombia Aerosucre,0,6,12,December,2016-12-20,5,1,16.666666666666664,0.8333333333333334,5,Boeing,5,2016-12
1956,Qtr 4,December,8,Colombia,Consolidated PBY 5A CatalinaHK,Caqueta Colombia,AIDA,0,16,12,December,1956-12-08,14,2,12.5,0.875,14,Consolidated,14,1956-12
1959,Qtr 4,December,8,Colombia,Curtiss C 46AHK,Off Cartagena Colombia,Medellin Aeronautica Sociedad,0,45,12,December,1959-12-08,45,0,0.0,1.0,45,Curtiss,45,1959-12
1981,Qtr 4,December,18,Colombia,de Havilland Canada DHC 6 Twin Otter 300HK,Near Covenas Colombia,Colombia ACES,0,13,12,December,1981-12-18,13,0,0.0,1.0,13,de Havilland Canada,13,1981-12
1966,Qtr 4,December,24,Colombia,Douglas C 47A,Cascubel River Colombia,Avianca,0,29,12,December,1966-12-24,29,0,0.0,1.0,29,Douglas,29,1966-12
1948,Qtr 4,December,15,Colombia,Douglas C 47C,Near Bogata Colombia,LANSA,0,30,12,December,1948-12-15,30,0,0.0,1.0,30,Douglas,30,1948-12
1962,Qtr 4,December,6,Colombia,Douglas C 47HK,Barrancabermeja Colombia,Airlines Taxader,0,26,12,December,1962-12-06,24,2,7.6923076923076925,0.9230769230769231,24,Douglas,24,1962-12
1979,Qtr 4,December,18,Colombia,Douglas DC 4 (C,Cerro Toledo Mountain Colombia,Satena,0,21,12,December,1979-12-18,21,0,0.0,1.0,21,Douglas,21,1979-12
2003,Qtr 4,December,18,Colombia,Douglas DC 9,Mitu Colombia,Suramericanas Aéreas Líneas,0,3,12,December,2003-12-18,3,0,0.0,1.0,3,Douglas,3,2003-12
2001,Qtr 4,December,16,Colombia,Let 410UVP EHK,Near Medellin Colombia,Heliandes,0,16,12,December,2001-12-16,16,0,0.0,1.0,16,Let,16,2001-12
1966,Qtr 4,December,18,Colombia,Lockheed L 1649A StarlinerN7301C,Bogota Colombia,Colombia de Aerocondor,0,59,12,December,1966-12-18,17,42,71.1864406779661,0.288135593220339,17,Lockheed,17,1966-12
1932,Qtr 4,December,14,Colorado,Boeing 40NC281,Rocky Ridge Colorado,Transport Air Boeing,0,1,12,December,1932-12-14,1,0,0.0,1.0,1,Boeing,1,1932-12
2008,Qtr 4,December,20,Colorado,Boeing 737 500N18611,Denver Colorado,Airlines Continental,0,115,12,December,2008-12-20,0,115,100.0,0.0,0,Boeing,0,2008-12
1963,Qtr 4,December,7,Colorado,Curtis C 46A,Near Nederland Colorado,Transport Air Zantop,0,3,12,December,1963-12-07,3,0,0.0,1.0,3,Curtiss,3,1963-12
1967,Qtr 4,December,21,Colorado,Douglas C 47AN65276,Denver Colorado,Airlines Frontier,0,2,12,December,1967-12-21,2,0,0.0,1.0,2,Douglas,2,1967-12
1951,Qtr 4,December,4,Colorado,Douglas DC 3AN17109,Denver Colorado,Lines Air United,0,3,12,December,1951-12-04,3,0,0.0,1.0,3,Douglas,3,1951-12
1975,Qtr 4,December,26,Colorado,Mitsubishi MU 2BN133MA,Rollinsville Colorado,Aviation Star,0,9,12,December,1975-12-26,9,0,0.0,1.0,9,Mitsubishi,9,1975-12
1982,Qtr 4,December,7,Colorado,Swearingen SA.227AC Metro IIIN30093,Near Pueblo Colorado,Airlines Pioneer,0,2,12,December,1982-12-07,2,0,0.0,1.0,2,Swearingen SA.227AC Metro,2,1982-12
2002,Qtr 4,December,27,Comoros,Let 410UVP9XR RB,Anjouan Comoros,Airlines IslandsOcean,0,16,12,December,2002-12-27,1,15,93.75,0.0625,1,Let,1,2002-12
1928,Qtr 4,December,3,Condor,Dornier WalP BACA,Near Rio de Janeiro Condor,Unknown Operator,0,14,12,December,1928-12-03,14,0,0.0,1.0,14,Dornier,14,1928-12
2014,Qtr 4,December,28,Congo,Antonov An 264L,Near Uvira Congo,Sirin Air,0,6,12,December,2014-12-28,6,0,0.0,1.0,6,Antonov,6,2014-12
1992,Qtr 4,December,13,Congo,Fokker F 27 Friendship 400M9Q,Goma Congo,Zaire Cargo Airlift Scibe,0,37,12,December,1992-12-13,37,0,0.0,1.0,37,Fokker,37,1992-12
1962,Qtr 4,December,29,Corsica,Boeing B307 1 StratolinerF,Monte Renoso Corsica,France Air Nautic,0,25,12,December,1962-12-29,25,0,0.0,1.0,25,Boeing,25,1962-12
2017,Qtr 4,December,31,Costa,Cessna 208B Grand CaravanTI BEI,Punta Islita Costa,Air RicaNaure,0,12,12,December,2017-12-31,12,0,0.0,1.0,12,Cessna 208B Grand,12,2017-12
1964,Qtr 4,December,29,Costa,Curtiss C 46CC,Near Turrialba Costa,Americana Sud Aéreas RicaLineas,0,5,12,December,1964-12-29,5,0,0.0,1.0,5,Curtiss,5,1964-12
1934,Qtr 4,December,10,Cuba,Ford 4 AT,Palma Soriano Cuba,Aviacion de Cubana,0,8,12,December,1934-12-10,4,4,50.0,0.5,4,Ford,4,1934-12
1977,Qtr 4,December,24,Curacao,Piper PA 31,Willemstad Curacao,Netherlands Antilles Valley Air Service,0,10,12,December,1977-12-24,10,0,0.0,1.0,10,Piper,10,1977-12
1937,Qtr 4,December,24,Czechoslovakia,Wibault 283 T12F,Kasperske Hory Czechoslovakia,France Air,0,3,12,December,1937-12-24,3,0,0.0,1.0,3,Wibault,3,1937-12
1949,Qtr 4,December,12,D.C.Capital,Douglas DC 3,Washington D.C.Capital,Airlines,0,23,12,December,1949-12-12,6,17,73.91304347826086,0.2608695652173913,6,Douglas,6,1949-12
1966,Qtr 4,December,24,Unknown,Canadair CL 44D4,Binh Tahi Da,Vietnam Nang Flying Tiger Line,125,4,12,December,1966-12-24,4,0,0.0,1.0,129,Canadair,129,1966-12
2001,Qtr 4,December,14,Democratic,Let 410A5X CNF,Geti Democratic,Air CongoEagle Republic,0,6,12,December,2001-12-14,6,0,0.0,1.0,6,Let,6,2001-12
1986,Qtr 4,December,12,East,Tupolev TU 134ACCCP,Berlin East,GermanyAeroflot,0,82,12,December,1986-12-12,72,10,12.195121951219512,0.8780487804878049,72,Tupolev,72,1986-12
1977,Qtr 4,December,29,Ecuador,Vickers Viscount 764 DHC BEM,Cuenca Ecuador,Nacionales Aereos Servicios,0,24,12,December,1977-12-29,24,0,0.0,1.0,24,Vickers Viscount,24,1977-12
1988,Qtr 4,December,14,Egypt,Boeing B 707,Near Luxor Egypt,Air GAS,5,8,12,December,1988-12-14,8,0,0.0,1.0,13,Boeing,13,1988-12
1935,Qtr 4,December,31,Egypt,Short S 8 Calcutta flying boatG,Off Alexandria Egypt,Airways Imperial,0,13,12,December,1935-12-31,12,1,7.6923076923076925,0.9230769230769231,12,Short,12,1935-12
1953,Qtr 4,December,15,Egypt,VC VikingSU,Near Cairo Egypt,Misair,0,6,12,December,1953-12-15,6,0,0.0,1.0,6,VC,6,1953-12
1963,Qtr 4,December,15,Egypt,Vickers 634 Viking 1BSU AFK,Cairo Egypt,Misrair,0,6,12,December,1963-12-15,6,0,0.0,1.0,6,Vickers 634 Viking,6,1963-12
1957,Qtr 4,December,23,England,Avro 685 York C 1G,Stansted England,Airlines Scottish,0,4,12,December,1957-12-23,4,0,0.0,1.0,4,Avro 685 York,4,1957-12
1994,Qtr 4,December,21,England,Boeing 737 2D6C7T,Coventry England,Aviation Phoenix,0,5,12,December,1994-12-21,5,0,0.0,1.0,5,Boeing,5,1994-12
1958,Qtr 4,December,24,England,Bristol 175 Britannia 312G AOVD,Winkton England,BOAC,0,12,12,December,1958-12-24,9,3,25.0,0.75,9,Bristol 175 Britannia,9,1958-12
1924,Qtr 4,December,24,England,de Havilland DH 34BG,Purley England,Airways Imperial,0,8,12,December,1924-12-24,8,0,0.0,1.0,8,De Havilland,8,1924-12
1936,Qtr 4,December,9,England,Douglas DC 2,Croydon England,Airlines Dutch Royal KLM,0,17,12,December,1936-12-09,15,2,11.76470588235294,0.8823529411764706,15,Douglas,15,1936-12
1920,Qtr 4,December,14,England,Handley Page HP 16G,London England,Transport Page Handley,0,8,12,December,1920-12-14,4,4,50.0,0.5,4,Handley Page,4,1920-12
1935,Qtr 4,December,10,England,Savoia Marchetti SM73OO,Croydon England,Sabena,0,11,12,December,1935-12-10,11,0,0.0,1.0,11,Savoia,11,1935-12
1986,Qtr 4,December,27,Fiji,de Havilland DH 114 Heron 2BDQ,Near Nasaso Fiji,Airlines Sunflower,0,14,12,December,1986-12-27,11,3,21.428571428571427,0.7857142857142857,11,De Havilland,11,1986-12
1941,Qtr 4,December,11,Florida,?NC21V,Miami Florida,Airways American Pan,0,3,12,December,1941-12-11,3,0,0.0,1.0,3,?NC21V,3,1941-12
1952,Qtr 4,December,21,Florida,Curtiss C 46DYV,Off Miami Florida,SA Nacionales Aéreas Rutas,0,3,12,December,1952-12-21,3,0,0.0,1.0,3,Curtiss,3,1952-12
1984,Qtr 4,December,6,Florida,Embraer 110P1 BandeiranteN96PB,Jacksonville Florida,Airlines Boston - Provincetown,0,13,12,December,1984-12-06,13,0,0.0,1.0,13,Embraer 110P1,13,1984-12
2005,Qtr 4,December,19,Florida,Grumman G73T Turbo MallardN2969,Off Miami Beach Florida,Airways Ocean Chalk's,0,20,12,December,2005-12-19,20,0,0.0,1.0,20,Grumman G73T Turbo,20,2005-12
1955,Qtr 4,December,21,Florida,Lockheed 749C 79,Jacksonville Florida,Lines Air Eastern,0,17,12,December,1955-12-21,17,0,0.0,1.0,17,Lockheed,17,1955-12
1972,Qtr 4,December,29,Florida,Lockheed L 1011 TriStar 1N310EA,Everglades National Park Florida,Lines Air Eastern,0,176,12,December,1972-12-29,103,73,41.47727272727273,0.5852272727272727,103,Lockheed,103,1972-12
2011,Qtr 4,December,26,Florida?,Bell 206BN5016M,Green Grove Florida?,Unknown Operator,0,3,12,December,2011-12-26,3,0,0.0,1.0,3,Bell,3,2011-12
1928,Qtr 4,December,31,France,Blériot Spad 66F AEHX,Reims France,CIDNA,0,3,12,December,1928-12-31,2,1,33.33333333333333,0.6666666666666666,2,Blériot Spad,2,1928-12
1935,Qtr 4,December,4,France,Caudron C 630 SimounF,Tours France,Bleu Air,0,2,12,December,1935-12-04,1,1,50.0,0.5,1,Caudron,1,1935-12
1945,Qtr 4,December,3,France,Consolidated LB 30A LiberatorKH125,Near Rochefort France,Force Air -Royal Military,0,28,12,December,1945-12-03,28,0,0.0,1.0,28,Consolidated,28,1945-12
1949,Qtr 4,December,18,France,Douglas C 47A,Aulnay-sous-Bois France,Sabena,0,8,12,December,1949-12-18,8,0,0.0,1.0,8,Douglas,8,1949-12
1950,Qtr 4,December,9,France,Douglas DC 3F,Ruig Piner France,Atlas Air,0,7,12,December,1950-12-09,5,2,28.57142857142857,0.7142857142857143,5,Douglas,5,1950-12
1987,Qtr 4,December,21,France,Embraer 120 BrasiliaF GEGH,Bordeaux France,Littoral Air,0,16,12,December,1987-12-21,16,0,0.0,1.0,16,Embraer 120,16,1987-12
1936,Qtr 4,December,4,France,Junkers JU 52/3mD,Near Grenoble France,Lufthansa Deutsche,0,6,12,December,1936-12-04,6,0,0.0,1.0,6,Junkers,6,1936-12
1937,Qtr 4,December,8,France,Potez 621F AOTZ,Saint Sauveur France,France Air,0,7,12,December,1937-12-08,2,5,71.42857142857143,0.2857142857142857,2,Potez,2,1937-12
1956,Qtr 4,December,12,France,Vickers 708 ViscountF BGNK,Dannemois France,France Air,0,5,12,December,1956-12-12,5,0,0.0,1.0,5,Vickers 708,5,1956-12
1950,Qtr 4,December,8,French,Douglas C 54AF,Bangui French,Intercontinentaux AfricaT.A. Equatorial,0,56,12,December,1950-12-08,46,10,17.857142857142858,0.8214285714285714,46,Douglas,46,1950-12
1936,Qtr 4,December,7,French,Latécoère 300 (float plane.F AKGF,Off Dakar French,France AfricaAir West,0,5,12,December,1936-12-07,5,0,0.0,1.0,5,Latécoère 300 (float,5,1936-12
1945,Qtr 4,December,25,French,Lockheed 18 LodestarF BALV,Bangui French,France AfricaAir Equatorial,0,8,12,December,1945-12-25,8,0,0.0,1.0,8,Lockheed 18,8,1945-12
1992,Qtr 4,December,14,Georgia,Mil Mi 8T (helicopter)?,Lata Georgia,Force Air Russian - Military,0,61,12,December,1992-12-14,61,0,0.0,1.0,61,Mil Mi 8T,61,1992-12
1929,Qtr 4,December,19,Germany,Arado V1D 1594,Near Berlin Germany,Lufthansa Deutsche,0,3,12,December,1929-12-19,2,1,33.33333333333333,0.6666666666666666,2,Arado,2,1929-12
1961,Qtr 4,December,4,Germany,Boeing 720 030BD,Mainz Germany,Lufthansa,0,3,12,December,1961-12-04,3,0,0.0,1.0,3,Boeing,3,1961-12
2001,Qtr 4,December,26,Germany,Britten Norman BN 2B TrislanderD,Bremerhaven Germany,Airline Bremerhaven BAL,0,9,12,December,2001-12-26,8,1,11.11111111111111,0.8888888888888888,8,Britten Norman,8,2001-12
1956,Qtr 4,December,22,Germany,Convair CV 340,Grub Germany,Airlines Yugoslav JAT,0,30,12,December,1956-12-22,3,27,90.0,0.1,3,Convair,3,1956-12
1991,Qtr 4,December,22,Germany,Douglas DC 3AD,Heidelberg Germany,Wings Classic,0,30,12,December,1991-12-22,27,3,10.0,0.9,27,Douglas,27,1991-12
1933,Qtr 4,December,11,Germany,Focke Wulf A,Hamburg Germany,Lufthansa Deutsche,0,10,12,December,1933-12-11,6,4,40.0,0.6,6,Focke,6,1933-12
1934,Qtr 4,December,7,Germany,Junkers F 13D,Salchau Germany,Lufthansa Deutsche,0,3,12,December,1934-12-07,3,0,0.0,1.0,3,Junkers,3,1934-12
1928,Qtr 4,December,11,Germany,Junkers G 31D,Letzlingen Germany,Lufthansa Deutsche,0,4,12,December,1928-12-11,3,1,25.0,0.75,3,Junkers,3,1928-12
1937,Qtr 4,December,4,Germany,Junkers JU 52I,Munich Germany,Littoria Ala,0,17,12,December,1937-12-04,4,13,76.47058823529412,0.23529411764705882,4,Junkers,4,1937-12
1948,Qtr 4,December,21,Greece,Douglas DC 3OK,Near Pilos Greece,Aerolinie Ceskoslovenske,0,24,12,December,1948-12-21,24,0,0.0,1.0,24,Douglas,24,1948-12
1969,Qtr 4,December,8,Greece,Douglas DC 6BSX,Near Keratea Greece,Airways Olympic,0,90,12,December,1969-12-08,90,0,0.0,1.0,90,Douglas,90,1969-12
1997,Qtr 4,December,20,Greece,Lockheed C 130H Hercules750,Tanagra Greece,Force Air Greek - Military,0,5,12,December,1997-12-20,5,0,0.0,1.0,5,Lockheed,5,1997-12
1997,Qtr 4,December,17,Greece,Yakovlev YAK 42UR,Fotina Greece,(LVOV) Airlines Aerosweet,0,70,12,December,1997-12-17,70,0,0.0,1.0,70,Yakovlev,70,1997-12
1953,Qtr 4,December,15,Guatemala,Curtiss C 46DTG,Tecpan Mt. Guatemala,Aviateca,0,2,12,December,1953-12-15,2,0,0.0,1.0,2,Curtiss,2,1953-12
1974,Qtr 4,December,29,Guatemala,Lockheed 18 LodeStarTG HTM,Tikal Guatemala,Ortiz Edwin,0,24,12,December,1974-12-29,24,0,0.0,1.0,24,Lockheed 18,24,1974-12
1999,Qtr 4,December,21,Guatemala,McDonnell Douglas DC 10,Guatemala City Guatemala,Aviacon de Cubana,2,314,12,December,1999-12-21,16,298,94.90445859872611,0.050955414012738856,18,McDonnell Douglas,18,1999-12
1981,Qtr 4,December,5,Hawaii,Beech C 45HN8185H,Honolulu Hawaii,show air Parajump - Private,0,12,12,December,1981-12-05,11,1,8.333333333333332,0.9166666666666666,11,Beech,11,1981-12
1957,Qtr 4,December,23,Hawaii,Lockheed WV 2143197,Off Oahu Hawaii,Navy U.S. - Military,0,23,12,December,1957-12-23,19,4,17.391304347826086,0.8260869565217391,19,Lockheed,19,1957-12
1948,Qtr 4,December,21,Hong,Douglas C 54B,Basalt Island Hong,Corporation Aviation National KongChina,0,33,12,December,1948-12-21,33,0,0.0,1.0,33,Douglas,33,1948-12
1971,Qtr 4,December,24,Huanuco,Lockheed 188A ElectraOB R,Near Puerto Inca Huanuco,Peru Lineas Aereas Nacionales SA (Peru),0,92,12,December,1971-12-24,91,1,1.0869565217391304,0.9891304347826086,91,Lockheed 18,91,1971-12
1996,Qtr 4,December,9,Idaho,Douglas C 47AN75142,Boise Idaho,Worldwide Emery,0,2,12,December,1996-12-09,2,0,0.0,1.0,2,Douglas,2,1996-12
1936,Qtr 4,December,18,Idaho,Lockheed 10 ElectraNC14935,Kellogg Idaho,Airlines Orient Northwest,0,2,12,December,1936-12-18,2,0,0.0,1.0,2,Lockheed 18,2,1936-12
2005,Qtr 4,December,8,Illinois,Boeing B 737,Chicago Illinois,Airlines Southwest,1,103,12,December,2005-12-08,0,103,100.0,0.0,1,Boeing,1,2005-12
2002,Qtr 4,December,17,Illinois,Cessna 208B Caravan I Super CargomasterN277PM,Rockford Illinois,Planemasters,0,1,12,December,2002-12-17,1,0,0.0,1.0,1,Cessna 208B Caravan I Super,1,2002-12
1968,Qtr 4,December,27,Illinois,Convair CV 580N2045,Chicago Illinois,Airlines Central North,1,45,12,December,1968-12-27,27,18,40.0,0.6,28,Convair,28,1968-12
1972,Qtr 4,December,20,Illinois,Convair CV 880 / McDonnell DC,Chicago Illinois,Airlines Central North Lines/ Air Delta,0,133,12,December,1972-12-20,10,123,92.4812030075188,0.07518796992481203,10,Convair,10,1972-12
1946,Qtr 4,December,28,Illinois,Douglas C 47ANC58024,Walshville Illinois,Skyways Southern City Kansas,0,2,12,December,1946-12-28,2,0,0.0,1.0,2,Douglas,2,1946-12
1940,Qtr 4,December,4,Illinois,Douglas DC 3ANC25678,Chicago Illinois,Lines Air United,0,16,12,December,1940-12-04,10,6,37.5,0.625,10,Douglas,10,1940-12
1931,Qtr 4,December,5,Illinois,Lockheed Vega 5NC433E,Kewanee Illinois,Airways Braniff,0,6,12,December,1931-12-05,2,4,66.66666666666666,0.3333333333333333,2,Lockheed Vega,2,1931-12
1999,Qtr 4,December,24,India,Airbus A300B2 101VT,Amritsar India,Afghanistan Kandahar / Indian Airlines,0,189,12,December,1999-12-24,1,188,99.47089947089947,0.005291005291005291,1,Airbus,1,1999-12
1978,Qtr 4,December,17,India,Boeing B 737,Hyderabad India,Airlines Indian,3,132,12,December,1978-12-17,1,131,99.24242424242425,0.007575757575757576,4,Boeing,4,1978-12
1951,Qtr 4,December,31,India,Douglas C 47AVT,Calcutta India,Airlines Kalinga,0,3,12,December,1951-12-31,3,0,0.0,1.0,3,Douglas,3,1951-12
1947,Qtr 4,December,27,India,Douglas DC 3 (C,Korangi Creek India,India Air,0,23,12,December,1947-12-27,23,0,0.0,1.0,23,Douglas,23,1947-12
1970,Qtr 4,December,5,India,Douglas DC 3VT,Delhi India,Jamair,0,16,12,December,1970-12-05,5,11,68.75,0.3125,5,Douglas,5,1970-12
1950,Qtr 4,December,13,India,Douglas DC 3VT,Katagiri India,India Air,0,21,12,December,1950-12-13,21,0,0.0,1.0,21,Douglas,21,1950-12
1953,Qtr 4,December,12,India,Douglas DC 3VT,Nagpur India,Airlines Indian,0,14,12,December,1953-12-12,13,1,7.142857142857142,0.9285714285714286,13,Douglas,13,1953-12
1971,Qtr 4,December,9,India,HAL 748,Chinnamanur India,Airlines Indian,0,31,12,December,1971-12-09,21,10,32.25806451612903,0.6774193548387096,21,HAL,21,1971-12
1996,Qtr 4,December,24,India,Hindustan Aeronautics 748 2H1032,Near Nellore India,Force Air Indian - Military,0,22,12,December,1996-12-24,22,0,0.0,1.0,22,Hindustan Aeronautics,22,1996-12
1924,Qtr 4,December,21,Indiana,De Havilland DH 4311,Goshen Indiana,Service Mail Aerial US,0,1,12,December,1924-12-21,1,0,0.0,1.0,1,De Havilland,1,1924-12
1946,Qtr 4,December,28,Indiana,Douglas DC 3 (C,Michigan City Indiana,Airlines American,0,21,12,December,1946-12-28,2,19,90.47619047619048,0.09523809523809523,2,Douglas,2,1946-12
1977,Qtr 4,December,13,Indiana,Douglas DC 3N51071,Evansville Indiana,(Air Indiana) Inc. Services Jet National,0,29,12,December,1977-12-13,29,0,0.0,1.0,29,Douglas,29,1977-12
1997,Qtr 4,December,19,Indonesia,Boeing B 737,Near Palembang Indonesia,Silk,0,104,12,December,1997-12-19,104,0,0.0,1.0,104,Boeing,104,1997-12
1996,Qtr 4,December,7,Indonesia,CASA 212 Aviocar 100PK VSO,Banjarmasin Indonesia,Services Air Dirgantara,2,17,12,December,1996-12-07,16,1,5.88235294117647,0.9411764705882353,18,CASA 212 Aviocar,18,1996-12
1959,Qtr 4,December,24,Indonesia,Douglas C 47APK,Palembang Indonesia,Airlines Indonesia Garuda,0,2,12,December,1959-12-24,1,1,50.0,0.5,1,Douglas,1,1959-12
1961,Qtr 4,December,29,Indonesia,Douglas DC 3PK,Surabaya Indonesia,Airlines Indonesia Garuda,0,14,12,December,1961-12-29,14,0,0.0,1.0,14,Douglas,14,1961-12
1990,Qtr 4,December,6,Indonesia,IPTN 332C Super PumaPK PUI,Near Matak Indonesia,Service Air Pelita,0,12,12,December,1990-12-06,10,2,16.666666666666664,0.8333333333333334,10,IPTN 332C Super,10,1990-12
2016,Qtr 4,December,3,Indonesia,M28 SkytruckP 4201,Near Tanjung Pinanga Indonesia,Police Indonesian,0,13,12,December,2016-12-03,13,0,0.0,1.0,13,M28,13,2016-12
1941,Qtr 4,December,29,Indonesia,Short S 23 Empire Flying Boat G,Sabang Indonesia,BOAC,0,4,12,December,1941-12-29,4,0,0.0,1.0,4,Short,4,1941-12
2002,Qtr 4,December,23,Iran,Antonov AN 140UR,Near Isfanan Iran,Aeromist-Kharkiv,0,44,12,December,2002-12-23,44,0,0.0,1.0,44,Antonov,44,2002-12
1950,Qtr 4,December,1,Iran,Douglas DC 3EP,Near Chamaran Iran,Air Iran,0,8,12,December,1950-12-01,8,0,0.0,1.0,8,Douglas,8,1950-12
1952,Qtr 4,December,25,Iran,Douglas DC 3EP,Tehran Iran,Air Iran,0,29,12,December,1952-12-25,27,2,6.896551724137931,0.9310344827586207,27,Douglas,27,1952-12
1946,Qtr 4,December,4,Iran,Lisunov Li 2?,Meshed Iran,Aeroflot,0,24,12,December,1946-12-04,24,0,0.0,1.0,24,Lisunov,24,1946-12
2005,Qtr 4,December,6,Iran,Lockheed C 130B Hercules5,Tehran Iran,Force Air Iran of Republic Islamic - Military,14,94,12,December,2005-12-06,94,0,0.0,1.0,108,Lockheed,108,2005-12
1951,Qtr 4,December,23,Iran,SNCASE LanguedocSU AHH,Tehran Iran,Misrair,0,22,12,December,1951-12-23,22,0,0.0,1.0,22,SNCASE,22,1951-12
1946,Qtr 4,December,28,Ireland,Lockheed 049 ConsellationNC86505,Near Shannon Ireland,Air Western and Continental Trans,0,23,12,December,1946-12-28,13,10,43.47826086956522,0.5652173913043478,13,Lockheed,13,1946-12
1995,Qtr 4,December,13,Italy,Antonov AN 24BYR,Verona - Villafranca Italy,Air Banat Romanian,0,49,12,December,1995-12-13,49,0,0.0,1.0,49,Antonov,49,1995-12
1973,Qtr 4,December,17,Italy,Boeing B 707,Rome Italy,Airways World American Pan,0,177,12,December,1973-12-17,30,147,83.05084745762711,0.1694915254237288,30,Boeing,30,1973-12
1978,Qtr 4,December,16,Italy,Cessna 421 Golden EagleI ASON,Selvapiana Italy,70 Air,0,10,12,December,1978-12-16,10,0,0.0,1.0,10,Cessna 421 Golden,10,1978-12
1948,Qtr 4,December,6,Italy,Douglas C 47I,Milan Italy,Italiane Linee ItalianeAvio Linee Avio,0,7,12,December,1948-12-06,7,0,0.0,1.0,7,Douglas,7,1948-12
1956,Qtr 4,December,22,Italy,Douglas DC 3I,Mt. Giner Italy,Italiane Aeree Linee,0,21,12,December,1956-12-22,21,0,0.0,1.0,21,Douglas,21,1956-12
1948,Qtr 4,December,31,Italy,Douglas DC 3ZS,Mt. Argentari Italy,Charter Air African Pan,0,13,12,December,1948-12-31,13,0,0.0,1.0,13,Douglas,13,1948-12
1940,Qtr 4,December,24,Italy,Savoia Marchetti SM.75 I,Capri Island Italy,Littolia Ala,0,7,12,December,1940-12-24,7,0,0.0,1.0,7,Savoia,7,1940-12
1937,Qtr 4,December,5,Italy,Short S 23 (flying boat)G,Brindisi Italy,Airways Imperial,0,8,12,December,1937-12-05,2,6,75.0,0.25,2,Short,2,1937-12
1937,Qtr 4,December,5,Italy,Short Empire Flying BoatG ADUZ,Brindisi Harbor Italy,Airways Imperial,0,19,12,December,1937-12-05,2,17,89.47368421052632,0.10526315789473684,2,Short Empire flying,2,1937-12
1959,Qtr 4,December,21,Italy,Vickers 785D ViscountI LIZT,Rome Italy,Alitalia,0,2,12,December,1959-12-21,2,0,0.0,1.0,2,Vickers 785D,2,1959-12
1946,Qtr 4,December,10,Japan,Curtiss Wright C,Near Osaka Japan,Forces Air Army U.S. - Military,0,24,12,December,1946-12-10,24,0,0.0,1.0,24,Curtiss,24,1946-12
1946,Qtr 4,December,25,Jiangsu,Curtiss C 47?,Near Wusong Jiangsu,China CNAC,3,34,12,December,1946-12-25,13,21,61.76470588235294,0.38235294117647056,16,Curtiss,16,1946-12
2012,Qtr 4,December,25,Kazakhstan,Antonov AN 72,Near Shymkent Kazakhstan,Guards Border Kazakhstan - Military,0,27,12,December,2012-12-25,27,0,0.0,1.0,27,Antonov,27,2012-12
2019,Qtr 4,December,27,Kazakhstan,Fokker 100UP F100,Almaty Kazakhstan,Air Bek,0,98,12,December,2019-12-27,12,86,87.75510204081633,0.12244897959183673,12,Fokker,12,2019-12
1941,Qtr 4,December,26,Kazakhstan,Tupolev ANT 6CCCP,Baiserke Kazakhstan,Aeroflot,0,34,12,December,1941-12-26,26,8,23.52941176470588,0.7647058823529411,26,Tupolev,26,1941-12
1990,Qtr 4,December,4,Kenya,Boeing B 707,Nairobi Kenya,Cargo Air Sudania,0,10,12,December,1990-12-04,10,0,0.0,1.0,10,Boeing,10,1990-12
1961,Qtr 4,December,24,Kodiak,Grumman G 21A GooseN1503V,Old Harbor Kodiak,Alaska Island Kodiak Airways,0,5,12,December,1961-12-24,1,4,80.0,0.2,1,Grumman,1,1961-12
1999,Qtr 4,December,10,Kuwait,Lockheed C 130H63,Kuwait City Kuwait,Force Air U.S. - Military,0,94,12,December,1999-12-10,3,91,96.80851063829788,0.031914893617021274,3,Lockheed,3,1999-12
1947,Qtr 4,December,10,Labrador,Douglas C 54D,Near Goose Bay Labrador,Force Air U.S. - Military,0,29,12,December,1947-12-10,23,6,20.689655172413794,0.7931034482758621,23,Douglas,23,1947-12
1969,Qtr 4,December,23,Laos,Douglas C 47A,Near Luang Prabang Laos,Air Laos,0,6,12,December,1969-12-23,6,0,0.0,1.0,6,Douglas,6,1969-12
1954,Qtr 4,December,4,Laos,Douglas DC 3F,Near Luang Pragang Laos,Laos Air,0,29,12,December,1954-12-04,29,0,0.0,1.0,29,Douglas,29,1954-12
1967,Qtr 4,December,7,Laos,Douglas DC 3XW,Muong Soui Laos,Airlines Cathay Lao,0,12,12,December,1967-12-07,10,2,16.666666666666664,0.8333333333333334,10,Douglas,10,1967-12
1993,Qtr 4,December,13,Laos,Yunshuji Y 12,Phonesavanh Laos,Aviation Lao,0,18,12,December,1993-12-13,18,0,0.0,1.0,18,Yunshuji,18,1993-12
1967,Qtr 4,December,30,Latvia,Antonov AN 24BCCCP,Liepaja Latvia,Aeroflot,0,51,12,December,1967-12-30,44,7,13.725490196078432,0.8627450980392157,44,Antonov,44,1967-12
1977,Qtr 4,December,2,Lebanon,Tupolev TU 154BLZ,Near Al Bayda Lebanon,Airlines Bulgarian Balkan,0,165,12,December,1977-12-02,59,106,64.24242424242425,0.3575757575757576,59,Tupolev,59,1977-12
1992,Qtr 4,December,22,Libya,Boeing B 727,Tripoli Libya,Force Air Libya - Military / Airlines Arab Libya,0,157,12,December,1992-12-22,157,0,0.0,1.0,157,Boeing,157,1992-12
1977,Qtr 4,December,8,Louisiana,SNIAS SA330JN4730S,Intracostal City Louisiana,Helicopter Petroleum,0,19,12,December,1977-12-08,17,2,10.526315789473683,0.8947368421052632,17,SNIAS,17,1977-12
1953,Qtr 4,December,17,Mariana,Boeing B 2944,Guam Mariana,Force Air U.S. - IslandsMilitary,8,16,12,December,1953-12-17,11,5,31.25,0.6875,19,Boeing,19,1953-12
1963,Qtr 4,December,8,Maryland,Boeing B 707,Elkton Maryland,Airways World American Pan,0,81,12,December,1963-12-08,81,0,0.0,1.0,81,Boeing,81,1963-12
1989,Qtr 4,December,1,Maryland,CASA 212 Aviocar 200N296CA,Patuxent Maryland,Army U.S. - Military,0,5,12,December,1989-12-01,5,0,0.0,1.0,5,CASA 212 Aviocar,5,1989-12
1988,Qtr 4,December,8,Mauritania,Douglas DC 7CFN284,Bîr Mogreïn Mauritania,Aviation G & T,0,5,12,December,1988-12-08,5,0,0.0,1.0,5,Douglas,5,1988-12
1992,Qtr 4,December,9,Mexico,Britten Norman BN,Uruapan Mexico,Sudpacifico Aero,0,9,12,December,1992-12-09,9,0,0.0,1.0,9,Britten,9,1992-12
1947,Qtr 4,December,28,Mexico,Douglas DC 2,Leon Mexico,Panini Aéreo Servicio,3,10,12,December,1947-12-28,5,5,50.0,0.5,8,Douglas,8,1947-12
1968,Qtr 4,December,26,Mexico,Douglas DC 3?,Ensenada Mexico,S.A. Sal De Exportada,0,12,12,December,1968-12-26,12,0,0.0,1.0,12,Douglas,12,1968-12
1968,Qtr 4,December,31,Mexico,Douglas DC 3XA,Near Ciudad Victoria Mexico,Especiales Aéreos Servicios,0,26,12,December,1968-12-31,26,0,0.0,1.0,26,Douglas,26,1968-12
1949,Qtr 4,December,16,Mexico,Douglas DC 3XA,Orizaba Mexico,Mexicana,0,17,12,December,1949-12-16,17,0,0.0,1.0,17,Douglas,17,1949-12
2012,Qtr 4,December,9,Mexico,Learjet 25N345MC,Near Iturbide Mexico,LLC Management Starwood,0,7,12,December,2012-12-09,7,0,0.0,1.0,7,Learjet,7,2012-12
1938,Qtr 4,December,2,Mexico,Lockheed 10E ElectraX ABAU,Mexico City Mexico,Mexicana,0,8,12,December,1938-12-02,8,0,0.0,1.0,8,Lockheed 18,8,1938-12
1990,Qtr 4,December,3,Michigan,Boeing B 727,Romulus Michigan,Airlines Northwest Airlines/ Northwest,0,198,12,December,1990-12-03,8,190,95.95959595959596,0.04040404040404041,8,Boeing,8,1990-12
1964,Qtr 4,December,30,Michigan,Curtis C 46AN608Z,Detroit Michigan,Transport Air Zantop,0,4,12,December,1964-12-30,4,0,0.0,1.0,4,Curtiss,4,1964-12
1993,Qtr 4,December,1,Minnesota,British Aerospace Jetstream BA 3100N334PX,Hibbing Minnesota,Airlink Northwest - Airlines Express,0,18,12,December,1993-12-01,18,0,0.0,1.0,18,British Aerospace Jetstream,18,1993-12
1934,Qtr 4,December,8,Missouri,Lockheed Vega 5CNC106W,Columbia Missouri,Airlines Braniff,0,1,12,December,1934-12-08,1,0,0.0,1.0,1,Lockheed Vega,1,1934-12
1945,Qtr 4,December,8,Montana,Douglas C 4745,Near Billings Montana,Army U.S. - Military,0,21,12,December,1945-12-08,17,4,19.047619047619047,0.8095238095238095,17,Douglas,17,1945-12
1922,Qtr 4,December,3,Morocco,Breguet 14F ALNA,Fez Morocco,Aeriens Express Grands,0,1,12,December,1922-12-03,1,0,0.0,1.0,1,Breguet,1,1922-12
1939,Qtr 4,December,24,Morocco,Savoia Marchetti SM83I,Mogador Morocco,Italiane Aeree Linee,0,7,12,December,1939-12-24,7,0,0.0,1.0,7,Savoia,7,1939-12
1973,Qtr 4,December,22,Morocco,Sud Aviation Caravelle VI,Near Tetouan Morocco,Maroc Air Royal,0,106,12,December,1973-12-22,106,0,0.0,1.0,106,Sud,106,1973-12
2012,Qtr 4,December,25,Myanmar,Fokker 100XY AGC,Heho Myanmar,Bagan Air,1,71,12,December,2012-12-25,1,70,98.59154929577466,0.014084507042253521,2,Fokker,2,2012-12
1987,Qtr 4,December,21,Petroleum Helicopters Inc.,Aerospatiale SA 330JN3596N,Eugene IslandAir Taxi - Petroleum Helicopters Inc.,Unknown Operator,0,15,12,December,1987-12-21,15,0,0.0,1.0,15,Aerospatiale,15,1987-12
2014,Qtr 4,December,28,Java SeaAirAsia,Airbus A 320,Java SeaAirAsia,Unknown Operator,0,162,12,December,2014-12-28,162,0,0.0,1.0,162,Airbus,162,2014-12
1988,Qtr 4,December,10,Afghan Republican Air Force,Antonov AN 32?,AfghanistanMilitary - Afghan Republican Air Force,Unknown Operator,0,25,12,December,1988-12-10,25,0,0.0,1.0,25,Antonov,25,1988-12
1944,Qtr 4,December,3,Canada Air Lines,Avro 683 LancasterCF CMU,Atlantic OceanTrans-Canada Air Lines,Unknown Operator,0,5,12,December,1944-12-03,5,0,0.0,1.0,5,Avro 683,5,1944-12
1997,Qtr 4,December,28,Over the Pacific OceanUnited Air Lines,Boeing B 747,Over the Pacific OceanUnited Air Lines,Unknown Operator,0,393,12,December,1997-12-28,1,392,99.74554707379136,0.002544529262086514,1,Boeing,1,1997-12
1994,Qtr 4,December,10,Pacific OceanPhilippine Air Lines,Boeing B 747,Pacific OceanPhilippine Air Lines,Unknown Operator,0,293,12,December,1994-12-10,1,292,99.65870307167235,0.0034129692832764505,1,Boeing,1,1994-12
2008,Qtr 4,December,15,Off Turks and Caicos IslandsAlantis Aviation,Britten Norman BN 2A Trislander Mk3N650LP,Off Turks and Caicos IslandsAlantis Aviation,Unknown Operator,0,12,12,December,2008-12-15,12,0,0.0,1.0,12,Britten Norman,12,2008-12
1931,Qtr 4,December,9,Off AlgiersAeropostale,CAMS 56F AIOX,Off AlgiersAeropostale,Unknown Operator,0,2,12,December,1931-12-09,2,0,0.0,1.0,2,Cams,2,1931-12
1989,Qtr 4,December,30,Milford SoundAir Fiordland,Cessna 207 / Cessna 207ZK DAX / ZK,Milford SoundAir Fiordland,Unknown Operator,0,5,12,December,1989-12-30,5,0,0.0,1.0,5,Cessna 207 / Cessna,5,1989-12
1987,Qtr 4,December,30,Pacific OceanMerpati Nasantara Airlines,de Havilland Canada DHC 6 Twin Otter 300PK,Pacific OceanMerpati Nasantara Airlines,Unknown Operator,0,17,12,December,1987-12-30,17,0,0.0,1.0,17,de Havilland Canada,17,1987-12
1945,Qtr 4,December,5,U.S. Navy,Five Grumman TBM Avengers?,Off the Florida coastMilitary - U.S. Navy,Unknown Operator,0,14,12,December,1945-12-05,14,0,0.0,1.0,14,Five Grumman TBM,14,1945-12
1939,Qtr 4,December,18,South of GibraltarIberia Airlines,Junkers JU 52M,South of GibraltarIberia Airlines,Unknown Operator,0,9,12,December,1939-12-18,9,0,0.0,1.0,9,Junkers,9,1939-12
1939,Qtr 4,December,21,LuqaBritish Airways,Lockheed 14 Super ElectraG AFYU,Off Malta-LuqaBritish Airways,Unknown Operator,0,8,12,December,1939-12-21,5,3,37.5,0.625,5,Lockheed 14 Super,5,1939-12
1934,Qtr 4,December,31,?Aeroflot,Tupolev ANT 9?,?Aeroflot,Unknown Operator,0,10,12,December,1934-12-31,10,0,0.0,1.0,10,Tupolev,10,1934-12
1944,Qtr 4,December,15,U.S. Army Air Forces,UC 64A Noorduyn Norseman44,English ChannelMilitary - U.S. Army Air Forces,Unknown Operator,0,3,12,December,1944-12-15,3,0,0.0,1.0,3,UC,3,1944-12
1923,Qtr 4,December,23,French Navy,Zeppelin Dixmunde (airship)L 72,Over the Mediterranean SeaMilitary - French Navy,Unknown Operator,0,52,12,December,1923-12-23,52,0,0.0,1.0,52,Zeppelin Dixmunde,52,1923-12
1977,Qtr 4,December,4,near,Boeing B 737,Straits of Johore near,Malaysia Ladang Kampung Malaysia Airlines,0,100,12,December,1977-12-04,100,0,0.0,1.0,100,Boeing,100,1977-12
1981,Qtr 4,December,1,near,McDonnell Douglas MD 81YU,Mt. San Pietro near,Corsica Ajaccio,0,180,12,December,1981-12-01,180,0,0.0,1.0,180,McDonnell Douglas,180,1981-12
1984,Qtr 4,December,22,Nepal,de Havilland Canada DHC 6 Twin Otter 3009N,Near Bhojpur Nepal,Airlines Nepal Royal,0,23,12,December,1984-12-22,15,8,34.78260869565217,0.6521739130434783,15,de Havilland Canada,15,1984-12
1999,Qtr 4,December,25,Nepal,de Havilland Canada DHC 6 Twin Otter9N,Near Simara Nepal,Airways Skyline,0,10,12,December,1999-12-25,10,0,0.0,1.0,10,de Havilland Canada,10,1999-12
2010,Qtr 4,December,15,Nepal,de Havilland Canada DHC 6 Twin Otter9N,Palunge Hill Nepal,Air Tara,0,22,12,December,2010-12-15,22,0,0.0,1.0,22,de Havilland Canada,22,2010-12
1985,Qtr 4,December,30,Nepal,Short SC7 SkyvanRAN,Near Dhangadhi Nepal,Force Air Nepalese Royal - Military,0,25,12,December,1985-12-30,25,0,0.0,1.0,25,Short,25,1985-12
1972,Qtr 4,December,21,Netherlands,de Havilland Canada DHC 6 Twin Otter 300F,Off St. Maarten off Netherlands,Guadeloupe AntillesAir,0,13,12,December,1972-12-21,13,0,0.0,1.0,13,de Havilland Canada,13,1972-12
1938,Qtr 4,December,9,Netherlands,Lockheed 14 WF62 Super ElectraPH,Amsterdam Netherlands,Airlines Dutch Royal KLM,0,4,12,December,1938-12-09,4,0,0.0,1.0,4,Lockheed,4,1938-12
2011,Qtr 4,December,7,Nevada,Aerospatiale AS 350 B2 EcureuilN37SH,Near Henderson Nevada,Inc. Helicopters Sundance,0,5,12,December,2011-12-07,5,0,0.0,1.0,5,Aerospatiale,5,2011-12
1965,Qtr 4,December,4,New,Boeing B 707,Carmel New,Lines Air Eastern / Airlines World YorkTrans,0,112,12,December,1965-12-04,4,108,96.42857142857143,0.03571428571428571,4,Boeing,4,1965-12
1951,Qtr 4,December,29,New,Curtiss C 46A,Near Little Valley New,Charters YorkContinental,0,40,12,December,1951-12-29,26,14,35.0,0.65,26,Curtiss,26,1951-12
1951,Qtr 4,December,16,New,Curtiss Wright C 46FN1678M,Elizabeth New,Airlines JerseyMiami,1,56,12,December,1951-12-16,56,0,0.0,1.0,57,Curtiss Wright,57,1951-12
1918,Qtr 4,December,16,New,De Havilland DH 497,Elizabeth New,Service Mail Aerial JerseyUS,0,1,12,December,1918-12-16,1,0,0.0,1.0,1,De Havilland,1,1918-12
1994,Qtr 4,December,17,New,de Havilland Canada DHC 6 Twin Otter 200P2,Papua New,Fellowship Aviation GuineaMissionary,0,28,12,December,1994-12-17,28,0,0.0,1.0,28,de Havilland Canada,28,1994-12
1976,Qtr 4,December,12,New,de Havilland Canada DHC 6 Twin Otter 300N101AC,Cape May New,Airlines City JerseyAtlantic,0,10,12,December,1976-12-12,3,7,70.0,0.3,3,de Havilland Canada,3,1976-12
1945,Qtr 4,December,30,New,Douglas DC 3NC18l23,New York City New,Lines Air YorkEastern,0,12,12,December,1945-12-30,1,11,91.66666666666666,0.08333333333333333,1,Douglas,1,1945-12
1954,Qtr 4,December,18,New,Douglas DC 6BI,New York New,Italiane Aeree YorkLinee,0,32,12,December,1954-12-18,26,6,18.75,0.8125,26,Douglas,26,1954-12
1996,Qtr 4,December,24,New,Learjet 35AN388LS,Dorchester New,Inc Group Charter HampshireAircraft,0,2,12,December,1996-12-24,2,0,0.0,1.0,2,Learjet,2,1996-12
1969,Qtr 4,December,5,New,Lockheed 18 08 Lodestar N410M,Nnear Albuquerque New,MexicoPrivate,0,9,12,December,1969-12-05,9,0,0.0,1.0,9,Lockheed,9,1969-12
1960,Qtr 4,December,16,New,MD DC 8,Staten Island / Brooklyn New,Airlines World Trans / Lines Air YorkUnited,6,128,12,December,1960-12-16,128,0,0.0,1.0,134,MD,134,1960-12
1985,Qtr 4,December,12,Newfoundland,McDonnell Douglas DC 8 Super 63PFN950JW,Gander Newfoundland,Canada Arrow Airways,0,256,12,December,1985-12-12,256,0,0.0,1.0,256,McDonnell Douglas,256,1985-12
1961,Qtr 4,December,15,Nicaragua,Curtiss C 46AN,Managua Nicaragua,Lanica,0,2,12,December,1961-12-15,2,0,0.0,1.0,2,Curtiss,2,1961-12
1982,Qtr 4,December,9,Nicaragua,Mil Mi 8 (helicopter)265,Near San Andres de Bocay Nicaragua,Force Air Nicaraguan - Military,0,88,12,December,1982-12-09,84,4,4.545454545454546,0.9545454545454546,84,Mil,84,1982-12
2005,Qtr 4,December,10,Nigeria,McDonnell DC 9,Near Port Harcourt Nigeria,Airlines Sosoliso,0,110,12,December,2005-12-10,108,2,1.8181818181818181,0.9818181818181818,108,McDonnell,108,2005-12
1994,Qtr 4,December,13,North,British Aerospace Jetstream 3201N918AE,Morrisville North,Eagle CarolinaAmerican,0,20,12,December,1994-12-13,15,5,25.0,0.75,15,British Aerospace Jetstream,15,1994-12
1971,Qtr 4,December,4,North,Douglas DC 9,Raleigh North,Lines Air CarolinaEastern,0,29,12,December,1971-12-04,2,27,93.10344827586206,0.06896551724137931,2,Douglas,2,1971-12
1983,Qtr 4,December,17,Northwest,de Havilland Canada DHC 6 Twin Otter 200C,Paulatuk Northwest,Canada Territory Inuvik Coastal Airways,0,12,12,December,1983-12-17,2,10,83.33333333333334,0.16666666666666666,2,de Havilland Canada,2,1983-12
1945,Qtr 4,December,18,Norway,Douglas C 47BKN413,Voksenkollen Norway,Force Air Royal - Military,0,17,12,December,1945-12-18,17,0,0.0,1.0,17,Douglas,17,1945-12
1972,Qtr 4,December,23,Norway,Fokker F 28 Fellowship 1000LN,Skaugum Norway,Braathens,0,45,12,December,1972-12-23,40,5,11.11111111111111,0.8888888888888888,40,Fokker,40,1972-12
1993,Qtr 4,December,3,NWT,Britten Norman BN 2A Trislander7C,Tuktoyaktuk NWT,Canada Arctic Wings & Rotors,0,7,12,December,1993-12-03,7,0,0.0,1.0,7,Britten Norman,7,1993-12
1997,Qtr 4,December,27,off,Antonov An 72ER,Atlantic Ocean off,Airways AngolaRenan,0,5,12,December,1997-12-27,5,0,0.0,1.0,5,Antonov,5,1997-12
2007,Qtr 4,December,5,Ohio,Cessna 208B Caravan I Super CargomasterN28MG,Columbus Ohio,Aviation Castle,0,2,12,December,2007-12-05,2,0,0.0,1.0,2,Cessna 208B Caravan I Super,2,2007-12
1923,Qtr 4,December,6,Ohio,De Havilland DH 4318,Castalia Ohio,Service Mail Aerial US,0,1,12,December,1923-12-06,1,0,0.0,1.0,1,De Havilland,1,1923-12
1929,Qtr 4,December,2,Ohio,Douglas M 3NC789,Chagrin Falls Ohio,Transport Air National,0,1,12,December,1929-12-02,1,0,0.0,1.0,1,Douglas,1,1929-12
1928,Qtr 4,December,20,Ohio,Douglas M 4NC790,Huron Ohio,Transport Air National,0,1,12,December,1928-12-20,1,0,0.0,1.0,1,Douglas,1,1928-12
1931,Qtr 4,December,31,Ohio,Fairchild Pilgrim 100A?,Springfield Ohio,Airways American,0,5,12,December,1931-12-31,4,1,20.0,0.8,4,Fairchild Pilgrim,4,1931-12
1962,Qtr 4,December,20,Okinawa,KB 50?,Kadena AB Okinawa,Force Air U.S. - Military,0,12,12,December,1962-12-20,12,0,0.0,1.0,12,KB,12,1962-12
1938,Qtr 4,December,8,Okinawa,Nakajima A T2J,Off Kuba Island Okinawa,Corporation Aviation Japan,0,15,12,December,1938-12-08,10,5,33.33333333333333,0.6666666666666666,10,Nakajima,10,1938-12
2003,Qtr 4,December,16,Ontario,de Havilland DHC 3 OtterC,Jellicoe Ontario,Canada Huron Air,0,3,12,December,2003-12-16,2,1,33.33333333333333,0.6666666666666666,2,De Havilland,2,2003-12
1978,Qtr 4,December,28,Oregon,McDonnell Douglas DC 8,Portland Oregon,Lines Air United,0,189,12,December,1978-12-28,10,179,94.70899470899471,0.05291005291005291,10,McDonnell Douglas,10,1978-12
1926,Qtr 4,December,16,Oregon,Ryan M 12,Medford Oregon,Transport Air Pacific,0,1,12,December,1926-12-16,1,0,0.0,1.0,1,Ryan,1,1926-12
2016,Qtr 4,December,7,Pakistan,ATR 42,Near Havlien Pakistan,Airlines International Pakistan,0,48,12,December,2016-12-07,48,0,0.0,1.0,48,ATR,48,2016-12
1949,Qtr 4,December,30,Pakistan,Douglas C 54A,Comilla Pakistan,Airways Bharat,0,7,12,December,1949-12-30,7,0,0.0,1.0,7,Douglas,7,1949-12
1949,Qtr 4,December,12,Pakistan,Douglas DC 3AP,Jungshahi Pakistan,Pakair,0,26,12,December,1949-12-12,26,0,0.0,1.0,26,Douglas,26,1949-12
1972,Qtr 4,December,8,Pakistan,Fokker F 27 Friendship 400AP,Near Rawalpindi Pakistan,Airlines International Pakistan,0,26,12,December,1972-12-08,26,0,0.0,1.0,26,Fokker,26,1972-12
1997,Qtr 4,December,31,Panama,Britten Norman BN 2A TrislanderHP,Rio Sidra Panama,Parsa,0,10,12,December,1997-12-31,10,0,0.0,1.0,10,Britten Norman,10,1997-12
2002,Qtr 4,December,13,Papua,Britten Norman BN,Gohu Airstrip Papua,Ltd. Airways GuineaIsland New,0,8,12,December,2002-12-13,8,0,0.0,1.0,8,Britten,8,2002-12
1995,Qtr 4,December,22,Papua,Britten Norman BN 2A,Bagasin Papua,Airways GuineaIsland New,0,12,12,December,1995-12-22,2,10,83.33333333333334,0.16666666666666666,2,Britten Norman,2,1995-12
1951,Qtr 4,December,13,Papua,de Havilland DH 84 DragonVH,Yaramunda Papua,New Guinea Qantas,0,3,12,December,1951-12-13,3,0,0.0,1.0,3,De Havilland,3,1951-12
1979,Qtr 4,December,23,Papua,GAF Nomad 22BP2 DNL,Menari Papua,Airways GuineaDouglas New,0,16,12,December,1979-12-23,16,0,0.0,1.0,16,GAF Nomad,16,1979-12
2016,Qtr 4,December,18,Papua,Lockheed C 130H Hercules A,Near Wamena Papua,Indonesia Indonesian Air Force,0,13,12,December,2016-12-18,13,0,0.0,1.0,13,Lockheed,13,2016-12
1968,Qtr 4,December,24,Pennsylvania,Convair CV 580N5802,Bradford Pennsylvania,Airlines Allegheny,0,47,12,December,1968-12-24,20,27,57.446808510638306,0.425531914893617,20,Convair,20,1968-12
1936,Qtr 4,December,19,Pennsylvania,Douglas DC 2,Near Milford Pennsylvania,Lines Air Eastern,0,11,12,December,1936-12-19,0,11,100.0,0.0,0,Douglas,0,1936-12
1954,Qtr 4,December,22,Pennsylvania,Douglas DC 3N24320,Pittsburgh Pennsylvania,Service Flying Johnson,0,28,12,December,1954-12-22,10,18,64.28571428571429,0.35714285714285715,10,Douglas,10,1954-12
1959,Qtr 4,December,1,Pennsylvania,Martin 202N174A,Willamsport Pennsylvania,Airlines Allegheny,0,26,12,December,1959-12-01,25,1,3.8461538461538463,0.9615384615384616,25,Martin,25,1959-12
1979,Qtr 4,December,22,Peru,de Havilland Canada DHC 5 BuffaloFAP,Near Puerto Esperanza Peru,Peru del Aérea Fuerza,0,29,12,December,1979-12-22,29,0,0.0,1.0,29,de Havilland Canada,29,1979-12
1984,Qtr 4,December,19,Peru,de Havilland Canada DHC 6 Twin Otter 300FAP,Near Jaen Peru,Peru del Aérea Fuerza - Military,0,21,12,December,1984-12-19,21,0,0.0,1.0,21,de Havilland Canada,21,1984-12
1976,Qtr 4,December,31,Peru,Douglas C 54A,Near Trujillo Peru,Faucett,0,19,12,December,1976-12-31,19,0,0.0,1.0,19,Douglas,19,1976-12
1964,Qtr 4,December,24,Peru,Douglas DC 3OB,Yurimaguas Peru,SATCO,0,23,12,December,1964-12-24,1,22,95.65217391304348,0.043478260869565216,1,Douglas,1,1964-12
1967,Qtr 4,December,8,Peru,Douglas DC C,Carpich Huanuco Mt. Peru,Faucett,0,72,12,December,1967-12-08,72,0,0.0,1.0,72,Douglas,72,1967-12
1987,Qtr 4,December,8,Peru,Fokker F 27 Friendship 400MAE,Off Lima Peru,Aviation Naval Peruvian,0,43,12,December,1987-12-08,42,1,2.3255813953488373,0.9767441860465116,42,Fokker,42,1987-12
1957,Qtr 4,December,11,Philippines,de Havilland Canada DHC 3 OtterPI,Ozamis City Philippines,Lines Air Philippine,0,12,12,December,1957-12-11,2,10,83.33333333333334,0.16666666666666666,2,de Havilland Canada,2,1957-12
1950,Qtr 4,December,19,Philippines,Douglas C54E DO (DC,Near Baguio Philippines,Force Air U.S. - Military,0,38,12,December,1950-12-19,38,0,0.0,1.0,38,Douglas,38,1950-12
1946,Qtr 4,December,14,Philippines,Douglas DC 3 (C,Mt. Banahaur Philippines,Transport Air Eastern Far,0,14,12,December,1946-12-14,12,2,14.285714285714285,0.8571428571428571,12,Douglas,12,1946-12
1965,Qtr 4,December,16,Philippines,Douglas DC 3API,Legaspi Philippines,Manila Air,0,21,12,December,1965-12-16,2,19,90.47619047619048,0.09523809523809523,2,Douglas,2,1965-12
1960,Qtr 4,December,22,Philippines,Douglas DC 3PI,Cebu City Philippines,Lines Air Philippine,0,37,12,December,1960-12-22,28,9,24.324324324324326,0.7567567567567568,28,Douglas,28,1960-12
1964,Qtr 4,December,21,Philippines,Douglas DC 3PI,Near Kaliba Philippines,Transport System Airways Fleming,0,39,12,December,1964-12-21,1,38,97.43589743589743,0.02564102564102564,1,Douglas,1,1964-12
1999,Qtr 4,December,7,Philippines,Let 410UVPRP C,Near Bayombang Philippines,Spirit Asian,0,17,12,December,1999-12-07,17,0,0.0,1.0,17,Let,17,1999-12
1993,Qtr 4,December,15,Philippines,Lockheed C 130H4761,Near Naga Philippines,Force Air Philippine - Military,0,29,12,December,1993-12-15,29,0,0.0,1.0,29,Lockheed,29,1993-12
1987,Qtr 4,December,13,Philippines,Shorts 360 300EI,Near Iligan Philippines,Lines Air Philippine,0,15,12,December,1987-12-13,15,0,0.0,1.0,15,Short,15,1987-12
1935,Qtr 4,December,24,Poland,Heinkel He 70D,Wroctaw Poland,Lufthansa Deutsche,0,3,12,December,1935-12-24,3,0,0.0,1.0,3,Heinkel,3,1935-12
1962,Qtr 4,December,19,Poland,Vickers Viscount 804SP LVB,Warsaw Poland,Airlines Polish Lot,0,33,12,December,1962-12-19,33,0,0.0,1.0,33,Vickers Viscount,33,1962-12
1977,Qtr 4,December,18,Portugal,Aerospatiale Caravelle 10RHB ICK,Off Madeira Portugal,SATA,0,57,12,December,1977-12-18,36,21,36.84210526315789,0.631578947368421,36,Aerospatiale Caravelle,36,1977-12
1977,Qtr 4,December,19,Puerto,Britten Norman BN,Vieques Puerto,Link Air RicoVieques,0,10,12,December,1977-12-19,5,5,50.0,0.5,5,Britten,5,1977-12
1948,Qtr 4,December,28,Puerto,Douglas DC 3DSTN16002,Off San Juan Puerto,Transport RicoAirborne,0,32,12,December,1948-12-28,32,0,0.0,1.0,32,Douglas,32,1948-12
1972,Qtr 4,December,31,Puerto,Douglas DC 7CFN500AE,San Juan Puerto,Leasing Express RicoAmerican,0,5,12,December,1972-12-31,5,0,0.0,1.0,5,Douglas,5,1972-12
2008,Qtr 4,December,3,Puerto,Rockwell International 690BN318WA,San Juan Puerto,Inc. Services Aviation RicoWebstas,0,3,12,December,2008-12-03,3,0,0.0,1.0,3,Rockwell International,3,2008-12
1980,Qtr 4,December,23,Qatar,Lockheed L 1011,Qatar Qatar,Airlines Arabian Saudi,0,291,12,December,1980-12-23,2,289,99.3127147766323,0.006872852233676976,2,Lockheed,2,1980-12
1957,Qtr 4,December,10,Quebec,Douglas C 47ACF,Jeannine Lake Quebec,Canada Northern Wings,0,10,12,December,1957-12-10,3,7,70.0,0.3,3,Douglas,3,1957-12
1974,Qtr 4,December,29,Romania,Antonov AN 24RVYR,Near Sibiu Romania,TAROM,0,33,12,December,1974-12-29,33,0,0.0,1.0,33,Antonov,33,1974-12
1989,Qtr 4,December,28,Romania,Antonov AN 24RVYR,Near Visina Romania,TAROM,0,7,12,December,1989-12-28,7,0,0.0,1.0,7,Antonov,7,1989-12
1970,Qtr 4,December,7,Romania,BAC One Eleven 424EUYR,Near Constanta Romania,TAROM,0,27,12,December,1970-12-07,19,8,29.629629629629626,0.7037037037037037,19,BAC,19,1970-12
2013,Qtr 4,December,26,Russia,Antonov 1212162,Irkutsk Russia,Ir,0,9,12,December,2013-12-26,9,0,0.0,1.0,9,Antonov,9,2013-12
1996,Qtr 4,December,17,Russia,Antonov AN 12?,Tver Russia,Force Air Russian - Military,0,18,12,December,1996-12-17,18,0,0.0,1.0,18,Antonov,18,1996-12
1997,Qtr 4,December,5,Russia,Antonov AN 124,Irkutsk-2 Russia,Force Air Russian - Military,44,23,12,December,1997-12-05,23,0,0.0,1.0,67,Antonov,67,1997-12
1969,Qtr 4,December,6,Russia,Antonov An 12PLCCCP,Near Khantanga Russia,Aeroflot,0,8,12,December,1969-12-06,8,0,0.0,1.0,8,Antonov,8,1969-12
1974,Qtr 4,December,4,Russia,Antonov An 2 / Antonov An,Irkutsk Russia,Aeroflot,0,18,12,December,1974-12-04,13,5,27.77777777777778,0.7222222222222222,13,Antonov,13,1974-12
1983,Qtr 4,December,24,Russia,Antonov AN 24CCCP,Leshukonskoye Russia,Aeroflot,0,49,12,December,1983-12-24,44,5,10.204081632653061,0.8979591836734694,44,Antonov,44,1983-12
1971,Qtr 4,December,1,Russia,Antonov AN 24CCCP,Saratov Russia,Aeroflot,0,57,12,December,1971-12-01,57,0,0.0,1.0,57,Antonov,57,1971-12
1979,Qtr 4,December,9,Russia,Antonov AN 26CCCP,Cherskiy Russia,Aeroflot,0,7,12,December,1979-12-09,7,0,0.0,1.0,7,Antonov,7,1979-12
1982,Qtr 4,December,23,Russia,Antonov AN 26CCCP,Rostov-on-Don Russia,Aeroflot,0,16,12,December,1982-12-23,16,0,0.0,1.0,16,Antonov,16,1982-12
1936,Qtr 4,December,6,Russia,Antonov AN 9CCCP,Near Moscow Russia,Deruluft,0,14,12,December,1936-12-06,9,5,35.714285714285715,0.6428571428571429,9,Antonov,9,1936-12
1945,Qtr 4,December,25,Russia,Douglas DC 3?,Near Dudinka Russia,Aviatsiya Polyarnya,0,10,12,December,1945-12-25,10,0,0.0,1.0,10,Douglas,10,1945-12
1999,Qtr 4,December,5,Russia,Ilyushin 114TUK 91004,Moscow Russia,Corporation Production Aircraft Tashkent,0,7,12,December,1999-12-05,5,2,28.57142857142857,0.7142857142857143,5,Ilyushin,5,1999-12
1969,Qtr 4,December,10,Russia,Ilyushin 14PCCCP 52010,Off Makhachkala Russia,Aeroflot,0,17,12,December,1969-12-10,17,0,0.0,1.0,17,Ilyushin,17,1969-12
1954,Qtr 4,December,31,Russia,Ilyushin II 14?,Irkutsk Russia,Aeroflot,0,17,12,December,1954-12-31,17,0,0.0,1.0,17,Ilyushin,17,1954-12
2001,Qtr 4,December,1,Russia,Ilyushin IL 76TDRA,Near Novaya Inya Russia,cargo Russian - Military,0,18,12,December,2001-12-01,18,0,0.0,1.0,18,Ilyushin,18,2001-12
1947,Qtr 4,December,18,Russia,Ilyushin IL 12CCCP,Krasnoyarsk Russia,Aeroflot,0,25,12,December,1947-12-18,9,16,64.0,0.36,9,Ilyushin,9,1947-12
1957,Qtr 4,December,18,Russia,Ilyushin IL 12CCCP,Near Birobidzhan Russia,Aeroflot,0,27,12,December,1957-12-18,27,0,0.0,1.0,27,Ilyushin,27,1957-12
1976,Qtr 4,December,18,Russia,Ilyushin IL 14MCCCP,Nnear Yuzhno-Sakhalinsk Russia,Aeroflot,0,8,12,December,1976-12-18,8,0,0.0,1.0,8,Ilyushin,8,1976-12
1960,Qtr 4,December,26,Russia,Ilyushin IL 18ACCCP,Near Ulyanovsk Russia,Aeroflot,0,17,12,December,1960-12-26,17,0,0.0,1.0,17,Ilyushin,17,1960-12
1961,Qtr 4,December,17,Russia,Ilyushin IL 18BCCCP,Near Chebotovka Russia,Aeroflot,0,59,12,December,1961-12-17,59,0,0.0,1.0,59,Ilyushin,59,1961-12
1961,Qtr 4,December,31,Russia,Ilyushin IL 18BCCCP,Near Mineral Waters Russia,Aeroflot,0,119,12,December,1961-12-31,32,87,73.10924369747899,0.2689075630252101,32,Ilyushin,32,1961-12
1960,Qtr 4,December,4,Russia,Ilyushin 14M CCCP 52091,Chernovo Russia,Aeroflot,0,14,12,December,1960-12-04,14,0,0.0,1.0,14,Ilyushin,14,1960-12
1988,Qtr 4,December,7,Russia,Let 410UVPCCCP 67127,Kodinsk Russia,Aeroflot,0,14,12,December,1988-12-07,6,8,57.14285714285714,0.42857142857142855,6,Let,6,1988-12
1955,Qtr 4,December,9,Russia,Li 2CCCP,Khabarovsk Territory Russia,Aeroflot,0,21,12,December,1955-12-09,21,0,0.0,1.0,21,Li,21,1955-12
1951,Qtr 4,December,27,Russia,Lisunov LI 2L4228,Near Namtso Russia,Aeroflot,0,20,12,December,1951-12-27,20,0,0.0,1.0,20,Lisunov,20,1951-12
2016,Qtr 4,December,25,Russia,Tupolev 154B 2RA,Near Adar Russia,Force Air Russian,0,92,12,December,2016-12-25,92,0,0.0,1.0,92,Tupolev,92,2016-12
1966,Qtr 4,December,2,Russia,Tupolev TU 114BCCCP,Moscow Russia,Aeroflot,0,21,12,December,1966-12-02,21,0,0.0,1.0,21,Tupolev,21,1966-12
1984,Qtr 4,December,23,Russia,Tupolev TU 154B,Near Kranoyarsk Russia,Aeroflot,0,111,12,December,1984-12-23,110,1,0.9009009009009009,0.990990990990991,110,Tupolev,110,1984-12
1995,Qtr 4,December,7,Russia,Tupolev TU 154BRA,Near Grossevichi Russia,Aviation East Far,0,98,12,December,1995-12-07,98,0,0.0,1.0,98,Tupolev,98,1995-12
2010,Qtr 4,December,4,Russia,Tupolev TU 154MRA,Moscow Russia,Airlines Dagestan,0,169,12,December,2010-12-04,2,167,98.81656804733728,0.011834319526627219,2,Tupolev,2,2010-12
2012,Qtr 4,December,29,Russia,Tupolev TU 204,Moscow Russia,Airlines Wings Red,0,8,12,December,2012-12-29,5,3,37.5,0.625,5,Tupolev,5,2012-12
1942,Qtr 4,December,12,Russia,Tupolev A.N.T. 20bisSSSR L,Near Tashkent Russia,Aeroflot,0,36,12,December,1942-12-12,36,0,0.0,1.0,36,Tupolev A.N.T.,36,1942-12
1976,Qtr 4,December,17,Russia,Yakovlev 40CCCP 88208,Ust-Kut Russia,Aeroflot,0,7,12,December,1976-12-17,7,0,0.0,1.0,7,Yakovlev,7,1976-12
1987,Qtr 4,December,3,Rwanda,Cessna 404 Titan5Y EJS,Near Kishwati Rwanda,Charters Air Skybird Cooper,0,14,12,December,1987-12-03,14,0,0.0,1.0,14,Cessna 404,14,1987-12
2017,Qtr 4,December,13,Saskatchewan,ATR42 320C,Near Fond-du-Lac Saskatchewan,Aviation Wind West,0,25,12,December,2017-12-13,1,24,96.0,0.04,1,ATR42,1,2017-12
1986,Qtr 4,December,25,Saudi,Boeing B 737,Arar Saudi,Airways ArabiaIraqi,0,106,12,December,1986-12-25,63,43,40.56603773584906,0.5943396226415094,63,Boeing,63,1986-12
2004,Qtr 4,December,11,Saudi,Ilyushin II 76TDER,Near Jeddah Saudi,Transport ArabiaAirline,0,7,12,December,2004-12-11,1,6,85.71428571428571,0.14285714285714285,1,Ilyushin,1,2004-12
1956,Qtr 4,December,31,Saudi,Lockheed C 121C Super Constellation54,Dhahran Saudi,Force Air U.S. - ArabiaMilitary,0,38,12,December,1956-12-31,12,26,68.42105263157895,0.3157894736842105,12,Lockheed,12,1956-12
1988,Qtr 4,December,21,Scotland,Boeing B 747,Lockerbie Scotland,Airways World American Pan,11,259,12,December,1988-12-21,259,0,0.0,1.0,270,Boeing,270,1988-12
1943,Qtr 4,December,17,Scotland,Lockheed 18 56 LodestarG,Off Montrose Scotland,Airways Overseas British,0,10,12,December,1943-12-17,10,0,0.0,1.0,10,Lockheed,10,1943-12
1993,Qtr 4,December,9,Senegal,DHC 6 Twin Otter 300 / NAMC YS,Off Dakar Senegal,Airways Gambia / Senegal Air,0,3,12,December,1993-12-09,3,0,0.0,1.0,3,DHC,3,1993-12
1978,Qtr 4,December,23,Sicily,McDonnell Douglas DC 9,Off Cinisi Sicily,Italy Alitalia,0,129,12,December,1978-12-23,108,21,16.27906976744186,0.8372093023255814,108,McDonnell Douglas,108,1978-12
1954,Qtr 4,December,12,Slovakia,Douglas C 47AOK,Bratislava Slovakia,Aerolinie Ceskoslovenské,0,4,12,December,1954-12-12,4,0,0.0,1.0,4,Douglas,4,1954-12
1974,Qtr 4,December,12,South,Boeing Vertol CH 47 (helicopter)?,Near Moc Hoa South,Force Air Vietnamese - VietnamMilitary,0,54,12,December,1974-12-12,54,0,0.0,1.0,54,Boeing Vertol,54,1974-12
1973,Qtr 4,December,21,South,Boeing Vertol CH 47 (helilcopter)?,Near Siagon South,Force Air Vietnamese - VietnamMilitary,0,20,12,December,1973-12-21,20,0,0.0,1.0,20,Boeing Vertol,20,1973-12
1955,Qtr 4,December,17,South,Curtiss C 46AN9904F,Hollywood South,Airlines CarolinaRiddle,0,2,12,December,1955-12-17,2,0,0.0,1.0,2,Curtiss,2,1955-12
2012,Qtr 4,December,5,South,Douglas C47 TP6840,Near Ladysmith South,Force Air African South - AfricaMilitary,0,11,12,December,2012-12-05,11,0,0.0,1.0,11,Douglas,11,2012-12
1973,Qtr 4,December,28,South,Douglas DC 3ZS,Durban South,Funds AfricaExecutive,0,25,12,December,1973-12-28,1,24,96.0,0.04,1,Douglas,1,1973-12
1964,Qtr 4,December,11,South,Fairchild C 123?,Near Da Nang South,Force Air Vietnamese - VietnamMilitary,0,38,12,December,1964-12-11,38,0,0.0,1.0,38,Fairchild,38,1964-12
1965,Qtr 4,December,11,South,Fairchild C 123C56,Near Tuy Hoa South,Force Air U.S. - VietnamMilitary,0,85,12,December,1965-12-11,85,0,0.0,1.0,85,Fairchild,85,1965-12
1933,Qtr 4,December,14,South,Junkers W 34ZS,Eshowe South,Airways AfricaUnion,0,6,12,December,1933-12-14,5,1,16.666666666666664,0.8333333333333334,5,Junkers,5,1933-12
1983,Qtr 4,December,7,Spain,Boeing B 727,Near Madrid Spain,Aviaco / Airlines Iberia,0,135,12,December,1983-12-07,93,42,31.11111111111111,0.6888888888888889,93,Boeing,93,1983-12
1927,Qtr 4,December,28,Spain,Breguet 14F AFGS,Almeria Spain,Aeropostale,0,1,12,December,1927-12-28,1,0,0.0,1.0,1,Breguet,1,1927-12
1920,Qtr 4,December,24,Spain,Breguet 14F ALBO,Barcelona Spain,Aeropostale,0,1,12,December,1920-12-24,1,0,0.0,1.0,1,Breguet,1,1920-12
1953,Qtr 4,December,4,Spain,Bristol 170 Freighter 21EC AEG,Near Guaderrama Spain,Aviaco,0,33,12,December,1953-12-04,23,10,30.303030303030305,0.696969696969697,23,Bristol 170 Freighter,23,1953-12
1948,Qtr 4,December,23,Spain,Douglas DC 3 (C,Near Madrid Spain,Airlines Iberia,0,27,12,December,1948-12-23,27,0,0.0,1.0,27,Douglas,27,1948-12
1958,Qtr 4,December,4,Spain,SNCASE LanguedocEC ANR,Guadarrama Mountains Spain,Aviaco,0,21,12,December,1958-12-04,21,0,0.0,1.0,21,SNCASE,21,1958-12
1974,Qtr 4,December,4,Sri,McDonnell Douglas DC 8,Near Maskeliya Sri,NV Holland LankaMartinair,0,191,12,December,1974-12-04,191,0,0.0,1.0,191,McDonnell Douglas,191,1974-12
1971,Qtr 4,December,6,Sudan,Fokker F 27 Friendship 200ST,Tikaka Sudan,Airways Sudan,0,42,12,December,1971-12-06,10,32,76.19047619047619,0.23809523809523808,10,Fokker,10,1971-12
1919,Qtr 4,December,11,Surrey,De Havilland DH 4G,Catherham Surrey,UKAircraft Travel Transport,0,1,12,December,1919-12-11,1,0,0.0,1.0,1,De Havilland,1,1919-12
1991,Qtr 4,December,27,Sweden,Mc Donnell Douglas MD 81OY,Stockholm Sweden,(SAS) Airlines Scandinavian,0,129,12,December,1991-12-27,0,129,100.0,0.0,0,McDonnell Douglas,0,1991-12
1953,Qtr 4,December,19,Switzerland,Convair CV 240OO,Zurich Switzerland,Sabena,0,44,12,December,1953-12-19,1,43,97.72727272727273,0.022727272727272728,1,Convair,1,1953-12
1934,Qtr 4,December,20,Syria,Douglas DC 2,Rutbah Wells Syria,Airlines Dutch Royal KLM,0,7,12,December,1934-12-20,7,0,0.0,1.0,7,Douglas,7,1934-12
1952,Qtr 4,December,22,Syria,Douglas DC 3?,Damascus Syria,Air Syrian,0,0,12,December,1952-12-22,9,-9,-inf,Unknown,9,Douglas,9,1952-12
1953,Qtr 4,December,21,Syria,Douglas DC 3YK,Dah-el-Kadeeb Syria,Airways Syrian,0,15,12,December,1953-12-21,9,6,40.0,0.6,9,Douglas,9,1953-12
2002,Qtr 4,December,21,Taiwan,Aérospatiale/Aeritalia ATR 72,Off Pachao Tao Taiwan,Airways Transasia,0,2,12,December,2002-12-21,2,0,0.0,1.0,2,Aérospatiale/Aeritalia,2,2002-12
1991,Qtr 4,December,29,Taiwan,Boeing B 747,Wanli Taiwan,(Taiwan) Airlines China,0,5,12,December,1991-12-29,5,0,0.0,1.0,5,Boeing,5,1991-12
1948,Qtr 4,December,12,Taiwan,Douglas DC 3?,Taipei Taiwan,Corporation Aviation National China,0,10,12,December,1948-12-12,2,8,80.0,0.2,2,Douglas,2,1948-12
1952,Qtr 4,December,30,Taiwan,Douglas DC 3PI,Chinmen Island Taiwan,Lines Air Philippine,0,10,12,December,1952-12-30,2,8,80.0,0.2,2,Douglas,2,1952-12
1980,Qtr 4,December,5,Tanzania,Piper PA 42 Cheyenne5H,Dar es Salaam Tanzania,Aviation Tanzania,0,10,12,December,1980-12-05,10,0,0.0,1.0,10,Piper,10,1980-12
1947,Qtr 4,December,11,Tennessee,Douglas C 47,Near Memphis Tennessee,Force Air U.S. - Military,0,20,12,December,1947-12-11,20,0,0.0,1.0,20,Douglas,20,1947-12
1928,Qtr 4,December,23,Tennessee,Fairchild FC 2?,Chattanooga Tennessee,Airlines Interstate,0,4,12,December,1928-12-23,4,0,0.0,1.0,4,Fairchild,4,1928-12
1934,Qtr 4,December,22,Tennessee,Lockheed Orion 9DNC12286,Sunbright Tennessee,Airlines American,0,1,12,December,1934-12-22,1,0,0.0,1.0,1,Lockheed Orion,1,1934-12
2008,Qtr 4,December,11,Texas,Bell 206 L4 Jet Ranger IIIN180AL,Off Sabine Pass Texas,Co Leasing Rotorcraft,0,3,12,December,2008-12-11,3,0,0.0,1.0,3,Bell,3,2008-12
1985,Qtr 4,December,31,Texas,Douglas DC 3N711Y,De Kalb Texas,Private,0,9,12,December,1985-12-31,7,2,22.22222222222222,0.7777777777777778,7,Douglas,7,1985-12
1928,Qtr 4,December,1,Texas,Ford 4 AT,Spur Texas,Co. Transport Air Sunbeam,0,5,12,December,1928-12-01,5,0,0.0,1.0,5,Ford,5,1928-12
1932,Qtr 4,December,14,Texas,Ford 5NC9650,Amarillo Texas,Air Western and Continental Trans,0,2,12,December,1932-12-14,2,0,0.0,1.0,2,Ford,2,1932-12
1936,Qtr 4,December,23,Texas,Lockheed 10 ElectraNC14905,Near Dallas Texas,Airways Braniff,0,6,12,December,1936-12-23,6,0,0.0,1.0,6,Lockheed 18,6,1936-12
1929,Qtr 4,December,30,Texas,Travel Air B6000?,Amarillo Texas,Transport Air Continental Trans,0,5,12,December,1929-12-30,5,0,0.0,1.0,5,Travel Air,5,1929-12
1998,Qtr 4,December,11,Thailand,Airbus A 310,Near Surat Thani Thailand,Airways Thai,0,146,12,December,1998-12-11,102,44,30.136986301369863,0.6986301369863014,102,Airbus,102,1998-12
1976,Qtr 4,December,25,Thailand,Boeing B 707,Near Bangkok Thailand,Egypt,19,53,12,December,1976-12-25,53,0,0.0,1.0,72,Boeing,72,1976-12
1967,Qtr 4,December,25,Thailand,Douglas DC 3HS,Chiang Mai Thailand,Airways Thai,0,31,12,December,1967-12-25,4,27,87.09677419354838,0.12903225806451613,4,Douglas,4,1967-12
1931,Qtr 4,December,6,Thailand,Fokker F VIIb,Bangkok Thailand,Airlines Dutch Royal KLM,0,7,12,December,1931-12-06,5,2,28.57142857142857,0.7142857142857143,5,Fokker,5,1931-12
1962,Qtr 4,December,28,The,Channel Air BridgeG ARSF,Rotterdam The,ATL-98 NetherlandsCarvair,0,18,12,December,1962-12-28,1,17,94.44444444444444,0.05555555555555555,1,Channel Air,1,1962-12
1999,Qtr 4,December,29,Turkey,Antonov 283C JJI,Near Zonguldak Turkey,Aviacion de Guineana Ecuato,0,6,12,December,1999-12-29,6,0,0.0,1.0,6,Antonov,6,1999-12
1994,Qtr 4,December,29,Turkey,Boeing B 737,Near Van Turkey,(THY) Airlines Turkish,0,76,12,December,1994-12-29,57,19,25.0,0.75,57,Boeing,57,1994-12
1961,Qtr 4,December,21,Turkey,de Havilland Comet 4BG ARJM,Ankara Turkey,Airways European British,0,34,12,December,1961-12-21,27,7,20.588235294117645,0.7941176470588235,27,de Havilland Comet,27,1961-12
1979,Qtr 4,December,23,Turkey,Fokker F 28 Fellowship 1000TC,Ankara Turkey,(THY) Airlines Turkish,0,45,12,December,1979-12-23,41,4,8.88888888888889,0.9111111111111111,41,Fokker,41,1979-12
1944,Qtr 4,December,7,Ukraine,Lisunov LI 2CCCP,Orlivka Ukraine,Aeroflot,0,16,12,December,1944-12-07,16,0,0.0,1.0,16,Lisunov,16,1944-12
1973,Qtr 4,December,23,Ukraine,Tupolev Tu 124CCCP,Lvov Ukraine,USSRAeroflot,0,17,12,December,1973-12-23,17,0,0.0,1.0,17,Tupolev,17,1973-12
1999,Qtr 4,December,22,United,Boeing 747 2B5FHL,Great Hallingbury United,Air KingdomKorean,0,4,12,December,1999-12-22,4,0,0.0,1.0,4,Boeing,4,1999-12
1997,Qtr 4,December,15,United,Tupolev TU 154EY,Sharjah United,Airlines EmiratesTajikistan Arab,0,86,12,December,1997-12-15,85,1,1.1627906976744187,0.9883720930232558,85,Tupolev,85,1997-12
1977,Qtr 4,December,9,USSRAeroflot,Antonov AN 24CCCP,Tarko-Saley USSRAeroflot,Unknown Operator,0,23,12,December,1977-12-09,17,6,26.08695652173913,0.7391304347826086,17,Antonov,17,1977-12
1976,Qtr 4,December,17,USSRAeroflot,Antonov AN 24RVCCCP,Kiev USSRAeroflot,Unknown Operator,0,55,12,December,1976-12-17,48,7,12.727272727272727,0.8727272727272727,48,Antonov,48,1976-12
1970,Qtr 4,December,31,USSRAeroflot,Ilyushin IL 18BCCCP,Leningrad USSRAeroflot,Unknown Operator,0,93,12,December,1970-12-31,93,0,0.0,1.0,93,Ilyushin,93,1970-12
1984,Qtr 4,December,4,USSRAeroflot,LET 410 MCCCP 67225,Near Kostroma USSRAeroflot,Unknown Operator,0,17,12,December,1984-12-04,17,0,0.0,1.0,17,LET 410,17,1984-12
1973,Qtr 4,December,7,USSRAeroflot,Tupolev TU 104BCCCP,Moscow USSRAeroflot,Unknown Operator,0,75,12,December,1973-12-07,13,62,82.66666666666667,0.17333333333333334,13,Tupolev,13,1973-12
1973,Qtr 4,December,16,USSRAeroflot,Tupolev Tu 124CCCP,Near Karacharovo USSRAeroflot,Unknown Operator,0,51,12,December,1973-12-16,51,0,0.0,1.0,51,Tupolev,51,1973-12
1936,Qtr 4,December,15,Utah,Boeing 247DNC13370,Near Salt Lake City Utah,Express Air Western,0,7,12,December,1936-12-15,7,0,0.0,1.0,7,Boeing,7,1936-12
1943,Qtr 4,December,29,Utah,Consolidated B 24 / Consolidated B,Lakeside Utah,Army U.S. - Military / Forces Air Army U.S. - Military,0,25,12,December,1943-12-29,25,0,0.0,1.0,25,Consolidated,25,1943-12
1942,Qtr 4,December,15,Utah,Douglas DC 3ANC16060,Fairfield Utah,Airlines Western,0,19,12,December,1942-12-15,17,2,10.526315789473683,0.8947368421052632,17,Douglas,17,1942-12
1977,Qtr 4,December,18,Utah,Douglas DC 8,Near Salt Lake City Utah,Lines Air United,0,3,12,December,1977-12-18,3,0,0.0,1.0,3,Douglas,3,1977-12
1959,Qtr 4,December,13,Uzbekistan,Ilyushin IL 18CCCP,Near Tashkent Uzbekistan,USSRAeroflot,0,29,12,December,1959-12-13,29,0,0.0,1.0,29,Ilyushin,29,1959-12
1974,Qtr 4,December,14,Uzbekistan,Yakovlev 40CCCP 87630,Bukhara Uzbekistan,Aeroflot,0,19,12,December,1974-12-14,7,12,63.1578947368421,0.3684210526315789,7,Yakovlev,7,1974-12
1958,Qtr 4,December,23,Uzbekstan,Ilyushin IL 14CCCP,Tashkent Uzbekstan,Aeroflot,0,21,12,December,1958-12-23,21,0,0.0,1.0,21,Ilyushin,21,1958-12
1995,Qtr 4,December,20,Valle,Boeing B 757,Near Buga Valle,Colombia Cauca del American Airlines,0,164,12,December,1995-12-20,160,4,2.4390243902439024,0.975609756097561,160,Boeing,160,1995-12
1968,Qtr 4,December,12,Venezuela,Boeing B 707,Near Caracas Venezuela,Airways World American Pan,0,51,12,December,1968-12-12,51,0,0.0,1.0,51,Boeing,51,1968-12
1969,Qtr 4,December,3,Venezuela,Boeing B 707,Off Caracas Venezuela,France Air,0,62,12,December,1969-12-03,62,0,0.0,1.0,62,Boeing,62,1969-12
1950,Qtr 4,December,15,Venezuela,Douglas C 47,Valera Venezuela,Avensa,0,31,12,December,1950-12-15,31,0,0.0,1.0,31,Douglas,31,1950-12
1994,Qtr 4,December,17,Venezuela,Douglas C 47A,Cerro Aicha Venezuela,Servivensa,0,9,12,December,1994-12-17,7,2,22.22222222222222,0.7777777777777778,7,Douglas,7,1994-12
1954,Qtr 4,December,18,Venezuela,Douglas C 47AYV,Near Bolivar Venezuela,Venezolana Aeropostal Linea,0,2,12,December,1954-12-18,2,0,0.0,1.0,2,Douglas,2,1954-12
1952,Qtr 4,December,25,Venezuela,Douglas DC 3YV,Off Caracas Venezuela,Avensa,0,5,12,December,1952-12-25,3,2,40.0,0.6,3,Douglas,3,1952-12
1974,Qtr 4,December,22,Venezuela,McDonnell Douglas DC 9,Maturin Venezuela,(Venezuela) SA Venezolanas Aerovias,0,77,12,December,1974-12-22,77,0,0.0,1.0,77,McDonnell Douglas,77,1974-12
2004,Qtr 4,December,10,Venezuela,PZL Mielec M28GN,El Junquito Venezuela,Venezuela de Nacional Guardia,0,16,12,December,2004-12-10,16,0,0.0,1.0,16,PZL,16,2004-12
1999,Qtr 4,December,25,Venezuela,Yakovlev YAK 42DCU,Bejuma Venezuela,Aviacion de Cubana,0,22,12,December,1999-12-25,22,0,0.0,1.0,22,Yakovlev,22,1999-12
1969,Qtr 4,December,22,Vietnam,Douglas DC 6BB,Nha Trang Vietnam,Vietnam) (South Vietnam Air,24,77,12,December,1969-12-22,10,67,87.01298701298701,0.12987012987012986,34,Douglas,34,1969-12
1970,Qtr 4,December,28,Virgin,Boeing B 727,St. Thomas Virgin,Airways Caribbean IslandsTrans,0,55,12,December,1970-12-28,2,53,96.36363636363636,0.03636363636363636,2,Boeing,2,1970-12
1974,Qtr 4,December,1,Virginia,Boeing B 727,Near Berryville Virginia,Airlines World Trans,0,92,12,December,1974-12-01,92,0,0.0,1.0,92,Boeing,92,1974-12
1996,Qtr 4,December,22,Virginia,McDonnell Douglas DC 8,Narrows Virginia,Express Airborne,0,6,12,December,1996-12-22,6,0,0.0,1.0,6,McDonnell Douglas,6,1996-12
1968,Qtr 4,December,31,Unknown,Vickers Viscount 720VH RMQ,Port Hedland WA,Australia Mac,0,26,12,December,1968-12-31,26,0,0.0,1.0,26,Vickers Viscount,26,1968-12
1989,Qtr 4,December,26,Washington,British Aerospace 3101 Jetstream 31N410UE,Pasco Washington,Express United,0,6,12,December,1989-12-26,6,0,0.0,1.0,6,British Aerospace 3101 Jetstream,6,1989-12
1946,Qtr 4,December,10,Washington,Curtiss Wright R5C,Toledo Washington,Corps Marine U.S. - Military,0,32,12,December,1946-12-10,32,0,0.0,1.0,32,Curtiss,32,1946-12
1952,Qtr 4,December,20,Washington,Douglas C 124A Globemaster50,Moses Lake Washington,Force Air U.S. - Military,0,115,12,December,1952-12-20,87,28,24.347826086956523,0.7565217391304347,87,Douglas,87,1952-12
1928,Qtr 4,December,10,Washington,Ford Tri motor 4NC7687,Spokan Washington,Airways Spokane,0,5,12,December,1928-12-10,5,0,0.0,1.0,5,Ford,5,1928-12
1960,Qtr 4,December,17,West,Convair C 131D (CV,Munich West,Force Air U.S. - GermanyMilitary,31,20,12,December,1960-12-17,20,0,0.0,1.0,51,Convair,51,1960-12
1967,Qtr 4,December,10,Wisconsin,Beechcraft 18HN390R,Near Madison Wisconsin,Private,0,8,12,December,1967-12-10,7,1,12.5,0.875,7,Beechcraft,7,1967-12
1923,Qtr 4,December,24,WYUS,De Havilland DH 4315,Egbert WYUS,Service Mail Aerial,0,1,12,December,1923-12-24,1,0,0.0,1.0,1,De Havilland,1,1923-12
1958,Qtr 4,December,26,Zimbabwe,Douglas DC 6BF,Salisbury Zimbabwe,Zimbabwe)Union Aeromaritime de Transport (Harare,0,70,12,December,1958-12-26,3,67,95.71428571428572,0.04285714285714286,3,Douglas,3,1958-12
1960,Qtr 1,February,26,Snilow,Antonov 10ACCCP 11180,Lvov-Snilow,UkraineAeroflot,0,33,2,February,1960-02-26,32,1,3.0303030303030303,0.9696969696969697,32,Antonov,32,1960-02
1974,Qtr 1,February,23,San Francisco de Moxos,Curtiss C 46A,San Francisco de Moxos,BoliviaSAVCO,0,7,2,February,1974-02-23,7,0,0.0,1.0,7,Curtiss,7,1974-02
1948,Qtr 1,February,20,Collesalvetti,Douglas C 47,Collesalvetti,Teseo Aerea ItalySocietà,0,10,2,February,1948-02-20,7,3,30.0,0.7,7,Douglas,7,1948-02
1952,Qtr 1,February,28,Uberlandia,Douglas DC 3APP,Uberlandia,Brasil do BrazilPanair,0,8,2,February,1952-02-28,8,0,0.0,1.0,8,Douglas,8,1952-02
1955,Qtr 1,February,23,Salisbury,Douglas DC 3VP,Salisbury,Airways African ZimbabweCentral,0,26,2,February,1955-02-23,1,25,96.15384615384616,0.038461538461538464,1,Douglas,1,1955-02
1999,Qtr 1,February,8,Kinshasa,Lockheed L 188A Electra9Q,Kinshasa,Karibu CongoAir Republic Democratic,0,7,2,February,1999-02-08,7,0,0.0,1.0,7,Lockheed,7,1999-02
1996,Qtr 1,February,11,Afghanistan,??,Near Kandahar Afghanistan,Militia Taliban - Military,0,20,2,February,1996-02-11,20,0,0.0,1.0,20,??,20,1996-02
1987,Qtr 1,February,9,Afghanistan,Antonov AN 26?,Near Khost Afghanistan,Force Air Republican Afghan - Military,0,36,2,February,1987-02-09,36,0,0.0,1.0,36,Antonov,36,1987-02
2005,Qtr 1,February,3,Afghanistan,Boeing B 737,Near Kabul Afghanistan,Air Kam,0,104,2,February,2005-02-03,104,0,0.0,1.0,104,Boeing,104,2005-02
1993,Qtr 1,February,10,Afghanistan,Mil Mi 8?,Near Daraim Afghanistan,Force Air Republican Afghan - Military,0,30,2,February,1993-02-10,30,0,0.0,1.0,30,Mil,30,1993-02
1953,Qtr 1,February,14,Alabama,Douglas DC 6N90893,Off Mobile Alabama,Airlines National,0,46,2,February,1953-02-14,46,0,0.0,1.0,46,Douglas,46,1953-02
1985,Qtr 1,February,4,Alaska,Beech Queen Air 65 A80N50NP,Soldotna Alaska,Airlines Pacific North,0,9,2,February,1985-02-04,9,0,0.0,1.0,9,Beech Queen Air,9,1985-02
1985,Qtr 1,February,25,Alaska,Boeing RC 135T55,Near Valdez Alaska,Force Air U.S. - Military,0,3,2,February,1985-02-25,3,0,0.0,1.0,3,Boeing,3,1985-02
1954,Qtr 1,February,5,Alaska,Douglas C 475895,Susitna Valley Alaska,Force Air U.S. - Military,0,16,2,February,1954-02-05,10,6,37.5,0.625,10,Douglas,10,1954-02
1975,Qtr 1,February,16,Alaska,Douglas DC 6BFN77DG,Fairbanks Alaska,Airlines Alaska Pacific,0,3,2,February,1975-02-16,3,0,0.0,1.0,3,Douglas,3,1975-02
1939,Qtr 1,February,12,Alaska,Fairchild 71(amphibious)NC9777,Juneau Alaska,Airways Marine,0,6,2,February,1939-02-12,6,0,0.0,1.0,6,Fairchild,6,1939-02
1963,Qtr 1,February,25,Alberta,Twin Apache?,Porcupine Hills area Alberta,Canada Trans Aircraft (Western) Ltd.,0,4,2,February,1963-02-25,4,0,0.0,1.0,4,Twin,4,1963-02
2014,Qtr 1,February,11,Algeria,Lockheed C 130H,Near Ain Kercha Algeria,Force Air Algerian - Military,0,77,2,February,2014-02-11,76,1,1.2987012987012987,0.987012987012987,76,Lockheed,76,2014-02
1996,Qtr 1,February,27,Angola,Antonov 12BPER ACE,Near Lukapa Angola,Tropical Aero,0,8,2,February,1996-02-27,8,0,0.0,1.0,8,Antonov,8,1996-02
1999,Qtr 1,February,2,Angola,Antonov AN 12EL,Luanda Angola,Savannair,13,14,2,February,1999-02-02,14,0,0.0,1.0,27,Antonov,27,1999-02
1991,Qtr 1,February,22,Angola,Antonov AN 26?,Cazombo Angola,Angolaise Area Fuerza,0,47,2,February,1991-02-22,47,0,0.0,1.0,47,Antonov,47,1991-02
1997,Qtr 1,February,2,Angola,CASA 212 Aviocar 200T 400,Near Quiangala Angola,Angola de Populaire Area Force,0,37,2,February,1997-02-02,37,0,0.0,1.0,37,CASA 212 Aviocar,37,1997-02
1970,Qtr 1,February,4,Argentina,Hawker Siddeley HS 748 1LV,Near Corrientes Argentina,Argentinas Aerolineas,0,37,2,February,1970-02-04,37,0,0.0,1.0,37,Hawker Siddeley,37,1970-02
1955,Qtr 1,February,26,Argentinade,de Havilland DH.104 Dove LQ XWW,Formosa Argentinade,Dove Havilland,0,7,2,February,1955-02-26,6,1,14.285714285714285,0.8571428571428571,6,de Havilland DH.104 Dove,6,1955-02
1996,Qtr 1,February,5,Arizona,ConvairCV 440N131T,St. Johns Arizona,Connection Air Business,0,4,2,February,1996-02-05,4,0,0.0,1.0,4,Convair,4,1996-02
2018,Qtr 1,February,10,Arizona,Eurocopter EC 130B4N155GC,Grand Canyon Arizona,Papillon,0,7,2,February,2018-02-10,3,4,57.14285714285714,0.42857142857142855,3,Eurocopter EC,3,2018-02
1964,Qtr 1,February,29,Austria,Bristol Britannia 312G AOVO,Near Innsbruck Austria,Airlines International Eagle British,0,83,2,February,1964-02-29,83,0,0.0,1.0,83,Bristol Britannia,83,1964-02
1965,Qtr 1,February,13,Azerbaijan,Ilyushin IL 14PCCCP,Near Shirinbulak Azerbaijan,Aeroflot,0,23,2,February,1965-02-13,23,0,0.0,1.0,23,Ilyushin,23,1965-02
1989,Qtr 1,February,8,Azores,Boeing B 707,Santa Maria Azores,Portugal Independent Air Inc.,0,144,2,February,1989-02-08,144,0,0.0,1.0,144,Boeing,144,1989-02
1958,Qtr 1,February,20,Azores,Lockheed WV 2BU,Off Corvo Island Azores,Navy U.S. - Military,0,22,2,February,1958-02-20,22,0,0.0,1.0,22,Lockheed,22,1958-02
1985,Qtr 1,February,1,Belarus,Tupolev TU 134ACCCP,Minsk Belarus,USSRAeroflot,0,80,2,February,1985-02-01,58,22,27.500000000000004,0.725,58,Tupolev,58,1985-02
1952,Qtr 1,February,4,Belgian,Douglas DC 3OO,Kikwit Belgian,CongoSabena,0,15,2,February,1952-02-04,15,0,0.0,1.0,15,Douglas,15,1952-02
1961,Qtr 1,February,15,Belgium,Boeing B 707,Near Brussels Belgium,Sabena,1,72,2,February,1961-02-15,72,0,0.0,1.0,73,Boeing,73,1961-02
1964,Qtr 1,February,4,Bolivia,Douglas DC 3CP,Yacuiba Bolivia,Boliviano Aéreo Lloyd,0,29,2,February,1964-02-04,2,27,93.10344827586206,0.06896551724137931,2,Douglas,2,1964-02
1960,Qtr 1,February,5,Bolivia,Douglas DC 4CP,Cochabamba Bolivia,Boliviano Aereo Lloyd,0,59,2,February,1960-02-05,59,0,0.0,1.0,59,Douglas,59,1960-02
2004,Qtr 1,February,6,Bosnia-Herzegovina,Beechcraft Super King Air 200Z3 BAB,Bitonja Bosnia-Herzegovina,Macedonia of Government - Military,0,9,2,February,2004-02-06,9,0,0.0,1.0,9,Beechcraft Super King Air,9,2004-02
2009,Qtr 1,February,7,Brazil,Bandeirante EMB 110P1PT,Manacapuru Brazil,Manaus Aerotaxi,0,28,2,February,2009-02-07,24,4,14.285714285714285,0.8571428571428571,24,Bandeirante,24,2009-02
1997,Qtr 1,February,14,Brazil,Boeing B 737,Carajas Brazil,Varig,0,52,2,February,1997-02-14,1,51,98.07692307692307,0.019230769230769232,1,Boeing,1,1997-02
1948,Qtr 1,February,27,Brazil,Douglas C 472040,Near Belem Brazil,Force Air Brazilian - Military,0,26,2,February,1948-02-27,23,3,11.538461538461538,0.8846153846153846,23,Douglas,23,1948-02
1960,Qtr 1,February,25,Brazil,Douglas DC 3 / USN R4,Rio de Janeiro Brazil,Navy U.S. - Military / REAL,0,64,2,February,1960-02-25,61,3,4.6875,0.953125,61,Douglas,61,1960-02
1958,Qtr 1,February,1,Brazil,Douglas DC 4PP,Rio de Janeiro Brazil,Nacional Aéreo Loide,0,73,2,February,1958-02-01,5,68,93.15068493150685,0.0684931506849315,5,Douglas,5,1958-02
1979,Qtr 1,February,8,Brazil,Embraer 110C BandeirantePP SBB,Near Agudos Brazil,Regional Aéreas Lineas TAM,0,18,2,February,1979-02-08,18,0,0.0,1.0,18,Embraer 110C,18,1979-02
1975,Qtr 1,February,27,Brazil,Embraer 110C BandeirantePP SBE,Near Sao Paulo Brazil,VASP,0,15,2,February,1975-02-27,15,0,0.0,1.0,15,Embraer 110C,15,1975-02
1992,Qtr 1,February,3,Brazil,Embraer 110C BandeirantePT TBB,Caetite Brazil,Aéreas Linhas Nordeste,0,12,2,February,1992-02-03,12,0,0.0,1.0,12,Embraer 110C,12,1992-02
1981,Qtr 1,February,24,Brazil,Embraer 110P BandeirantePT GLB,Belem Brazil,VOTEC,0,14,2,February,1981-02-24,11,3,21.428571428571427,0.7857142857142857,11,Embraer 110P,11,1981-02
1990,Qtr 1,February,12,Brazil,Fokker 27 Friendship 200PT LCG,Bauru Brazil,(Brazil) TAM,2,40,2,February,1990-02-12,2,38,95.0,0.05,4,Fokker 27 Friendship,4,1990-02
1932,Qtr 1,February,27,Brazil,Latecoere 28F AJOX,Off Setiba Brazil,Aeropostale,0,3,2,February,1932-02-27,3,0,0.0,1.0,3,Latecoere,3,1932-02
1945,Qtr 1,February,15,Brazil,Lockheed 18 LoadstarPP NAE,Lagoa Santa Brazil,Brasileira Aerea Navegacao,0,11,2,February,1945-02-15,11,0,0.0,1.0,11,Lockheed 18,11,1945-02
1942,Qtr 1,February,20,Brisbane,deHavilland DH 86VH,Off Belmont Brisbane,Australia Qantas,0,9,2,February,1942-02-20,9,0,0.0,1.0,9,De Havilland,9,1942-02
1978,Qtr 1,February,11,British,Boeing B 737,Cranbrook British,Canada Columbia Pacific Western Airlines,0,49,2,February,1978-02-11,42,7,14.285714285714285,0.8571428571428571,42,Boeing,42,1978-02
1951,Qtr 1,February,3,Buea,Douglas DC 4F,Near Mt. Cameroon Buea,British Cameroons Air France,0,29,2,February,1951-02-03,29,0,0.0,1.0,29,Douglas,29,1951-02
1978,Qtr 1,February,28,California,Aero Commander 500AN6143X,Solvang California,Air Security,0,7,2,February,1978-02-28,7,0,0.0,1.0,7,Aero Commander,7,1978-02
1985,Qtr 1,February,19,California,Boeing B 747,300 nm NW of San Francisco California,(Taiwan) Airlines China,0,274,2,February,1985-02-19,0,274,100.0,0.0,0,Boeing,0,1985-02
1932,Qtr 1,February,2,California,Boeing 40 NC291,Rio Vista California,Transport Air Boeing,0,2,2,February,1932-02-02,1,1,50.0,0.5,1,Boeing,1,1932-02
1938,Qtr 1,February,2,California,Consolidated PBY 2 / Consolidated PBY,Off San Clemente Island California,Navy U.S. - Military / Navy U.S. - Military,0,14,2,February,1938-02-02,11,3,21.428571428571427,0.7857142857142857,11,Consolidated,11,1938-02
1958,Qtr 1,February,1,California,Douglas C 118A / Lockheed P2V,Norwalk California,Navy U.S. - Military / Force Air U.S. - Military,1,41,2,February,1958-02-01,41,0,0.0,1.0,42,Douglas,42,1958-02
1937,Qtr 1,February,9,California,Douglas DC 3ANC16073,Off San Francisco California,Lines Air United,0,11,2,February,1937-02-09,11,0,0.0,1.0,11,Douglas,11,1937-02
1969,Qtr 1,February,18,California,Douglas DC 3N15570,Near Lone Pine California,Airlines County Mineral,0,35,2,February,1969-02-18,35,0,0.0,1.0,35,Douglas,35,1969-02
1976,Qtr 1,February,8,California,Douglas DC 6N901MA,Van Nuys California,Airlines Mercer,0,6,2,February,1976-02-08,3,3,50.0,0.5,3,Douglas,3,1976-02
1945,Qtr 1,February,13,California,Douglas R4D 650765,Off Oakland California,Navy U.S. - Military,0,24,2,February,1945-02-13,24,0,0.0,1.0,24,Douglas,24,1945-02
1956,Qtr 1,February,17,California,Douglas R5D239116,Near Niles California,Corps Marine U.S. - Military,0,40,2,February,1956-02-17,40,0,0.0,1.0,40,Douglas,40,1956-02
1963,Qtr 1,February,3,California,Lockheed 1049H Super ConstellationN9740Z,San Francisco California,Airways Slick,0,8,2,February,1963-02-03,4,4,50.0,0.5,4,Lockheed 1049H Super,4,1963-02
2000,Qtr 1,February,16,California,McDonnell Douglas DC 8,Sacramento California,Worldwide Emery,0,3,2,February,2000-02-16,3,0,0.0,1.0,3,McDonnell Douglas,3,2000-02
1981,Qtr 1,February,22,California,Sikorsky S 62AN324Y,Avalon California,Taxi Air - Helicopter,0,8,2,February,1981-02-22,2,6,75.0,0.25,2,Sikorsky,2,1981-02
1935,Qtr 1,February,12,Californiia,Goodyear Zeppelin U.S.S. Macon (airship)ZRS,Off Point Sur Californiia,Navy US - Military,0,83,2,February,1935-02-12,2,81,97.59036144578313,0.024096385542168676,2,Goodyear,2,1935-02
1952,Qtr 1,February,19,Cameroon,Consolidated 32 Liberator IIF BEFX,Near Yaounde Cameroon,STAAP,0,9,2,February,1952-02-19,9,0,0.0,1.0,9,Consolidated 32 Liberator,9,1952-02
1953,Qtr 1,February,2,Canada,Avro 685 York 1G AHFA,Off Newfoundland Canada,(Skyways) Corporation Aircraft Lancashire,0,39,2,February,1953-02-02,39,0,0.0,1.0,39,Avro 685 York,39,1953-02
1968,Qtr 1,February,7,Canada,Boeing B 707,Vancouver Canada,Lines Air Pacific Canadian,1,61,2,February,1968-02-07,1,60,98.36065573770492,0.01639344262295082,2,Boeing,2,1968-02
1956,Qtr 1,February,13,Canada,Bristol 170 Freighter 31CF FZU,Frobisher Bay Canada,Airways Central Maritime,0,2,2,February,1956-02-13,2,0,0.0,1.0,2,Bristol 170 Freighter,2,1956-02
1977,Qtr 1,February,28,Canada,Douglas DC 3C,Near Saglouc Canada,Survair,0,10,2,February,1977-02-28,4,6,60.0,0.4,4,Douglas,4,1977-02
2009,Qtr 1,February,15,Chile,Bell UH 1HCC,Chanco Chile,Service Flight,0,13,2,February,2009-02-15,13,0,0.0,1.0,13,Bell,13,2009-02
1991,Qtr 1,February,20,Chile,British Aerospace BAe 146,Puerto Williams Chile,LAN,0,72,2,February,1991-02-20,20,52,72.22222222222221,0.2777777777777778,20,British Aerospace,20,1991-02
1959,Qtr 1,February,18,Chile,Curtiss C 46AN68823,Belen Chile,Airways Cross Southern,0,5,2,February,1959-02-18,5,0,0.0,1.0,5,Curtiss,5,1959-02
1965,Qtr 1,February,6,Chile,Douglas DC 6BCC,San Jose Volcano Chile,LAN,0,87,2,February,1965-02-06,87,0,0.0,1.0,87,Douglas,87,1965-02
1947,Qtr 1,February,21,China,Douglas C 47?,Chungking China,Force Air Chinese - Military,0,21,2,February,1947-02-21,21,0,0.0,1.0,21,Douglas,21,1947-02
1942,Qtr 1,February,19,China,Douglas DC 245,Zhengzhou-Xinzheng China,Corporation Aviation National China,0,1,2,February,1942-02-19,1,0,0.0,1.0,1,Douglas,1,1942-02
1999,Qtr 1,February,24,China,Tupolev TU 154B,Rui'an China,Airlines Southwest China,0,61,2,February,1999-02-24,61,0,0.0,1.0,61,Tupolev,61,1999-02
1975,Qtr 1,February,22,Colombia,Canadair CL 44HK,Medellin Colombia,Aerocondor,0,5,2,February,1975-02-22,5,0,0.0,1.0,5,Canadair,5,1975-02
1949,Qtr 1,February,5,Colombia,Consolidated PBY 5A CatalinaHK,Buenaventura Bay Colombia,Avianca,0,14,2,February,1949-02-05,3,11,78.57142857142857,0.21428571428571427,3,Consolidated,3,1949-02
1993,Qtr 1,February,20,Colombia,Convair CV 440HP,Bogota Colombia,Panama Three Cargo,0,2,2,February,1993-02-20,2,0,0.0,1.0,2,Convair,2,1993-02
1951,Qtr 1,February,14,Colombia,Curtiss C 46AHK,Yali Colombia,Nacionales Aéreas Lineas,0,2,2,February,1951-02-14,2,0,0.0,1.0,2,Curtiss,2,1951-02
1962,Qtr 1,February,25,Colombia,Douglas C 47AHK,Municipio de Marulanda Colombia,Avianca,0,2,2,February,1962-02-25,2,0,0.0,1.0,2,Douglas,2,1962-02
1970,Qtr 1,February,12,Colombia,Douglas DC 3 (C,Puerto Infrida Colombia,Urraca La Aéreas Lineas,2,12,2,February,1970-02-12,12,0,0.0,1.0,14,Douglas,14,1970-02
1947,Qtr 1,February,15,Colombia,Douglas DC 4C,Near Bogota Colombia,Avianca,0,53,2,February,1947-02-15,53,0,0.0,1.0,53,Douglas,53,1947-02
1976,Qtr 1,February,4,Colombia,Douglas DC 6AHK,Off Santa Maria Colombia,Colombia LAC,0,3,2,February,1976-02-04,3,0,0.0,1.0,3,Douglas,3,1976-02
1982,Qtr 1,February,19,Colombia,Douglas DC 6BFHK,Cerro el Tablazo Colombia,Columbia LAC,0,4,2,February,1982-02-19,4,0,0.0,1.0,4,Douglas,4,1982-02
1972,Qtr 1,February,5,Colombia,Fairchild F 27HK,Near Valledupar Colombia,Colombia TAC,0,19,2,February,1972-02-05,19,0,0.0,1.0,19,Fairchild,19,1972-02
1990,Qtr 1,February,5,Colombia,Grumman G 159 Gulfstream IHK,Near Ibague Colombia,Colombia de Nacionales Helicopteros,0,15,2,February,1990-02-05,15,0,0.0,1.0,15,Grumman,15,1990-02
1990,Qtr 1,February,27,Colorado,Cessna 208A Caravan I CargomasterN820FE,Denver Colorado,Express Federal,0,1,2,February,1990-02-27,1,0,0.0,1.0,1,Cessna 208A Caravan I,1,1990-02
2005,Qtr 1,February,16,Colorado,Cessna 560 Citation VN500AT,Near Pueblo Colorado,Charter - Stores City Circuit,0,8,2,February,2005-02-16,8,0,0.0,1.0,8,Cessna 560 Citation,8,2005-02
1947,Qtr 1,February,14,Colorado,Curtiss C 46ENC59486,Denver Colorado,Airways Slick,0,2,2,February,1947-02-14,2,0,0.0,1.0,2,Curtiss,2,1947-02
1940,Qtr 1,February,27,Columbia,Boeing 247DC 79,Near Bucaramanga Columbia,SCADTA,0,11,2,February,1940-02-27,11,0,0.0,1.0,11,Boeing,11,1940-02
1970,Qtr 1,February,10,Connecticut,de Havilland Canada DHC 6 Twin Otter 100N124PM,Long Island Sound Connecticut,Airlines Pilgrim,0,5,2,February,1970-02-10,5,0,0.0,1.0,5,de Havilland Canada,5,1970-02
1930,Qtr 1,February,3,Connecticut,Pitcairn PA 6 MailwingNC801H,Hartford Connecticut,Transport Air Colonial,0,1,2,February,1930-02-03,1,0,0.0,1.0,1,Pitcairn,1,1930-02
1975,Qtr 1,February,9,Crete,Transall C 1605063,Souda Crete,Luftwaffe Deutsche - Military,0,40,2,February,1975-02-09,40,0,0.0,1.0,40,Transall,40,1975-02
1974,Qtr 1,February,9,Crete,Transall C 160D50,Near Souda Crete,Force Air German West - Military,0,40,2,February,1974-02-09,35,5,12.5,0.875,35,Transall,35,1974-02
1980,Qtr 1,February,3,Cuba,Yakovlev YAK 40CU,Baracoa Cuba,Aviacon de Cubana,0,37,2,February,1980-02-03,1,36,97.2972972972973,0.02702702702702703,1,Yakovlev,1,1980-02
1988,Qtr 1,February,27,Cyprus,Boeing B 727,Near Ercan Cyprus,Airways Talia,0,15,2,February,1988-02-27,15,0,0.0,1.0,15,Boeing,15,1988-02
1950,Qtr 1,February,27,Czechoslovakia,Douglas C 47A,Near Prague Czechoslovakia,Aerolinie Ceskoslovenske,0,30,2,February,1950-02-27,5,25,83.33333333333334,0.16666666666666666,5,Douglas,5,1950-02
1973,Qtr 1,February,19,Czechoslovakia,Tupolev TU 154CCCP,Prague Czechoslovakia,Aeroflot,0,100,2,February,1973-02-19,66,34,34.0,0.66,66,Tupolev,66,1973-02
1947,Qtr 1,February,5,Delaware,Douglas DC 3NC54451,Harrington Delaware,Freight Air International,0,3,2,February,1947-02-05,1,2,66.66666666666666,0.3333333333333333,1,Douglas,1,1947-02
1949,Qtr 1,February,8,Denmark,Vickers 628 Viking 1BOY DLU,Off Copenhagen Denmark,(SAS) Airlines Scandinavian,0,27,2,February,1949-02-08,27,0,0.0,1.0,27,Vickers 628 Viking,27,1949-02
1982,Qtr 1,February,3,Djbouti,Nord 2501 Noratlas140/88JA,Djibouti Djbouti,Force Air French - Military,0,35,2,February,1982-02-03,35,0,0.0,1.0,35,Nord 2501,35,1982-02
1996,Qtr 1,February,6,Domincan,Boeing B 757,Off Puerto Plata Domincan,leased from Birgen Air Nacionales RepublicAlas,0,189,2,February,1996-02-06,189,0,0.0,1.0,189,Boeing,189,1996-02
1970,Qtr 1,February,15,Dominican,McDonnell Douglas DC 9,Off Santo Domingo Dominican,Aviacion de Dominicana RepublicCompania,0,102,2,February,1970-02-15,102,0,0.0,1.0,102,McDonnell Douglas,102,1970-02
1966,Qtr 1,February,2,East,Sikorsky S 61NAP,Near Faridpur East,Airlines International (Bangladesh)Pakistan Pakistan,0,24,2,February,1966-02-02,23,1,4.166666666666666,0.9583333333333334,23,Sikorsky,23,1966-02
1971,Qtr 1,February,17,Ecuador,Curtiss C 46TAM,Mt. Cunatineuta Ecuador,Militares) Aereos (Transportes TAM,0,12,2,February,1971-02-17,12,0,0.0,1.0,12,Curtiss,12,1971-02
1991,Qtr 1,February,14,Ecuador,de Havilland Canada DHC 6 Twin Otter 300FAE447,Near Taisha Ecuador,Force Air Ecuadorean - Military,0,22,2,February,1991-02-14,22,0,0.0,1.0,22,de Havilland Canada,22,1991-02
2009,Qtr 1,February,20,Egypt,Antonov 12VS9 SVN,Luxor Egypt,Aerolift,0,5,2,February,2009-02-20,5,0,0.0,1.0,5,Antonov,5,2009-02
1973,Qtr 1,February,21,Egypt,Boeing B 727,Near Isma'iliya Egypt,Airlines Arab Libya,0,113,2,February,1973-02-21,108,5,4.424778761061947,0.9557522123893806,108,Boeing,108,1973-02
1953,Qtr 1,February,9,Egypt,Curtiss Wright C,Cairo Egypt,Force Air Egyptian - Military,0,40,2,February,1953-02-09,29,11,27.500000000000004,0.725,29,Curtiss,29,1953-02
1956,Qtr 1,February,20,Egypt,Douglas DC 6BF,Near Cairo Egypt,(France) Intercontinentaux Aerien Transport,0,64,2,February,1956-02-20,52,12,18.75,0.8125,52,Douglas,52,1956-02
1958,Qtr 1,February,19,Egypt,Douglas DC 6BPH,Cairo Egypt,Airlines Dutch Royal KLM,0,21,2,February,1958-02-19,1,20,95.23809523809523,0.047619047619047616,1,Douglas,1,1958-02
1984,Qtr 1,February,19,Unknown,Bell UH 1H / Bell UH,Near San Gerardo El,Force Air Salvadoran - SalvadorMilitary,0,28,2,February,1984-02-19,28,0,0.0,1.0,28,Bell,28,1984-02
1945,Qtr 1,February,6,England,Douglas C 47 DakotaKG630,Nunters Burgh England,Force Air -Royal Military,0,23,2,February,1945-02-06,23,0,0.0,1.0,23,Douglas,23,1945-02
1930,Qtr 1,February,10,England,Farman F 63F,Marden England,Union Air,0,6,2,February,1930-02-10,2,4,66.66666666666666,0.3333333333333333,2,Farman,2,1930-02
1994,Qtr 1,February,25,England,Vickers 813 ViscountG OHOT,East Midlands England,Airways World British,0,2,2,February,1994-02-25,1,1,50.0,0.5,1,Vickers 813,1,1994-02
2003,Qtr 1,February,10,Estonia,Antonov AN 28ES,Tallinn Estonia,Enimex,0,3,2,February,2003-02-10,2,1,33.33333333333333,0.6666666666666666,2,Antonov,2,2003-02
1984,Qtr 1,February,16,Ethiopia,Antonov AN 121506,Near Debre Zelt Ethiopia,Force Air Ethiopian - Military,0,38,2,February,1984-02-16,26,12,31.57894736842105,0.6842105263157895,26,Antonov,26,1984-02
1979,Qtr 1,February,19,Ethiopia,Douglas DC 3ET,Barentu Ethiopia,Airlines Ethiopian,0,5,2,February,1979-02-19,5,0,0.0,1.0,5,Douglas,5,1979-02
1964,Qtr 1,February,3,Florida,Beech D18SN2999,Gainsville Florida,Airlines Central South,0,10,2,February,1964-02-03,10,0,0.0,1.0,10,Beech,10,1964-02
1963,Qtr 1,February,12,Florida,Boeing B 720,Near Miami Florida,Airlines Orient Northwest,0,43,2,February,1963-02-12,43,0,0.0,1.0,43,Boeing,43,1963-02
1965,Qtr 1,February,13,Florida,Curtiss C 46AYS,Miami Florida,Salvador El Aerolineas,0,2,2,February,1965-02-13,2,0,0.0,1.0,2,Curtiss,2,1965-02
1932,Qtr 1,February,1,Florida,Fairchild?,Off Miami Florida,Airways Bimini,0,5,2,February,1932-02-01,5,0,0.0,1.0,5,Fairchild,5,1932-02
1948,Qtr 1,February,7,Florida,Lockheed L 649 ConstellationNC112A,Off Jacksonville Florida,Lines Air Eastern,0,69,2,February,1948-02-07,1,68,98.55072463768117,0.014492753623188406,1,Lockheed,1,1948-02
1953,Qtr 1,February,7,France,Douglas C 54A,Bordeaux France,UTA,0,19,2,February,1953-02-07,9,10,52.63157894736842,0.47368421052631576,9,Douglas,9,1953-02
1939,Qtr 1,February,24,France,Junkers JU 52/3mD,Near Roubien France,Lufthansa Deutsche,0,10,2,February,1939-02-24,10,0,0.0,1.0,10,Junkers,10,1939-02
1938,Qtr 1,February,22,France,Junkers JU.52D APAR,Pontoise France,Lufthansa Deutsche,0,3,2,February,1938-02-22,3,0,0.0,1.0,3,Junkers,3,1938-02
1948,Qtr 1,February,21,France,Latecoere 631 (flying boat)F BDRD,Off St. Marcouf France,Airlines Latecoere,0,14,2,February,1948-02-21,14,0,0.0,1.0,14,Latecoere 631 (flying,14,1948-02
1938,Qtr 1,February,9,France,Lioré et,Marseille France,France Air,0,12,2,February,1938-02-09,8,4,33.33333333333333,0.6666666666666666,8,Lioré,8,1938-02
1989,Qtr 1,February,6,France,Vickers 952F VanguardF GEJE,Marseille France,RAM,0,3,2,February,1989-02-06,3,0,0.0,1.0,3,Vickers 952F,3,1989-02
1958,Qtr 1,February,19,French,Consolidated PBY 5A CatalinaF,Raiatea French,Interinsulaire Aérien PolynesiaRéseau,0,15,2,February,1958-02-19,15,0,0.0,1.0,15,Consolidated,15,1958-02
1941,Qtr 1,February,26,Georgia,Douglas DC 3NC28394,Atlanta Georgia,Lines Air Eastern,0,16,2,February,1941-02-26,9,7,43.75,0.5625,9,Douglas,9,1941-02
1958,Qtr 1,February,6,Germany,Airspeed Ambassador AS 57G,Munich Germany,Airways European British,0,44,2,February,1958-02-06,23,21,47.72727272727273,0.5227272727272727,23,Airspeed Ambassador,23,1958-02
1948,Qtr 1,February,12,Germany,Douglas DC 3OY,Ubrichstein Germany,Luftfartselskab Danske Det,0,21,2,February,1948-02-12,12,9,42.857142857142854,0.5714285714285714,12,Douglas,12,1948-02
2001,Qtr 1,February,8,Germany,Learjet 35AI MOCO,Nurnberg Germany,Aeroservizi E.A.S.,0,3,2,February,2001-02-08,3,0,0.0,1.0,3,Learjet,3,2001-02
1988,Qtr 1,February,8,Germany,Swearingen SA.227AC Metro IIID CABB,Near Mulheim Germany,Flugdienst Nurnberger - NFD,0,21,2,February,1988-02-08,21,0,0.0,1.0,21,Swearingen SA.227AC Metro,21,1988-02
1944,Qtr 1,February,21,Greece,Junkers JU 52/3mD,Eubeoa Greece,Lufthansa Deutsche,0,16,2,February,1944-02-21,16,0,0.0,1.0,16,Junkers,16,1944-02
1991,Qtr 1,February,5,Greece,Lockheed C 130H748,Near Nea Ankhialos Greece,Force Air Hellenic - Military,0,63,2,February,1991-02-05,63,0,0.0,1.0,63,Lockheed,63,1991-02
1997,Qtr 1,February,19,Guatemala,IAI 1124 WestwindYV 160CP,Guatemala City Guatemala,Transpolar,0,5,2,February,1997-02-19,5,0,0.0,1.0,5,IAI 1124,5,1997-02
1996,Qtr 1,February,12,Hati,GAF Nomad N 24AN224E,Port-au-Prince Hati,Express Hati,0,15,2,February,1996-02-12,11,4,26.666666666666668,0.7333333333333333,11,GAF Nomad,11,1996-02
1989,Qtr 1,February,24,Hawaii,Boeing B 747,Honolulu Hawaii,Lines Air United,0,356,2,February,1989-02-24,9,347,97.47191011235955,0.025280898876404494,9,Boeing,9,1989-02
1974,Qtr 1,February,2,HIPan,Boeing B 747N732PA,Near Honolulu HIPan,Airways World American,0,298,2,February,1974-02-02,1,297,99.66442953020133,0.003355704697986577,1,Boeing,1,1974-02
1967,Qtr 1,February,20,Honduras,Douglas DC 6HR,Tegucigalpa Honduras,Airlines Sahsa,0,55,2,February,1967-02-20,4,51,92.72727272727272,0.07272727272727272,4,Douglas,4,1967-02
2011,Qtr 1,February,14,Honduras,Let L 410 UVPE,Near Santa Ana Francisco Morazan Honduras,Airways American Central,0,14,2,February,2011-02-14,14,0,0.0,1.0,14,Let,14,2011-02
1949,Qtr 1,February,24,Hong,Douglas DC 3VR,Braemar Resevoir Hong,Airways Pacific KongCathay,0,23,2,February,1949-02-24,23,0,0.0,1.0,23,Douglas,23,1949-02
1990,Qtr 1,February,14,India,Airbus A320 231VT,Near Bangalore India,Airlines Indian,0,146,2,February,1990-02-14,92,54,36.986301369863014,0.6301369863013698,92,Airbus,92,1990-02
1955,Qtr 1,February,2,India,Douglas DC 3VT,Nagpur India,Airlines Indian,0,10,2,February,1955-02-02,10,0,0.0,1.0,10,Douglas,10,1955-02
1952,Qtr 1,February,19,India,Douglas DC 3VT,Nagpur India,Airways Deccan,0,16,2,February,1952-02-19,3,13,81.25,0.1875,3,Douglas,3,1952-02
1954,Qtr 1,February,25,India,Douglas DC 3VT,New Delhi India,Airlines Indian,0,3,2,February,1954-02-25,3,0,0.0,1.0,3,Douglas,3,1954-02
1980,Qtr 1,February,22,India,Fairchild C 119G?,Near Agra India,Force Air Indian - Military,1,47,2,February,1980-02-22,46,1,2.127659574468085,0.9787234042553191,47,Fairchild,47,1980-02
1982,Qtr 1,February,7,India,Fairchild C 119G?,Near Srinagar India,Force Air Indian - Military,0,23,2,February,1982-02-07,23,0,0.0,1.0,23,Fairchild,23,1982-02
1966,Qtr 1,February,7,India,Fokker F 27 Friendship 200PH,Srinagar India,Airlines Indian,0,37,2,February,1966-02-07,37,0,0.0,1.0,37,Fokker,37,1966-02
1964,Qtr 1,February,18,India,Ilyushin IL 14?,Banihal Pass India,Force Air Indian - Military,0,13,2,February,1964-02-18,13,0,0.0,1.0,13,Ilyushin,13,1964-02
1966,Qtr 1,February,15,India,Sud Aviation SE 210 Caravelle VINVT,Delhi India,Airlines Indian,0,80,2,February,1966-02-15,2,78,97.5,0.025,2,Sud Aviation,2,1966-02
1992,Qtr 1,February,6,Indiana,Lockheed C 130B Hercules58,Evansville Indiana,Force Air US - Military,12,5,2,February,1992-02-06,5,0,0.0,1.0,17,Lockheed,17,1992-02
1973,Qtr 1,February,28,Indonesia,de Havilland Canada DHC 6 Twin Otter 100PK,Near Nabire Indonesia,Airlines Nusantara Merpati,0,13,2,February,1973-02-28,13,0,0.0,1.0,13,de Havilland Canada,13,1973-02
1948,Qtr 1,February,10,Indonesia,Douglas DC 3PK,Near Padalarang Indonesia,Airlines Dutch Royal KLM,0,19,2,February,1948-02-10,19,0,0.0,1.0,19,Douglas,19,1948-02
1961,Qtr 1,February,3,Indonesia,Douglas DC 3PK,Off Surabaya Indonesia,Airlines Indonesia Garuda,0,26,2,February,1961-02-03,26,0,0.0,1.0,26,Douglas,26,1961-02
1972,Qtr 1,February,1,Indonesia,Douglas DC 6XW,Near Tegal Indonesia,Laos/PENAS Air Royal,0,9,2,February,1972-02-01,6,3,33.33333333333333,0.6666666666666666,6,Douglas,6,1972-02
1967,Qtr 1,February,16,Indonesia,Lockheed L 188C ElectraPK,Manado Indonesia,Airlines Indonesia Garuda,0,63,2,February,1967-02-16,22,41,65.07936507936508,0.3492063492063492,22,Lockheed,22,1967-02
2005,Qtr 1,February,22,Indonesia Sarmi,CASA 212 AviocarP 2032 P,Off Sarmi Indonesia Sarmi,Indonesia Indonesian National Police,0,18,2,February,2005-02-22,15,3,16.666666666666664,0.8333333333333334,15,Casa 212,15,2005-02
1959,Qtr 1,February,3,Iowa,Beechcraft Bonanza 35N3794N,Mason City Iowa,Charter Private - Service Flying Dwyer,0,4,2,February,1959-02-03,4,0,0.0,1.0,4,Beechcraft Bonanza,4,1959-02
2018,Qtr 1,February,18,Iran,ATR 72 212EP,Kohangan village Iran,Airlines Aseman Iran,0,66,2,February,2018-02-18,66,0,0.0,1.0,66,ATR,66,2018-02
2003,Qtr 1,February,19,Iran,Ilyushin Il 76MD15,Near Shahdad Iran,Corps Guards Revolution's Islamic - Military,0,275,2,February,2003-02-19,275,0,0.0,1.0,275,Ilyushin,275,2003-02
2000,Qtr 1,February,2,Iran,Lockheed C 130 Hercules?,Tehran Iran,Force Air Iran of Republic Islamic - Military,0,8,2,February,2000-02-02,8,0,0.0,1.0,8,Lockheed,8,2000-02
2002,Qtr 1,February,12,Iran,Tupolev TU 154EP,Near Khorramabed Iran,Tours Air Iran,0,117,2,February,2002-02-12,117,0,0.0,1.0,117,Tupolev,117,2002-02
1993,Qtr 1,February,8,Iran,Tupolev TU 154M / Sukhoi Su,Near Tehran Iran,Force Air Iranian - Military / Tours Air Iran,0,133,2,February,1993-02-08,133,0,0.0,1.0,133,Tupolev,133,1993-02
1960,Qtr 1,February,26,Ireland,Douglas DC 7CI,Shannon Ireland,Alitalia,0,52,2,February,1960-02-26,34,18,34.61538461538461,0.6538461538461539,34,Douglas,34,1960-02
2011,Qtr 1,February,10,Ireland,Swearingen SA 227BC Metro IIIEC,Cork Ireland,Manx2,0,12,2,February,2011-02-10,6,6,50.0,0.5,6,Swearingen,6,2011-02
1999,Qtr 1,February,25,Italy,Dornier 328 110D,Genoa Italy,Airlines Minerva,0,31,2,February,1999-02-25,4,27,87.09677419354838,0.12903225806451613,4,Dornier,4,1999-02
1945,Qtr 1,February,2,Italy,Douglas C 47,Near Montieri Italy,Forces Air Army U.S. - Military,0,26,2,February,1945-02-02,23,3,11.538461538461538,0.8846153846153846,23,Douglas,23,1945-02
1966,Qtr 1,February,18,Italy,Douglas DC 6BOO,Near Milan Italy,Services Air International Belgian,0,4,2,February,1966-02-18,4,0,0.0,1.0,4,Douglas,4,1966-02
1955,Qtr 1,February,13,Italy,Douglas DC 6OO,Abruzzio Mountains Italy,Sabena,0,29,2,February,1955-02-13,29,0,0.0,1.0,29,Douglas,29,1955-02
1958,Qtr 1,February,15,Italy,Douglas VC 47A42,Mount Vesuvius Italy,Force Air US - Military,0,16,2,February,1958-02-15,16,0,0.0,1.0,16,Douglas,16,1958-02
1940,Qtr 1,February,10,Italy,Savoia Marchetti SM,Near Cosenza Italy,SA Littoria Ala,0,10,2,February,1940-02-10,10,0,0.0,1.0,10,Savoia,10,1940-02
1947,Qtr 1,February,15,Italy,Savoia Marchetti SM,Off Terracina Italy,Militari Aerei Corrieri - Military,0,16,2,February,1947-02-15,16,0,0.0,1.0,16,Savoia,16,1947-02
1952,Qtr 1,February,16,Italy,Vickers 614 Viking 1G AHPI,Near Burgio Italy,Travel Air Hunting,0,31,2,February,1952-02-16,31,0,0.0,1.0,31,Vickers 614 Viking,31,1952-02
1952,Qtr 1,February,7,Japan,Boeing B 29?,Kaneko Japan,Force Air U.S. - Military,5,13,2,February,1952-02-07,13,0,0.0,1.0,18,Boeing,18,1952-02
1966,Qtr 1,February,4,Japan,Boeing B 727,Tokyo Bay Japan,Airways Nippon All,0,133,2,February,1966-02-04,133,0,0.0,1.0,133,Boeing,133,1966-02
1964,Qtr 1,February,27,Japan,Convair CV 240,Oita Japan,Airlines Fuji,0,42,2,February,1964-02-27,20,22,52.38095238095239,0.47619047619047616,20,Convair,20,1964-02
1954,Qtr 1,February,1,Japan,Curtiss Wright C46D,Off Hokkaido Japan,Force Air U.S. - Military,0,35,2,February,1954-02-01,35,0,0.0,1.0,35,Curtiss,35,1954-02
1982,Qtr 1,February,9,Japan,McDonnell Douglas DC 8,Tokyo Japan,Lines Air Japan,0,174,2,February,1982-02-09,24,150,86.20689655172413,0.13793103448275862,24,McDonnell Douglas,24,1982-02
1973,Qtr 1,February,28,Kazakhstan,Yakovlev YAK 40CCCP,Semipalatinsk Kazakhstan,Aeroflot,0,32,2,February,1973-02-28,32,0,0.0,1.0,32,Yakovlev,32,1973-02
2003,Qtr 1,February,16,Kentucky,Cessna 421N421TJ,Ferguson Kentucky,Co. Aircraft Northern Great - Taxi Air,0,7,2,February,2003-02-16,3,4,57.14285714285714,0.42857142857142855,3,Cessna,3,2003-02
1958,Qtr 1,February,27,Lancs,Bristol 170 Freighter 21G AICS,Horwich Lancs,England Silver City Airways,0,42,2,February,1958-02-27,35,7,16.666666666666664,0.8333333333333334,35,Bristol 170 Freighter,35,1958-02
1972,Qtr 1,February,4,Laos,de Havilland Canada C 7A Caribou393,Pha Khao Laos,America Air,0,38,2,February,1972-02-04,1,37,97.36842105263158,0.02631578947368421,1,de Havilland Canada,1,1972-02
1968,Qtr 1,February,24,Laos,Douglas DC 3XW,Ban Napa Laos,Lao Air Royal,0,37,2,February,1968-02-24,37,0,0.0,1.0,37,Douglas,37,1968-02
1972,Qtr 1,February,11,Laos,Douglas DC 4XW,Near Vientiane Laos,Lao Air Royal,0,23,2,February,1972-02-11,23,0,0.0,1.0,23,Douglas,23,1972-02
2002,Qtr 1,February,15,Liberia,Antonov 12BPER ADL,Monrovia Liberia,Tiramavia,0,10,2,February,2002-02-15,1,9,90.0,0.1,1,Antonov,1,2002-02
1949,Qtr 1,February,4,Libya,Douglas C 54A,Castel Benito Libya,London of Skyways,0,53,2,February,1949-02-04,1,52,98.11320754716981,0.018867924528301886,1,Douglas,1,1949-02
1991,Qtr 1,February,1,Los,Boeing B 737,LAX Los,California Angeles USAir / Skywest Airlines,0,101,2,February,1991-02-01,34,67,66.33663366336634,0.33663366336633666,34,Boeing,34,1991-02
1973,Qtr 1,February,19,Louisiana,Bell 206BN14831,Morgan City Louisiana,Inc. Helo Petrolium,0,5,2,February,1973-02-19,5,0,0.0,1.0,5,Bell,5,1973-02
1980,Qtr 1,February,21,Louisiana,Sikorsky S 62AN442Y,Leeville Louisiana,Taxi Air - Inc Airs Rotor,0,7,2,February,1980-02-21,6,1,14.285714285714285,0.8571428571428571,6,Sikorsky,6,1980-02
1989,Qtr 1,February,19,Malaysia,Boeing 747 249FN807FT,Near Kuala Lumpur Malaysia,Line Tiger Flying,0,4,2,February,1989-02-19,4,0,0.0,1.0,4,Boeing,4,1989-02
1985,Qtr 1,February,22,Mali,Antonov AN 24VTZ,Timbuktu Mali,Mali Air,0,51,2,February,1985-02-22,50,1,1.9607843137254901,0.9803921568627451,50,Antonov,50,1985-02
1956,Qtr 1,February,18,Malta,Avro 685 York C 1G,Near Zurrieg Malta,Airlines Scottish,0,50,2,February,1956-02-18,50,0,0.0,1.0,50,Avro 685 York,50,1956-02
1954,Qtr 1,February,12,Malta,Avro Shackleton MR 2WL794,Off Gozo Malta,Force Air Royal - Military,0,10,2,February,1954-02-12,10,0,0.0,1.0,10,Avro Shackleton,10,1954-02
1931,Qtr 1,February,20,Manitoba,Fokker Universal F 14?,Bagot Manitoba,Canada Western Canada Airways,0,3,2,February,1931-02-20,2,1,33.33333333333333,0.6666666666666666,2,Fokker Universal,2,1931-02
1962,Qtr 1,February,25,Margarita,Fairchild F 27YV,Portlamar Margarita,Venezuela Island Avensa,0,23,2,February,1962-02-25,23,0,0.0,1.0,23,Fairchild,23,1962-02
1974,Qtr 1,February,22,Maryland,Mc Donnell Dougals DC 9?,Baltimore Maryland,Lines Air Delta,0,15,2,February,1974-02-22,1,14,93.33333333333333,0.06666666666666667,1,McDonnell Douglas,1,1974-02
1963,Qtr 1,February,28,Massachusetts,Douglas DC 7N842D,Boston Massachusetts,Lines Air Eastern,1,26,2,February,1963-02-28,0,26,100.0,0.0,1,Douglas,1,1963-02
1967,Qtr 1,February,9,Mexico,Antonov AN 12CU,Near Mexico City Mexico,Aviacion de Cubana,0,10,2,February,1967-02-09,10,0,0.0,1.0,10,Antonov,10,1967-02
1938,Qtr 1,February,9,Mexico,Lockheed 10 ElectraXA BAS,Guadalupe Mexico,Mexicana,0,2,2,February,1938-02-09,2,0,0.0,1.0,2,Lockheed 18,2,1938-02
1932,Qtr 1,February,2,Michigan,Stearman C 3MBNC6411,Marcellus Michigan,Airlines Transamerican,0,1,2,February,1932-02-02,1,0,0.0,1.0,1,Stearman,1,1932-02
2001,Qtr 1,February,8,Minnesota,Swearingen SA.227AT Merlin IVCN318DH,Beaver Island Minnesota,Center Flight Illinois Northern,0,6,2,February,2001-02-08,2,4,66.66666666666666,0.3333333333333333,2,Swearingen SA.227AT Merlin,2,2001-02
1921,Qtr 1,February,3,Minnisota,De Havilland DH 4130,Mendotta Minnisota,Service Mail Aerial US,0,1,2,February,1921-02-03,1,0,0.0,1.0,1,De Havilland,1,1921-02
1995,Qtr 1,February,16,Missouri,McDonnell Douglas DC 8,Kansas City Missouri,ATI,0,3,2,February,1995-02-16,3,0,0.0,1.0,3,McDonnell Douglas,3,1995-02
2003,Qtr 1,February,7,Morocco,Antonov 12BPUR LIP,Near Agadir Morocco,Enterprise Aviation Volare,0,8,2,February,2003-02-07,8,0,0.0,1.0,8,Antonov,8,2003-02
1945,Qtr 1,February,23,Morocco,Curtiss C 46A42,Casablanca Morocco,Force Air Army States United - Military,0,30,2,February,1945-02-23,13,17,56.666666666666664,0.43333333333333335,13,Curtiss,13,1945-02
1934,Qtr 1,February,26,Morocco,Latécoère 28F AJPA,Rio de Oro Morocco,France Air,0,6,2,February,1934-02-26,1,5,83.33333333333334,0.16666666666666666,1,Latécoère,1,1934-02
1944,Qtr 1,February,10,Mozambique,Lockheed 14 H2 Super ElectraCR,Near Quelimane Mozambique,DETA,0,14,2,February,1944-02-10,14,0,0.0,1.0,14,Lockheed,14,1944-02
1989,Qtr 1,February,3,Myanmar,Fokker F 27 Friendship 600XY,Rangoon Myanmar,Airways Burma,0,29,2,February,1989-02-03,26,3,10.344827586206897,0.896551724137931,26,Fokker,26,1989-02
1963,Qtr 1,February,8,Syktyvkar,Antonov AN 10ACCCP,Syktyvkar,Unknown Operator,0,7,2,February,1963-02-08,7,0,0.0,1.0,7,Antonov,7,1963-02
1992,Qtr 1,February,20,En route from Argentina to CaliforniaAerolineas Argentinas,Boeing B 747?,En route from Argentina to CaliforniaAerolineas Argentinas,Unknown Operator,0,0,2,February,1992-02-20,1,-1,-inf,Unknown,1,Boeing,1,1992-02
1921,Qtr 1,February,15,Off GibraltarAeropostale,Breguet 14F ALBA,Off GibraltarAeropostale,Unknown Operator,0,2,2,February,1921-02-15,2,0,0.0,1.0,2,Breguet,2,1921-02
1938,Qtr 1,February,13,Mediterranean SeaAla Littoria SA,Cant Z 506I,Mediterranean SeaAla Littoria SA,Unknown Operator,0,14,2,February,1938-02-13,14,0,0.0,1.0,14,Cant,14,1938-02
1988,Qtr 1,February,1,Fuerza Aérea Panamena,CASA 212 Aviocar 200FAP215,PanamaMilitary - Fuerza Aérea Panamena,Unknown Operator,0,16,2,February,1988-02-01,16,0,0.0,1.0,16,CASA 212 Aviocar,16,1988-02
1936,Qtr 1,February,15,South Atlantic OceanDeutsche Lufthansa,Dormier Do J,South Atlantic OceanDeutsche Lufthansa,Unknown Operator,0,4,2,February,1936-02-15,4,0,0.0,1.0,4,Dormier,4,1936-02
1944,Qtr 1,February,20,ChinaChina National Aviation Corporation,Douglas C 4775,ChinaChina National Aviation Corporation,Unknown Operator,0,2,2,February,1944-02-20,2,0,0.0,1.0,2,Douglas,2,1944-02
1970,Qtr 1,February,19,CongoAir Congo,Douglas DC 39Q,CongoAir Congo,Unknown Operator,0,17,2,February,1970-02-19,17,0,0.0,1.0,17,Douglas,17,1970-02
1950,Qtr 1,February,2,North SeaKLM Royal Dutch Airlines,Douglas DC 3PH,North SeaKLM Royal Dutch Airlines,Unknown Operator,0,7,2,February,1950-02-02,7,0,0.0,1.0,7,Douglas,7,1950-02
1931,Qtr 1,February,24,Off SpainAeropostale,Latecoere 32F AITX,Off SpainAeropostale,Unknown Operator,0,3,2,February,1931-02-24,1,2,66.66666666666666,0.3333333333333333,1,Latecoere,1,1931-02
1936,Qtr 1,February,10,Atlantic OceanAir France,Latecoere 301 (flying boat)F ANLE,Atlantic OceanAir France,Unknown Operator,0,6,2,February,1936-02-10,6,0,0.0,1.0,6,Latecoere 301 (flying,6,1936-02
1981,Qtr 1,February,26,U.S. Air Force,Lockheed MC 130E,Off Tabones Island PhilippinesMilitary - U.S. Air Force,Unknown Operator,0,24,2,February,1981-02-26,23,1,4.166666666666666,0.9583333333333334,23,Lockheed,23,1981-02
1942,Qtr 1,February,28,Indian OceanBritish Overseas Airways,Short S 23 (flying boat)G,Indian OceanBritish Overseas Airways,Unknown Operator,0,20,2,February,1942-02-28,20,0,0.0,1.0,20,Short,20,1942-02
1997,Qtr 1,February,4,Israel Air Force,Sikorsky CH53D / Sikorsky CH53D357 / 903,Northern IsraelMilitary - Israel Air Force /Military - Israel Air Force,Unknown Operator,0,73,2,February,1997-02-04,73,0,0.0,1.0,73,Sikorsky CH53D / Sikorsky CH53D357 /,73,1997-02
1942,Qtr 1,February,15,near,Consolidated LiberatorG AGDR,English Channel near,England Plymouth British Overseas Airways,0,9,2,February,1942-02-15,9,0,0.0,1.0,9,Consolidated,9,1942-02
1928,Qtr 1,February,26,Nebraska,Boeing 40NC280,Marquette Nebraska,Transport Air Boeing,0,2,2,February,1928-02-26,1,1,50.0,0.5,1,Boeing,1,1928-02
2016,Qtr 1,February,24,Nepal,de Havilland DHC 6 Twin Otter 4009N,Dana Nepal,Air Tara,0,23,2,February,2016-02-24,23,0,0.0,1.0,23,De Havilland,23,2016-02
2014,Qtr 1,February,16,Nepal,de Havilland Canada DHC 6 Twin Otter 3009N,Sandhikhark Nepal,Airlines Nepal,0,18,2,February,2014-02-16,18,0,0.0,1.0,18,de Havilland Canada,18,2014-02
2016,Qtr 1,February,26,Nepal,PAC 750XL9N AJB,250 miles northwest of Kathmandu Nepal,Airlines Kasthamandap,0,11,2,February,2016-02-26,2,9,81.81818181818183,0.18181818181818182,2,PAC,2,2016-02
2009,Qtr 1,February,25,Netherlands,Boeing 737 8F2TC,Amsterdam Netherlands,Airlines Turkish,0,134,2,February,2009-02-25,9,125,93.28358208955224,0.06716417910447761,9,Boeing,9,2009-02
1921,Qtr 1,February,22,Nevada,De Havilland DH 467,Elko Nevada,Service Mail Aerial US,0,1,2,February,1921-02-22,1,0,0.0,1.0,1,De Havilland,1,1921-02
2009,Qtr 1,February,12,New,Bombardier DHC 8,Clarence Center New,Air Connection/Colgan YorkContinental,1,49,2,February,2009-02-12,49,0,0.0,1.0,50,Bombardier,50,2009-02
1931,Qtr 1,February,8,New,Desoutter IIZK ACA,Wairoa New,Lines Air ZealandDominion,0,3,2,February,1931-02-08,3,0,0.0,1.0,3,Desoutter,3,1931-02
1957,Qtr 1,February,1,New,Douglas DC 6AN34954,New York New,Airlines YorkNortheast,0,101,2,February,1957-02-01,21,80,79.20792079207921,0.2079207920792079,21,Douglas,21,1957-02
1952,Qtr 1,February,11,New,Douglas DC 6N90891,Elizabeth New,Airlines JerseyNational,4,63,2,February,1952-02-11,29,34,53.96825396825397,0.4603174603174603,33,Douglas,33,1952-02
1987,Qtr 1,February,6,New,Embraer 110P2 BandeiranteP2 RDM,Off Papua New,GuineaTalair,0,17,2,February,1987-02-06,14,3,17.647058823529413,0.8235294117647058,14,Embraer 110P2,14,1987-02
1979,Qtr 1,February,17,New,Fokker F 27 Friendship 500ZK,Manakau Harbor New,Zealand New ZealandAir,0,4,2,February,1979-02-17,2,2,50.0,0.5,2,Fokker,2,1979-02
1981,Qtr 1,February,11,New,Lockheed 1339N520S,White Plains New,Corporate - YorkPrivate,0,8,2,February,1981-02-11,8,0,0.0,1.0,8,Lockheed,8,1981-02
1959,Qtr 1,February,3,New,Lockheed 188A ElectraN6101A,La Guardia Airport New,NYAmerican Airlines York,0,73,2,February,1959-02-03,65,8,10.95890410958904,0.8904109589041096,65,Lockheed 18,65,1959-02
1955,Qtr 1,February,19,New,Martin 404N40416,Albuquerque New,Airlines World MexicoTrans,0,16,2,February,1955-02-19,16,0,0.0,1.0,16,Martin,16,1955-02
1984,Qtr 1,February,28,New,McDonnell Douglas DC 10,JFK Airport New,New York York Scandinavian Airlines (SAS),0,177,2,February,1984-02-28,0,177,100.0,0.0,0,McDonnell Douglas,0,1984-02
1964,Qtr 1,February,25,New,McDonnell Douglas DC 8,Lake Pontchartrain New,Louisiana Orleans Eastern Air Lines,0,58,2,February,1964-02-25,58,0,0.0,1.0,58,McDonnell Douglas,58,1964-02
1949,Qtr 1,February,2,Newfoundland,Avro AnsonCF FEO,Trinity Bay Newfoundland,Airways Lawrence Saint,0,10,2,February,1949-02-02,6,4,40.0,0.6,6,Avro,6,1949-02
1943,Qtr 1,February,9,Newfoundland,Consolidated 32 3 Liberator IIAL,Near Gander Newfoundland,Airways Overseas British,0,21,2,February,1943-02-09,19,2,9.523809523809524,0.9047619047619048,19,Consolidated,19,1943-02
1955,Qtr 1,February,5,Nigeria,Bristol 170 Freighter 21EVR NAD,Near Calabar Nigeria,Airways African West,0,13,2,February,1955-02-05,13,0,0.0,1.0,13,Bristol 170 Freighter,13,1955-02
1983,Qtr 1,February,13,North,Lockheed C 130H Hercules74,Fayetteville North,Force Air U.S. - CarolinaMilitary,0,6,2,February,1983-02-13,6,0,0.0,1.0,6,Lockheed,6,1983-02
1988,Qtr 1,February,19,North,Swearingen SA227 ACN622AV,Cary North,Eagle American / Air CarolinaAV,0,12,2,February,1988-02-19,12,0,0.0,1.0,12,Swearingen,12,1988-02
1968,Qtr 1,February,7,Northern,Antonov AN 12BPBL534,Rohtang Pass Northern,Force Air Indian - IndiaMilitary,0,102,2,February,1968-02-07,102,0,0.0,1.0,102,Antonov,102,1968-02
1980,Qtr 1,February,21,NSW,Beechcraft Super King Air 200VH AAV,Sydney NSW,Australia Advance Airlines,0,13,2,February,1980-02-21,13,0,0.0,1.0,13,Beechcraft Super King Air,13,1980-02
1926,Qtr 1,February,12,Ohio,Curtiss Carrier Pigeon602,Montpelier Ohio,Service Mail Aerial US,0,1,2,February,1926-02-12,1,0,0.0,1.0,1,Curtiss Carrier,1,1926-02
1948,Qtr 1,February,25,Ohio,Douglas C 47ANC36498,Columbus Ohio,Aviation Bruning,0,2,2,February,1948-02-25,2,0,0.0,1.0,2,Douglas,2,1948-02
1992,Qtr 1,February,15,Ohio,McDonnell Douglas DC 8,Toledo Ohio,ATI,0,4,2,February,1992-02-15,3,1,25.0,0.75,3,McDonnell Douglas,3,1992-02
1991,Qtr 1,February,17,Ohio,McDonnell Douglas DC 9,Cleveland Ohio,Airlines International Ryan,0,2,2,February,1991-02-17,2,0,0.0,1.0,2,McDonnell Douglas,2,1991-02
1941,Qtr 1,February,6,Unknown,Lockheed 14 H2 Super ElectraCF,Armstrong ON,Canada Trans Canada Air Lines,0,12,2,February,1941-02-06,12,0,0.0,1.0,12,Lockheed,12,1941-02
1947,Qtr 1,February,26,Pacific,Douglas C 47BKK120,China Sea Pacific,Force Air Royal - OceanMilitary,0,12,2,February,1947-02-26,12,0,0.0,1.0,12,Douglas,12,1947-02
1956,Qtr 1,February,25,Pakistan,Douglas C 47BAP,Jalkot Pakistan,Airlines International Pakistan,0,3,2,February,1956-02-25,3,0,0.0,1.0,3,Douglas,3,1956-02
2003,Qtr 1,February,20,Pakistan,Fokker F 27 Friendship 20010254,Near Kohat Pakistan,Force Air Pakistan - Military,0,17,2,February,2003-02-20,17,0,0.0,1.0,17,Fokker,17,2003-02
1973,Qtr 1,February,21,Panama,Douglas DC 3HP,Cerro Horqueta Panama,Urraca Aerovias,0,28,2,February,1973-02-21,22,6,21.428571428571427,0.7857142857142857,22,Douglas,22,1973-02
1999,Qtr 1,February,3,Papua,Britten Norman BN 2A TrislanderP2,Hoskins Papua,GuineaAirlink New,0,11,2,February,1999-02-03,11,0,0.0,1.0,11,Britten Norman,11,1999-02
2005,Qtr 1,February,22,Papua,de Havilland DHC 6 Twin Otter 300P2,Bimin Papua,New Guinea Missionary Aviation Fellowship,0,13,2,February,2005-02-22,2,11,84.61538461538461,0.15384615384615385,2,De Havilland,2,2005-02
1996,Qtr 1,February,4,Paraguay,McDonnell Douglas DC 8,Asuncion Paraguay,Caribe del Aereas Lineas,24,4,2,February,1996-02-04,4,0,0.0,1.0,28,McDonnell Douglas,28,1996-02
1946,Qtr 1,February,21,Unknown,Consolidated 32 2 Liberator IIG,Charlottetown PE,Canada British Overseas Airways,0,14,2,February,1946-02-21,1,13,92.85714285714286,0.07142857142857142,1,Consolidated,1,1946-02
1923,Qtr 1,February,26,Pennsylvania,De Havilland DH 4291,Meadville Pennsylvania,Service Mail Aerial US,0,1,2,February,1923-02-26,1,0,0.0,1.0,1,De Havilland,1,1923-02
1996,Qtr 1,February,29,Peru,Boeing B 737,Arequipa Peru,(Peru) SA Faucett Aviacion de Compania,0,123,2,February,1996-02-29,123,0,0.0,1.0,123,Boeing,123,1996-02
1949,Qtr 1,February,24,Peru,Douglas C 47?,Near Cuzco Peru,(Peru) TAM,0,26,2,February,1949-02-24,22,4,15.384615384615385,0.8461538461538461,22,Douglas,22,1949-02
1949,Qtr 1,February,10,Peru,Douglas DC 3OB,Near Huanuco Peru,Faucett,0,16,2,February,1949-02-10,16,0,0.0,1.0,16,Douglas,16,1949-02
1962,Qtr 1,February,4,Peru,Douglas DC 3OB,Near Tino Maria Peru,Faucett,0,18,2,February,1962-02-04,18,0,0.0,1.0,18,Douglas,18,1962-02
1994,Qtr 1,February,25,Peru,Yakovlev YAK 40OB,Near Carpish Peru,Aéreo Expresso,0,31,2,February,1994-02-25,31,0,0.0,1.0,31,Yakovlev,31,1994-02
1980,Qtr 1,February,27,Philippines,Boeing B 707,Manila Philippines,(Taiwan) Airlines China,0,135,2,February,1980-02-27,2,133,98.51851851851852,0.014814814814814815,2,Boeing,2,1980-02
1946,Qtr 1,February,5,Philippines,Douglas C 47?,Negros Philippines,Forces Air Army U.S. - Military,0,20,2,February,1946-02-05,20,0,0.0,1.0,20,Douglas,20,1946-02
1982,Qtr 1,February,9,Philippines,Douglas DC 3 (C,Mt. Ipao Philippines,Services Air Trans,0,32,2,February,1982-02-09,3,29,90.625,0.09375,3,Douglas,3,1982-02
1948,Qtr 1,February,23,Philippines,Douglas DC 3PI,Davao Philippines,Airways Commercial,0,12,2,February,1948-02-23,12,0,0.0,1.0,12,Douglas,12,1948-02
1964,Qtr 1,February,21,Philippines,Douglas DC 3PI,Marawi Philippines,Lines Air Philippine,0,32,2,February,1964-02-21,31,1,3.125,0.96875,31,Douglas,31,1964-02
1967,Qtr 1,February,28,Philippines,Fokker F 27 Friendship 100PI,Mactan Philippines,Lines Air Philippine,0,20,2,February,1967-02-28,12,8,40.0,0.6,12,Fokker,12,1967-02
1975,Qtr 1,February,3,Philippines,Hawker Siddeley HS 748 2RP,Manila Philippines,Lines Air Philippine,0,33,2,February,1975-02-03,33,0,0.0,1.0,33,Hawker Siddeley,33,1975-02
1998,Qtr 1,February,2,Philippines,McDonnell Douglas DC 9,Cagyan de Oro Philippines,Air Pacific Cebu,0,104,2,February,1998-02-02,104,0,0.0,1.0,104,McDonnell Douglas,104,1998-02
2002,Qtr 1,February,22,Philippines,MH 47 Chinook helicopter92,Off Dumaguete Philippines,Army U.S. - Military,0,10,2,February,2002-02-22,10,0,0.0,1.0,10,MH,10,2002-02
1945,Qtr 1,February,23,Poland,Junkers 52/3m 4V+DR,Snezka mountains Poland,Army German - Military,0,8,2,February,1945-02-23,8,0,0.0,1.0,8,Junkers 52/3m,8,1945-02
1998,Qtr 1,February,4,Portugal,Antonov 12BPLZ SFG,Terceira Portugal,Luxor Air,0,7,2,February,1998-02-04,7,0,0.0,1.0,7,Antonov,7,1998-02
1943,Qtr 1,February,22,Portugal,Boeing B 314 (flying boat)NC18603,Lisbon Portugal,Airways World American Pan,0,39,2,February,1943-02-22,25,14,35.8974358974359,0.6410256410256411,25,Boeing,25,1943-02
1951,Qtr 1,February,1,Portugal,Douglas C 54282,Off Terceira Portugal,Force Air Portuguese - Military,0,14,2,February,1951-02-01,14,0,0.0,1.0,14,Douglas,14,1951-02
1947,Qtr 1,February,1,Portugal,Douglas DC 3CF,Near Lisbon Portugal,France Air,0,20,2,February,1947-02-01,19,1,5.0,0.95,19,Douglas,19,1947-02
1956,Qtr 1,February,14,Quebec,Douglas C 47,Near Fort Chimo Quebec,Canada Spartan Air Services,0,3,2,February,1956-02-14,2,1,33.33333333333333,0.6666666666666666,2,Douglas,2,1956-02
1989,Qtr 1,February,28,Quebec,Douglas C 47AC,Near Quebec City Quebec,Canada Transfair,0,2,2,February,1989-02-28,2,0,0.0,1.0,2,Douglas,2,1989-02
1937,Qtr 1,February,19,Queensland,Stinson Model AVH UHH,McPherson Ranges Queensland,Australia Airlines of Australia,0,7,2,February,1937-02-19,5,2,28.57142857142857,0.7142857142857143,5,Stinson Model,5,1937-02
1982,Qtr 1,February,21,Rhode,de Havilland DHC 6,Providence Rhode,Airlines IslandPilgrim,0,12,2,February,1982-02-21,1,11,91.66666666666666,0.08333333333333333,1,de Havilland Canada,1,1982-02
1979,Qtr 1,February,12,Rhodesia,Vickers Viscount 748DVP YND,Near Kariba Rhodesia,Rhodesia Air,0,59,2,February,1979-02-12,59,0,0.0,1.0,59,Vickers Viscount,59,1979-02
2008,Qtr 1,February,26,Rio,Eurocopter AS332L2 Super PumaPP MUM,Off Macae Rio,Argentina Janeiro de BHS - Brazilian Helicopter Service Air Taxi,0,20,2,February,2008-02-26,5,15,75.0,0.25,5,Eurocopter AS332L2 Super,5,2008-02
1970,Qtr 1,February,4,Romania,Antonov AN 24VYR,Apuseni mountains Romania,TAROM,0,22,2,February,1970-02-04,21,1,4.545454545454546,0.9545454545454546,21,Antonov,21,1970-02
1994,Qtr 1,February,24,Russia,Antonov AN 12VRA,Nalchik Russia,Transport Air Western North,0,13,2,February,1994-02-24,13,0,0.0,1.0,13,Antonov,13,1994-02
2018,Qtr 1,February,11,Russia,Antonov AN 148,Argunovo Russia,Airlines Saratov,0,71,2,February,2018-02-11,71,0,0.0,1.0,71,Antonov,71,2018-02
2002,Qtr 1,February,21,Russia,Antonov AN 2607RED,Lakhta Russia,Navy Russian - Military,0,20,2,February,2002-02-21,17,3,15.0,0.85,17,Antonov,17,2002-02
1966,Qtr 1,February,16,Russia,Ilyushin II 14CCCP,Pechora Russia,Aeroflot,0,26,2,February,1966-02-16,26,0,0.0,1.0,26,Ilyushin,26,1966-02
1973,Qtr 1,February,24,Russia,Ilyushin IL 18CCCP,Near Leningrad Russia,Aeroflot,0,79,2,February,1973-02-24,79,0,0.0,1.0,79,Ilyushin,79,1973-02
1968,Qtr 1,February,29,Russia,Ilyushin IL 18DCCCP,Near Bratsk Russia,Aeroflot,0,84,2,February,1968-02-29,83,1,1.1904761904761905,0.9880952380952381,83,Ilyushin,83,1968-02
1977,Qtr 1,February,15,Russia,Ilyushin IL 18VCCCP,Mineralnye Vody Russia,Aeroflot,0,98,2,February,1977-02-15,77,21,21.428571428571427,0.7857142857142857,77,Ilyushin,77,1977-02
1976,Qtr 1,February,9,Russia,Tupolev TU 104ACCCP,Irkutsk Russia,Aeroflot,0,124,2,February,1976-02-09,24,100,80.64516129032258,0.1935483870967742,24,Tupolev,24,1976-02
1981,Qtr 1,February,7,Russia,Tupolev TU 104ACCCP,Near Leningrad Russia,Navy Soviet - Military,0,52,2,February,1981-02-07,52,0,0.0,1.0,52,Tupolev,52,1981-02
1966,Qtr 1,February,16,Russia,Tupolev Tu 114CCCP,Moscow Russia,Aeroflot,0,66,2,February,1966-02-16,21,45,68.18181818181817,0.3181818181818182,21,Tupolev,21,1966-02
1988,Qtr 1,February,27,Russia,Tupolev TU 134ACCCP,Surgut Russia,Aeroflot,0,51,2,February,1988-02-27,20,31,60.78431372549019,0.39215686274509803,20,Tupolev,20,1988-02
1938,Qtr 1,February,5,Russia,V6 (airship)CCCP V6,Kandalaksha Russia,Ts,0,19,2,February,1938-02-05,13,6,31.57894736842105,0.6842105263157895,13,V6,13,1938-02
2001,Qtr 1,February,27,Scotland,Shorts 360 100G,Near Granton Harbour Scotland,Loganair,0,2,2,February,2001-02-27,2,0,0.0,1.0,2,Short,2,2001-02
1992,Qtr 1,February,9,Senegal,Convair CV 640N862FW,Near Kafountine Senegal,Gambcrest,0,56,2,February,1992-02-09,30,26,46.42857142857143,0.5357142857142857,30,Convair,30,1992-02
1997,Qtr 1,February,1,Senegal,Hawker Siddeley HS 748,Tambacoumba Senegal,Senegal Air,0,52,2,February,1997-02-01,25,27,51.92307692307693,0.4807692307692308,25,Hawker Siddeley,25,1997-02
1977,Qtr 1,February,11,Slovakia,Avia 14TOK OCA,Bratislava Slovakia,Aerolinie Ceskoslovenské,0,5,2,February,1977-02-11,4,1,20.0,0.8,4,Avia,4,1977-02
2016,Qtr 1,February,2,Somalia,Airbus A321 111SX,Near Mogadishu Somalia,Airlines Daallo,0,72,2,February,2016-02-02,1,71,98.61111111111111,0.013888888888888888,1,Airbus,1,2016-02
1957,Qtr 1,February,22,South,Douglas C 124C51,Kimpo Air Base South,Force Air U.S. - KoreaMilitary,0,159,2,February,1957-02-22,22,137,86.16352201257862,0.13836477987421383,22,Douglas,22,1957-02
1982,Qtr 1,February,6,South,Fairchild C 123?,Island of Cheju South,Force Air Korea South of Republic - KoreaMilitary,0,53,2,February,1982-02-06,53,0,0.0,1.0,53,Fairchild,53,1982-02
2011,Qtr 1,February,8,South,Pilatus PC 12/47ZS,Off Plettenberg Bay South,Aviation AfricaMajuba,0,9,2,February,2011-02-08,9,0,0.0,1.0,9,Pilatus,9,2011-02
1998,Qtr 1,February,5,Spain,CASA 212 S1 Aviocar 100D,Near Navafria Spain,Force Air Spanish - Military,0,5,2,February,1998-02-05,5,0,0.0,1.0,5,CASA,5,1998-02
1947,Qtr 1,February,6,Spain,Douglas C 54B,Pedro Bernardo Spain,International Cuba Aerovias,0,11,2,February,1947-02-06,11,0,0.0,1.0,11,Douglas,11,1947-02
1998,Qtr 1,February,12,Sudan,Antonov AN 32?,Near Nasir Sudan,Force Air Sudan - Military,0,57,2,February,1998-02-12,27,30,52.63157894736842,0.47368421052631576,27,Antonov,27,1998-02
2005,Qtr 1,February,3,Sudan,Ilyushin 76TDST EWB,Near Khartoum Sudan,West Air,0,7,2,February,2005-02-03,7,0,0.0,1.0,7,Ilyushin,7,2005-02
1996,Qtr 1,February,26,Sudan,Lockheed C 130H?,Near Jabal Awliya Sudan,Force Air Sudanese - Military,0,91,2,February,1996-02-26,91,0,0.0,1.0,91,Lockheed,91,1996-02
2001,Qtr 1,February,10,Suriname,GAF Nomad N24APZ TBP,Jakobkondre Suriname,Charter Air Gum,0,10,2,February,2001-02-10,10,0,0.0,1.0,10,GAF Nomad,10,2001-02
1959,Qtr 1,February,17,Surrey,Vickers Viscount 794DTC SEV,Gatwick Surrey,England Turkish Airlines (THY),0,24,2,February,1959-02-17,14,10,41.66666666666667,0.5833333333333334,14,Vickers Viscount,14,1959-02
1970,Qtr 1,February,21,Switzerland,Convair CV 990,Zurich Switzerland,Swissair,0,47,2,February,1970-02-21,47,0,0.0,1.0,47,Convair,47,1970-02
1967,Qtr 1,February,6,Syria,Douglas DC 3YK,Aleppo Syria,Airlines Arab Syrian,0,19,2,February,1967-02-06,1,18,94.73684210526315,0.05263157894736842,1,Douglas,1,1967-02
1956,Qtr 1,February,24,Syria,Douglas DC 3YK,Near Aleppo Syria,Airways Syrian,0,19,2,February,1956-02-24,19,0,0.0,1.0,19,Douglas,19,1956-02
1998,Qtr 1,February,16,Taiwan,Airbus A300 622RB,Taipei Taiwan,(Taiwan) Airlines China,7,196,2,February,1998-02-16,196,0,0.0,1.0,203,Airbus,203,1998-02
2015,Qtr 1,February,4,Taiwan,ATR 72 600B,Taipei Taiwan,Transasia,0,58,2,February,2015-02-04,43,15,25.862068965517242,0.7413793103448276,43,ATR,43,2015-02
1968,Qtr 1,February,16,Taiwan,Boeing B 727,Linkuo Taiwan,Transport Air Civil,2,63,2,February,1968-02-16,21,42,66.66666666666666,0.3333333333333333,23,Boeing,23,1968-02
1986,Qtr 1,February,16,Taiwan,Boeing B 737,Off Makung Taiwan,(Taiwan) Airlines China,0,13,2,February,1986-02-16,13,0,0.0,1.0,13,Boeing,13,1986-02
1993,Qtr 1,February,28,Taiwan,Dornier 228 201B,Off Green Island Taiwan,Airlines Formosa,0,6,2,February,1993-02-28,6,0,0.0,1.0,6,Dornier,6,1993-02
1969,Qtr 1,February,24,Taiwan,Handley Page Dart Herald 201B 2009,Tainan Taiwan,Transport Air Eastern Far,0,36,2,February,1969-02-24,36,0,0.0,1.0,36,Handley Page Dart Herald,36,1969-02
1944,Qtr 1,February,10,Tennessee,Douglas DC 3NC21767,Memphis Tennessee,Airlines American,0,24,2,February,1944-02-10,24,0,0.0,1.0,24,Douglas,24,1944-02
2006,Qtr 1,February,8,Tennessee,Swearingen SA.226TC Metro IIN629EK,Near Paris Tennessee,Air Tri,0,1,2,February,2006-02-08,1,0,0.0,1.0,1,Swearingen SA.226TC Metro,1,2006-02
2019,Qtr 1,February,23,Texas,Boeing 767 375ERN1217A,Houston Texas,Amazon serving Air Atlas,0,3,2,February,2019-02-23,3,0,0.0,1.0,3,Boeing,3,2019-02
1975,Qtr 1,February,1,Texas,Douglas DC 3CN15HC,Houston Texas,Properties Horizon,0,16,2,February,1975-02-01,5,11,68.75,0.3125,5,Douglas,5,1975-02
1959,Qtr 1,February,1,Texas,Douglas DC 3N17314,Kerrville Texas,Airways General,0,28,2,February,1959-02-01,3,25,89.28571428571429,0.10714285714285714,3,Douglas,3,1959-02
1998,Qtr 1,February,3,Trento,Grummand EA 6B163045/CY,Near Cavalese Trento,Italy Military - U.S. Marine Corps,20,2,2,February,1998-02-03,0,2,100.0,0.0,20,Grummand,20,1998-02
2014,Qtr 1,February,21,Tunisia,Antonov 265A DOW,Grombalia Tunisia,Cargo Air Libyan,0,11,2,February,2014-02-21,11,0,0.0,1.0,11,Antonov,11,2014-02
2020,Qtr 1,February,5,Turkey,Boeing 737 86JTC,Istanbul Turkey,Airlines Pegasus,0,177,2,February,2020-02-05,3,174,98.30508474576271,0.01694915254237288,3,Boeing,3,2020-02
1964,Qtr 1,February,3,Turkey,Douglas C 47ATC,Near Ankara Turkey,(THY) Airlines Turkish,0,3,2,February,1964-02-03,3,0,0.0,1.0,3,Douglas,3,1964-02
1963,Qtr 1,February,1,Turkey,Vickers Viscount 754D / Douglas C 47OD,Ankara Turkey,ForceC-47 Air Turkish - Military / Airlines East Middle,87,17,2,February,1963-02-01,17,0,0.0,1.0,104,Vickers Viscount 754D / Douglas,104,1963-02
1967,Qtr 1,February,7,UARMisrair,Antonov AN 24?,Near Hourghada UARMisrair,Unknown Operator,0,30,2,February,1967-02-07,30,0,0.0,1.0,30,Antonov,30,1967-02
2013,Qtr 1,February,13,Ukraine,Antonov AN 24RVUR,Donetsk Ukraine,Airlines South,0,45,2,February,2013-02-13,5,40,88.88888888888889,0.1111111111111111,5,Antonov,5,2013-02
2004,Qtr 1,February,10,United,Fokker F 50EP,Sharjah United,Airlines EmiratesKish Arab,0,46,2,February,2004-02-10,43,3,6.521739130434782,0.9347826086956522,43,Fokker,43,2004-02
1978,Qtr 1,February,10,Uruguay,Douglas C 47A,Near Artigas Uruguay,Force Air Uruguayan,0,44,2,February,1978-02-10,44,0,0.0,1.0,44,Douglas,44,1978-02
1970,Qtr 1,February,6,USSRAeroflot,Ilyushin IL 18VCCCP,Near Samarkand USSRAeroflot,Unknown Operator,0,106,2,February,1970-02-06,92,14,13.20754716981132,0.8679245283018868,92,Ilyushin,92,1970-02
1934,Qtr 1,February,23,Utah,Boeing 247NC13357,Near Salt Lake City Utah,Company Aircraft Boeing,0,8,2,February,1934-02-23,8,0,0.0,1.0,8,Boeing,8,1934-02
2008,Qtr 1,February,21,Venezuela,ATR 42,Merida Venezuela,Airlines Barbara Santa,0,46,2,February,2008-02-21,46,0,0.0,1.0,46,ATR,46,2008-02
2017,Qtr 1,February,21,Victoria,Beechcraft B200 Super King AirVH ZCR,Melbourne Victoria,Australia Australian Corporate Jet Centres PTY. LTD,0,5,2,February,2017-02-21,5,0,0.0,1.0,5,Beechcraft B200 Super King,5,2017-02
1953,Qtr 1,February,3,Vietnam,Douglas C 47B,Lai Chau Vietnam,Outremer Air,0,18,2,February,1953-02-03,18,0,0.0,1.0,18,Douglas,18,1953-02
1976,Qtr 1,February,21,Virgin,Grumman G 21A seaplaneN4772C,St. Croix Virgin,Air IslandsAntilles,0,11,2,February,1976-02-21,5,6,54.54545454545454,0.45454545454545453,5,Grumman,5,1976-02
1922,Qtr 1,February,21,Virginia,Dirigible Roma (airship)?,Near Norfolk Virginia,Service Air Army U.S. - Military,0,45,2,February,1922-02-21,34,11,24.444444444444443,0.7555555555555555,34,Dirigible Roma,34,1922-02
1945,Qtr 1,February,23,Virginia,Douglas DC 3NC18142,Marion Virginia,Airlines American,0,22,2,February,1945-02-23,17,5,22.727272727272727,0.7727272727272727,17,Douglas,17,1945-02
1985,Qtr 1,February,19,Vizcaya,Boeing B 727,Near Durango Vizcaya,Spain Iberia Airlines,0,148,2,February,1985-02-19,148,0,0.0,1.0,148,Boeing,148,1985-02
1965,Qtr 1,February,8,Wantagh,Douglas DC 7BN849D,Off Jones Beach Wantagh,New York Eastern Air Lines,0,84,2,February,1965-02-08,84,0,0.0,1.0,84,Douglas,84,1965-02
1949,Qtr 1,February,19,Warks,Douglas DC 3 / Avro AnsonG,Near Coventry Warks,England British European Airways / Military - British,0,14,2,February,1949-02-19,14,0,0.0,1.0,14,Douglas,14,1949-02
1978,Qtr 1,February,10,Washington,Beechcraft 99N199EA,Richland Washington,Airlines Pacific Columbia,0,17,2,February,1978-02-10,17,0,0.0,1.0,17,Beechcraft,17,1978-02
1943,Qtr 1,February,18,Washington,Boeing XB 2941,Seattle Washington,Company Aircraft Boeing - Private,20,10,2,February,1943-02-18,10,0,0.0,1.0,30,Boeing,30,1943-02
1979,Qtr 1,February,12,West,Nord 262N29824,Clarksburg West,Airlines VirginiaAllegheny,0,25,2,February,1979-02-12,2,23,92.0,0.08,2,Nord,2,1979-02
1921,Qtr 1,February,9,Wisconsin,Junkers F 13301,La Crosse Wisconsin,Service Mail Aerial US,0,3,2,February,1921-02-09,3,0,0.0,1.0,3,Junkers,3,1921-02
2006,Qtr 1,February,5,Wisconson,Shorts 360 100 /Shorts 360,Near Watertown Wisconson,Carriers Cargo Air,0,3,2,February,2006-02-05,3,0,0.0,1.0,3,Short,3,2006-02
1954,Qtr 1,February,26,Wyoming,Convair CV 240N8407H,Wright Wyoming,Airlines Western,0,9,2,February,1954-02-26,9,0,0.0,1.0,9,Convair,9,1954-02
2010,Qtr 1,February,14,Yemen,Helicopter?,Near Saada Yemen,Arm Yemeni - Military,2,11,2,February,2010-02-14,11,0,0.0,1.0,13,Helicopter?,13,2010-02
1986,Qtr 1,February,5,Zaire,Lockheed L 188AF Electra9Q,Kasongo Zaire,Aviation GLM,0,14,2,February,1986-02-05,2,12,85.71428571428571,0.14285714285714285,2,Lockheed,2,1986-02
1990,Qtr 1,February,17,Zambia,DHC 5 BuffaloAF316,Near Ngwerere Zambia,Force Air Zambian - Military,0,29,2,February,1990-02-17,29,0,0.0,1.0,29,DHC,29,1990-02
1980,Qtr 1,January,23,Mt. Cemonyet,CASA 212 Aviocar 100PK PCX,Mt. Cemonyet,Service Air IndonesiaPelita,0,13,1,January,1980-01-23,13,0,0.0,1.0,13,CASA 212 Aviocar,13,1980-01
1943,Qtr 1,January,18,Off the Brazilian coast,Consolidated C 8741,Off the Brazilian coast,Forces Air Army U.S. - OceanMilitary Atlantic,0,26,1,January,1943-01-18,26,0,0.0,1.0,26,Consolidated,26,1943-01
1956,Qtr 1,January,12,Frederick Henry Bay,Douglas C 47VH,Frederick Henry Bay,ANA AustraliaAnsett,0,2,1,January,1956-01-12,1,1,50.0,0.5,1,Douglas,1,1956-01
1982,Qtr 1,January,23,Logan Airport,McDonnell Douglas DC 10,Logan Airport,Massachusetts Boston World Airways,0,212,1,January,1982-01-23,2,210,99.05660377358491,0.009433962264150943,2,McDonnell Douglas,2,1982-01
1977,Qtr 1,January,13,Near Alma Ata,Tupolev TU 104ACCCP,Near Alma Ata,USSRAeroflot Kazakastan,0,90,1,January,1977-01-13,90,0,0.0,1.0,90,Tupolev,90,1977-01
2024,Qtr 1,January,2,Japan,Airbus A350-941/de Havilla DHC,Tokyo,Japan Airlines Japan Coast Guard,0,385,1,January,2024-01-02,5,380,98.7012987012987,0.012987012987012988,5,Airbus,5,2024-01
2024,Qtr 1,January,23,NWT Canada,BAe 3212 Jetstream,Fort Smith,Northwestern Air Lease LTD,0,7,1,January,2024-01-23,6,1,14.285714285714285,0.8571428571428571,6,BAe,6,2024-01
2024,Qtr 1,January,18,Somalia,Fokker 505YJWG,Ceel Barde,Jetways Airlines,0,4,1,January,2024-01-18,1,3,75.0,0.25,1,Fokker,1,2024-01
1954,Qtr 1,January,2,Afghanistan,Douglas DC 3?,Herat Afghanistan,Airlines Afghan Ariana,0,21,1,January,1954-01-02,21,0,0.0,1.0,21,Douglas,21,1954-01
2009,Qtr 1,January,15,Afghanistan,Mil Mi 17?,Adraskan district Afghanistan,Army Afghan,0,13,1,January,2009-01-15,13,0,0.0,1.0,13,Mil,13,2009-01
1950,Qtr 1,January,24,Air,Douglas DC 3PI,Iloilo Air,Lines,0,4,1,January,1950-01-24,4,0,0.0,1.0,4,Douglas,4,1950-01
1946,Qtr 1,January,6,Alabama,Douglas DC 3N21786,Birmingham Alabama,Airlines Central Pennsylvania,0,11,1,January,1946-01-06,3,8,72.72727272727273,0.2727272727272727,3,Douglas,3,1946-01
2010,Qtr 1,January,22,Alaska,Beechcraft 1900C 1N112AX,Off Sand Point Alaska,Express Central Alaska,0,2,1,January,2010-01-22,2,0,0.0,1.0,2,Beechcraft,2,2010-01
1963,Qtr 1,January,14,Alaska,Beechcraft AT 11 KansanN65458,Kaktovik (Barter Island) Alaska,Wien,0,6,1,January,1963-01-14,5,1,16.666666666666664,0.8333333333333334,5,Beechcraft,5,1963-01
1969,Qtr 1,January,2,Alaska,Bell 205AN4048G,Tyonek Alaska,Helicopter ERA,0,2,1,January,1969-01-02,2,0,0.0,1.0,2,Bell,2,1969-01
1980,Qtr 1,January,14,Alaska,Cessna 185AN1690Z,Shungnak Alaska,Service Air Ambler,0,9,1,January,1980-01-14,7,2,22.22222222222222,0.7777777777777778,7,Cessna,7,1980-01
1963,Qtr 1,January,26,Alaska,Curtiss C 46FN67933,Kotzebue Alaska,Airways Skyvan,0,2,1,January,1963-01-26,1,1,50.0,0.5,1,Curtiss,1,1963-01
1997,Qtr 1,January,29,Alaska,de Havilland Canada DHC 4A CaribouN702SC,Sparrevohn Alaska,Air Southcentral,0,2,1,January,1997-01-29,1,1,50.0,0.5,1,de Havilland Canada,1,1997-01
2001,Qtr 1,January,23,Alaska,Douglas C 47A,Eider Point Alaska,Cargo Air Majestic,0,2,1,January,2001-01-23,2,0,0.0,1.0,2,Douglas,2,2001-01
1955,Qtr 1,January,1,Alaska,Douglas C47?,Near Anchorage Alaska,Force Air US - Military,0,12,1,January,1955-01-01,12,0,0.0,1.0,12,Douglas,12,1955-01
1949,Qtr 1,January,20,Alaska,Douglas DC 3CN91006,Homer Alaska,Airlines Alaska,0,6,1,January,1949-01-20,5,1,16.666666666666664,0.8333333333333334,5,Douglas,5,1949-01
1977,Qtr 1,January,13,Alaska,Douglas DC 8JA8054,Anchorage Alaska,Lines Air Japan,0,5,1,January,1977-01-13,5,0,0.0,1.0,5,Douglas,5,1977-01
1976,Qtr 1,January,3,Alaska,Lear Jet 24AN651LJ,Anchorage Alaska,Air Winship,0,6,1,January,1976-01-03,6,0,0.0,1.0,6,Lear Jet,6,1976-01
1973,Qtr 1,January,2,Alberta,Boeing 707 321CCF,Edmonton Alberta,Canada Pacific Western Airlines,0,5,1,January,1973-01-02,5,0,0.0,1.0,5,Boeing,5,1973-01
1946,Qtr 1,January,19,Alberta,Douglas DC 3 Dakota?,Crowsnest Pass Alberta,Canada Mililtary - Royal Canadian Air Force,0,7,1,January,1946-01-19,7,0,0.0,1.0,7,Douglas,7,1946-01
1948,Qtr 1,January,8,Algeria,Douglas DC 3F,Near Palestro Algeria,T.A. de Algerienne Comp. Transport,0,9,1,January,1948-01-08,9,0,0.0,1.0,9,Douglas,9,1948-01
1979,Qtr 1,January,24,Algeria,Nord 262A 447T,Bechar Algeria,Algerie Air,0,23,1,January,1979-01-24,14,9,39.130434782608695,0.6086956521739131,14,Nord,14,1979-01
1937,Qtr 1,January,26,Algeria,Sabca S 73OO,Oran Algeria,Sabena,0,12,1,January,1937-01-26,12,0,0.0,1.0,12,Sabca,12,1937-01
1974,Qtr 1,January,30,American,Boeing B 707,Pago Pago American,Airways World American SamoaPan,0,101,1,January,1974-01-30,97,4,3.9603960396039604,0.9603960396039604,97,Boeing,97,1974-01
2002,Qtr 1,January,27,Angola,Antonov AN 12T,Near Luena Angola,Force Air Angolan - Military,0,40,1,January,2002-01-27,5,35,87.5,0.125,5,Antonov,5,2002-01
1999,Qtr 1,January,2,Angola,Lockheed L 100,Near Huambo Angola,Charter Nations United - Transafrik,0,9,1,January,1999-01-02,9,0,0.0,1.0,9,Lockheed,9,1999-01
1959,Qtr 1,January,16,Argentina,Curtiss C 46A,Off Mar del Plata Argentina,(Argentina) Aeras Lineas Austral,0,52,1,January,1959-01-16,51,1,1.9230769230769231,0.9807692307692307,51,Curtiss,51,1959-01
1964,Qtr 1,January,9,Argentina,Douglas DC 3LV,Zarate Argentina,Argentina Litoral Aerolineas,0,30,1,January,1964-01-09,28,2,6.666666666666667,0.9333333333333333,28,Douglas,28,1964-01
1957,Qtr 1,January,11,Argentina,Vickers 615 Viking 1BT 11,Near Buenos Aires Argentina,Estado del Aereas Lineas,1,33,1,January,1957-01-11,17,16,48.484848484848484,0.5151515151515151,18,Vickers 615 Viking,18,1957-01
1928,Qtr 1,January,22,Ariège,Breguet 14 F AHEQ,L'Hospitalet Ariège,Aeropostale,0,1,1,January,1928-01-22,1,0,0.0,1.0,1,Breguet,1,1928-01
1936,Qtr 1,January,14,Arkansas,Douglas DC 2,Goodwin Arkansas,Airlines American,0,17,1,January,1936-01-14,17,0,0.0,1.0,17,Douglas,17,1936-01
1960,Qtr 1,January,26,Australia,de Havilland DH 114 Heron 2DCR,Off Bathurst Island Australia,Timor de Aéreos Transportes,0,9,1,January,1960-01-26,9,0,0.0,1.0,9,De Havilland,9,1960-01
1939,Qtr 1,January,18,Australia,Lockheed 14 ElectraVH ABI,Katherine Australia,Airways Guinea,0,4,1,January,1939-01-18,4,0,0.0,1.0,4,Lockheed 18,4,1939-01
1945,Qtr 1,January,31,Australia,Stinson Model AVH UYY,Redesdale Australia,Airways National Australian,0,10,1,January,1945-01-31,10,0,0.0,1.0,10,Stinson Model,10,1945-01
1992,Qtr 1,January,28,Azerbaijan,Mil Mi 8 (helicopter)?,Near Stepanakert Azerbaijan,Force Air Azerbaijan - Military,0,47,1,January,1992-01-28,47,0,0.0,1.0,47,Mil,47,1992-01
1996,Qtr 1,January,8,Barbados,Britten Norman BN,Off Bridgetown Barbados,Airways Mustique,0,10,1,January,1996-01-08,1,9,90.0,0.1,1,Britten,1,1996-01
1977,Qtr 1,January,14,Unknown,de Havilland Canada DHC 6 Twin Otter 300C,Terrace BC,Canada Northern Thunderbird Air Ltd.,0,12,1,January,1977-01-14,12,0,0.0,1.0,12,de Havilland Canada,12,1977-01
1952,Qtr 1,January,19,Unknown,Douglas DC 4N45342,Off Sandspit BC,Canada Northwest Orient Airlines,0,43,1,January,1952-01-19,36,7,16.27906976744186,0.8372093023255814,36,Douglas,36,1952-01
1931,Qtr 1,January,8,Belgium,Fokker F VIIOO,Melle Belgium,Sabena,0,2,1,January,1931-01-08,2,0,0.0,1.0,2,Fokker,2,1931-01
1951,Qtr 1,January,13,Besar,Douglas DC 3VR,Mt. Bukit Besar,Thailand Air Carriers,0,10,1,January,1951-01-13,10,0,0.0,1.0,10,Douglas,10,1951-01
1936,Qtr 1,January,17,Boliva,Junkers JU 52?,Near Cordillera Boliva,Boliviano Aereo Lloyd,0,13,1,January,1936-01-17,13,0,0.0,1.0,13,Junkers,13,1936-01
1985,Qtr 1,January,1,Bolivia,Boeing B 727,Near La Paz Bolivia,Lines Air Eastern,0,29,1,January,1985-01-01,29,0,0.0,1.0,29,Boeing,29,1985-01
1988,Qtr 1,January,18,Bolivia,Curtiss C 46A,Mt. Colorado Bolivia,Aéreos Transportes Empresa - ETA,0,9,1,January,1988-01-18,9,0,0.0,1.0,9,Curtiss,9,1988-01
1974,Qtr 1,January,6,Bolivia,Curtiss C 46FCP,Unduavi Bolivia,Boliviano Aéreos Servicios,0,4,1,January,1974-01-06,4,0,0.0,1.0,4,Curtiss,4,1974-01
1976,Qtr 1,January,18,Bolivia,Douglas C 47CP,Near San Borja Bolivia,Maniqui Frigorifico,0,10,1,January,1976-01-18,7,3,30.0,0.7,7,Douglas,7,1976-01
1950,Qtr 1,January,20,Bolivia,Douglas C 47TAM,Near Vacas Bolivia,Force Air Bolivian - Military,1,32,1,January,1950-01-20,32,0,0.0,1.0,33,Douglas,33,1950-01
1974,Qtr 1,January,10,Bolivia,Douglas C 54TAM,La Paz Bolivia,(Bolivia) TAM,0,24,1,January,1974-01-10,24,0,0.0,1.0,24,Douglas,24,1974-01
1958,Qtr 1,January,20,Bolivia,Douglas DC 3TAM,Near La Paz Bolivia,(Bolivia) TAM,0,11,1,January,1958-01-20,11,0,0.0,1.0,11,Douglas,11,1958-01
1984,Qtr 1,January,13,Bolivia,Douglas EC 54UCP,Cochabamba Bolivia,Airways Bolivian East North,0,3,1,January,1984-01-13,1,2,66.66666666666666,0.3333333333333333,1,Douglas,1,1984-01
1962,Qtr 1,January,22,Boliviano,Curtiss C 46DCP,Caranavi Boliviano,Fomento de,0,6,1,January,1962-01-22,6,0,0.0,1.0,6,Curtiss,6,1962-01
1949,Qtr 1,January,5,Brazil,Avro 685 York 1G AHEX,Caravelas Bay Brazil,Airways American South British,0,17,1,January,1949-01-05,3,14,82.35294117647058,0.17647058823529413,3,Avro 685 York,3,1949-01
1986,Qtr 1,January,28,Brazil,Boeing B 737,Sao Paulo Brazil,VASP,0,72,1,January,1986-01-28,1,71,98.61111111111111,0.013888888888888888,1,Boeing,1,1986-01
1963,Qtr 1,January,15,Brazil,Convair CV 240,Sao Paulo Brazil,Cruzeiro,7,45,1,January,1963-01-15,6,39,86.66666666666667,0.13333333333333333,13,Convair,13,1963-01
2010,Qtr 1,January,25,Brazil,Embraer EMB 110C BandeirantePT,Near Senador Jose Porfírio Brazil,Aereo Taxi Piquiatuba,0,10,1,January,2010-01-25,2,8,80.0,0.2,2,Embraer,2,2010-01
1976,Qtr 1,January,22,Brazil,Embraer 110C BandeirantePT TBD,Chapeco Brazil,Transbrasil,0,11,1,January,1976-01-22,9,2,18.181818181818183,0.8181818181818182,9,Embraer 110C,9,1976-01
1978,Qtr 1,January,31,Brazil,Embraer 110P BandeirantePT GKW,Eirunepe Brazil,TABA,0,14,1,January,1978-01-31,2,12,85.71428571428571,0.14285714285714285,2,Embraer 110P,2,1978-01
1958,Qtr 1,January,16,Brazil,Fairchild C 82APP,Belem Brazil,Cruzeiro,0,3,1,January,1958-01-16,3,0,0.0,1.0,3,Fairchild,3,1958-01
1939,Qtr 1,January,13,Brazil,Junkers JU 52/3mPP,Rio de Janeiro Brazil,Condor Syndicato,0,10,1,January,1939-01-13,10,0,0.0,1.0,10,Junkers,10,1939-01
1949,Qtr 1,January,11,Brazil,Lockheed 18 LodestarPP SAC,Near Pelotas Brazil,S.A. Gaucha Aerea Viacao,0,12,1,January,1949-01-11,12,0,0.0,1.0,12,Lockheed 18,12,1949-01
1959,Qtr 1,January,11,Brazil,Lockheed L 1049G Super ConstillationD ALAK,Rio de Janerio Brazil,Lufthansa,0,39,1,January,1959-01-11,36,3,7.6923076923076925,0.9230769230769231,36,Lockheed L 1049G Super,36,1959-01
1941,Qtr 1,January,15,Brazil,Savoia Marchetti SM,Off Fernando de Noronha Brazil,LATI,0,10,1,January,1941-01-15,10,0,0.0,1.0,10,Savoia,10,1941-01
1947,Qtr 1,January,3,Brazil,Sikorsky S 43B (flying boat)PP,Sao Paulo Brazil,Brasil do Panair,0,14,1,January,1947-01-03,11,3,21.428571428571427,0.7857142857142857,11,Sikorsky,11,1947-01
1993,Qtr 1,January,14,British,Douglas C 47AC,Near Bronson Creek British Canada,Colombia Central Mountain Air Services,0,2,1,January,1993-01-14,2,0,0.0,1.0,2,Douglas,2,1993-01
1999,Qtr 1,January,13,British,Douglas DC 3CC,Mayne Island British,Canada Columbia Kelowna Flightcraft Air Charter,0,2,1,January,1999-01-13,2,0,0.0,1.0,2,Douglas,2,1999-01
1984,Qtr 1,January,10,Bulgaria,Tupolev TU 134ALZ,Sofia Bulgaria,Airlines Bulgarian Balkan,0,50,1,January,1984-01-10,50,0,0.0,1.0,50,Tupolev,50,1984-01
1980,Qtr 1,January,24,Burma,Fairchild FH 227H5003,Near Mandalay Burma,Force Air Burma of Union - Military,0,44,1,January,1980-01-24,43,1,2.272727272727273,0.9772727272727273,43,Fairchild,43,1980-01
1995,Qtr 1,January,14,California,Bell 206BN2209P,Los Angeles California,Ltd. Aviation Air Wolfe - Taxi Air,0,4,1,January,1995-01-14,2,2,50.0,0.5,2,Bell,2,1995-01
1937,Qtr 1,January,12,California,Boeing 247DNC13315,Near Newhall California,Express Air Western,0,13,1,January,1937-01-12,5,8,61.53846153846154,0.38461538461538464,5,Boeing,5,1937-01
1969,Qtr 1,January,18,California,Boeing B 727,Off Los Angeles California,Lines Air United,0,38,1,January,1969-01-18,38,0,0.0,1.0,38,Boeing,38,1969-01
1959,Qtr 1,January,14,California,Curtiss C 46FN1240N,Panther Peak California,Freight Air California,0,2,1,January,1959-01-14,2,0,0.0,1.0,2,Curtiss,2,1959-01
1975,Qtr 1,January,9,California,de Hav Can. DHC 6 Tw Otter 100/ CessnaN6383,Whittier California,Private / Airlines West Golden,0,14,1,January,1975-01-09,14,0,0.0,1.0,14,de Hav Can.,14,1975-01
1948,Qtr 1,January,28,California,Douglas DC 3 (C,Diablo Mts. California,Carriers Transport Airline,0,32,1,January,1948-01-28,32,0,0.0,1.0,32,Douglas,32,1948-01
1945,Qtr 1,January,10,California,Douglas DC 3NC25684,Burbank California,Airlines American,0,24,1,January,1945-01-10,24,0,0.0,1.0,24,Douglas,24,1945-01
1957,Qtr 1,January,31,California,Douglas DC 7B / U.S. Air Force F,Near Sunland California,Aircraft Douglas,3,6,1,January,1957-01-31,5,1,16.666666666666664,0.8333333333333334,8,Douglas,8,1957-01
1954,Qtr 1,January,13,California,F 88 Sabre Jet?,Signal Hill California,Force Air U.S. - Military,6,1,1,January,1954-01-13,1,0,0.0,1.0,7,F,7,1954-01
1930,Qtr 1,January,19,California,Ford 5 AT,Oceanside California,Airlines Maddux,0,16,1,January,1930-01-19,16,0,0.0,1.0,16,Ford,16,1930-01
1977,Qtr 1,January,6,California,Gates Learjet 24BN12MK,Near Palm Springs California,Charter Avia Jet,0,4,1,January,1977-01-06,4,0,0.0,1.0,4,Gates Learjet,4,1977-01
1943,Qtr 1,January,21,California,Martin M 130 (flying boat)NC14715,Ukiah California,Airways World American Pan,0,19,1,January,1943-01-21,19,0,0.0,1.0,19,Martin,19,1943-01
1969,Qtr 1,January,13,California,McDonnell Douglas DC 8,Off Los Angeles California,(SAS) Airlines Scandinavian,0,45,1,January,1969-01-13,15,30,66.66666666666666,0.3333333333333333,15,McDonnell Douglas,15,1969-01
2000,Qtr 1,January,31,California,McDonnell Douglas MD 83N963AS,Off Point Mugu California,Airlines Alaska,0,88,1,January,2000-01-31,88,0,0.0,1.0,88,McDonnell Douglas,88,2000-01
1932,Qtr 1,January,29,California,Stinson SM 6000BNC10813,Lebec California,Lines Pacific Century,0,8,1,January,1932-01-29,8,0,0.0,1.0,8,Stinson,8,1932-01
1930,Qtr 1,January,2,California?,??,Off Venice California?,Unknown Operator,0,10,1,January,1930-01-02,10,0,0.0,1.0,10,??,10,1930-01
1999,Qtr 1,January,12,Channel,Fokker F 27 Friendship 600G,Guernsey Channel,England Islands Channel Express,0,2,1,January,1999-01-12,2,0,0.0,1.0,2,Fokker,2,1999-01
1976,Qtr 1,January,21,China,Antonov AN 24B,Near Shanghai China,CAAC,0,40,1,January,1976-01-21,40,0,0.0,1.0,40,Antonov,40,1976-01
1985,Qtr 1,January,18,China,Antonov AN 24BB,Jinan China,CAAC,0,41,1,January,1985-01-18,38,3,7.317073170731707,0.926829268292683,38,Antonov,38,1985-01
1947,Qtr 1,January,5,China,Curtis C 46XT,Tsingtao China,Corporation Aviation National China,0,43,1,January,1947-01-05,43,0,0.0,1.0,43,Curtiss,43,1947-01
1947,Qtr 1,January,28,China,Curtiss C 46?,Near Hankow China,Corporation Aviation National China,0,26,1,January,1947-01-28,25,1,3.8461538461538463,0.9615384615384616,25,Curtiss,25,1947-01
1948,Qtr 1,January,20,China,Curtiss C 46?,Near Mukden China,Corporation Aviation National China,0,54,1,January,1948-01-20,11,43,79.62962962962963,0.2037037037037037,11,Curtiss,11,1948-01
1946,Qtr 1,January,9,China,Douglas C 47?,Changchun China,Force Air Chinese - Military,0,18,1,January,1946-01-09,18,0,0.0,1.0,18,Douglas,18,1946-01
1945,Qtr 1,January,16,China,Douglas C 47?,Near Kunming China,Corporation Aviation National China,0,3,1,January,1945-01-16,3,0,0.0,1.0,3,Douglas,3,1945-01
1947,Qtr 1,January,25,China,Douglas DC 3?,Chongqing China,Corporation Aviation National China,0,19,1,January,1947-01-25,19,0,0.0,1.0,19,Douglas,19,1947-01
1947,Qtr 1,January,11,China,Douglas DC 4 (C,Off Laoag China,Transport Air Eastern Far,0,42,1,January,1947-01-11,7,35,83.33333333333334,0.16666666666666666,7,Douglas,7,1947-01
1941,Qtr 1,January,20,China,Ford 5 AT Tri,Near Kian China,Corporation Aviation National China,0,6,1,January,1941-01-20,5,1,16.666666666666664,0.8333333333333334,5,Ford,5,1941-01
2001,Qtr 1,January,4,China,Shaanxi Yunshuji Y 8/Yunshuji Y,Zheng Zou AB China,Army Liberation People's - Military,6,16,1,January,2001-01-04,16,0,0.0,1.0,22,Shaanxi Yunshuji,22,2001-01
2005,Qtr 1,January,13,Colombia,Black Hawk helicopter?,Manguipayan Colombia,government Colombian - Military,0,20,1,January,2005-01-13,20,0,0.0,1.0,20,Black Hawk,20,2005-01
2002,Qtr 1,January,28,Colombia,Boeing B 727,Near Ipiales Colombia,TAME,0,92,1,January,2002-01-28,92,0,0.0,1.0,92,Boeing,92,2002-01
1955,Qtr 1,January,31,Colombia,Consolidated PBY 5 CatalinaHK,Lapadrera Colombia,Aviacion de Interamericana,0,5,1,January,1955-01-31,5,0,0.0,1.0,5,Consolidated,5,1955-01
1985,Qtr 1,January,23,Colombia,de Havilland Canada DHC 6 Twin Otter 300HK,Cerro el Plateado Colombia,Colombia de Centrales Aerolineas,0,23,1,January,1985-01-23,23,0,0.0,1.0,23,de Havilland Canada,23,1985-01
1972,Qtr 1,January,21,Colombia,Douglas C 47FAC,Near Betania Colombia,SATENA - Miliitary,0,39,1,January,1972-01-21,39,0,0.0,1.0,39,Douglas,39,1972-01
1947,Qtr 1,January,22,Colombia,Douglas DC 3 ( C,Puesto Araujo Colombia,Avianca,0,17,1,January,1947-01-22,17,0,0.0,1.0,17,Douglas,17,1947-01
1974,Qtr 1,January,17,Colombia,Douglas DC 3AHK,Cigorodo Colombia,Cessnyca,0,14,1,January,1974-01-17,14,0,0.0,1.0,14,Douglas,14,1974-01
1975,Qtr 1,January,8,Colombia,Douglas DC 3FAC,Near Doncello Colombia,Satena,0,21,1,January,1975-01-08,21,0,0.0,1.0,21,Douglas,21,1975-01
1954,Qtr 1,January,11,Colombia,Douglas DC 3HK,Manizales Colombia,Avianca,0,21,1,January,1954-01-11,21,0,0.0,1.0,21,Douglas,21,1954-01
1978,Qtr 1,January,27,Colombia,Douglas DC 3HK,Near San Vincente Colombia,SADELCA,0,14,1,January,1978-01-27,14,0,0.0,1.0,14,Douglas,14,1978-01
1966,Qtr 1,January,15,Colombia,Douglas DC 6,Off Cartagena Colombia,Avianca,0,64,1,January,1966-01-15,56,8,12.5,0.875,56,Douglas,56,1966-01
1985,Qtr 1,January,23,Colombia,Embraer 110P1 BandeiranteHK 2638,Near Buga Colombia,Colombia AIRES,0,17,1,January,1985-01-23,17,0,0.0,1.0,17,Embraer 110P1,17,1985-01
1974,Qtr 1,January,9,Colombia,Hawker Siddeley HS 748 260FAC,Near Nevia Colombia,Satena,0,31,1,January,1974-01-09,31,0,0.0,1.0,31,Hawker Siddeley,31,1974-01
1936,Qtr 1,January,14,Colombia,Junkers JU 52624,Tres Esquinas Colombia,Colombiana Aerea Fuerza - Military,0,16,1,January,1936-01-14,13,3,18.75,0.8125,13,Junkers,13,1936-01
1995,Qtr 1,January,11,Colombia,McDonnell Douglas DC 9,Cartagena Colombia,Aviacion de Intercontinental,0,52,1,January,1995-01-11,51,1,1.9230769230769231,0.9807692307692307,51,McDonnell Douglas,51,1995-01
2001,Qtr 1,January,31,Colombia,Sud Aviation SE 210 Caravelle 10RHK,El Yopal Colombia,Suramericanas Aereas Lineas,0,6,1,January,2001-01-31,3,3,50.0,0.5,3,Sud Aviation,3,2001-01
1972,Qtr 1,January,21,Colombia,Vickers Viscount 837HK 1347,Near Funza Colombia,Urraca La Aéreas Lineas,0,20,1,January,1972-01-21,20,0,0.0,1.0,20,Vickers Viscount,20,1972-01
2001,Qtr 1,January,27,Colorado,Beech King Air 200 CatpassN81PF,Byers Colorado,Charter Bay North,0,10,1,January,2001-01-27,10,0,0.0,1.0,10,Beech King Air 200,10,2001-01
1990,Qtr 1,January,17,Colorado,Cessna 208A Caravan I CargomasterN835FE,Near Leadville Colorado,Express Federal,0,1,1,January,1990-01-17,1,0,0.0,1.0,1,Cessna 208A Caravan I,1,1990-01
1988,Qtr 1,January,19,Colorado,Swearingen SA.227AC MetroN68TC,Bayfield Colorado,Express Continental / AL Colorado Trans,0,17,1,January,1988-01-19,9,8,47.05882352941176,0.5294117647058824,9,Swearingen SA.227AC,9,1988-01
1968,Qtr 1,January,27,Comoro,de Havilland DH 114 Heron 1BF,Moroni Comoro,Comores IslandsAir,0,16,1,January,1968-01-27,15,1,6.25,0.9375,15,De Havilland,15,1968-01
2012,Qtr 1,January,30,Congo,Antonov AN 289Q,Namoya Congo,Aviation Congo TRACEP,0,5,1,January,2012-01-30,3,2,40.0,0.6,3,Antonov,3,2012-01
1990,Qtr 1,January,27,Congo,Nord 262C 66TN,Near Kinkala Congo,Force Air Congolese - Military,0,28,1,January,1990-01-27,28,0,0.0,1.0,28,Nord,28,1990-01
1946,Qtr 1,January,18,Connecticut,Douglas DC 3,Cheshire Connecticut,Lines Air Eastern,0,17,1,January,1946-01-18,17,0,0.0,1.0,17,Douglas,17,1946-01
1929,Qtr 1,January,5,Connecticut,Fairchild FC 2NC5650,Stafford Springs Connecticut,Transport Air Colonial,0,1,1,January,1929-01-05,1,0,0.0,1.0,1,Fairchild,1,1929-01
1936,Qtr 1,January,21,Corsica,CAMS 53F AJIR,Off Ajaccio Corsica,France Air France,0,6,1,January,1936-01-21,6,0,0.0,1.0,6,Cams,6,1936-01
1990,Qtr 1,January,15,Costa,CASA 212 Aviocar 200TI SAB,Pico Blanco Costa,RicaSANSA,0,23,1,January,1990-01-15,23,0,0.0,1.0,23,CASA 212 Aviocar,23,1990-01
2000,Qtr 1,January,15,Costa,Let 410UVP EYS,San Jose Costa,RicaTACA,0,20,1,January,2000-01-15,5,15,75.0,0.25,5,Let,5,2000-01
1955,Qtr 1,January,12,Covington,Martin 202A / DC 3N93211/N999B,Greater Cincinnati Airport Covington,Kentucky Trans World Airlines / Castleton Inc.,0,15,1,January,1955-01-12,15,0,0.0,1.0,15,Martin 202A /,15,1955-01
1985,Qtr 1,January,19,Cuba,Ilyushin IL 18DCU,Havana Cuba,Aviacion de Cubana,0,38,1,January,1985-01-19,38,0,0.0,1.0,38,Ilyushin,38,1985-01
1966,Qtr 1,January,9,Cundinamarca,DC3(C47)FAC 675,Chipaque Cundinamarca,Colombia Satena,0,11,1,January,1966-01-09,11,0,0.0,1.0,11,DC3(C47)FAC,11,1966-01
1973,Qtr 1,January,29,Cyprus,Ilyushin IL 18DSU,Near Kyrenia Cyprus,Egyptair,0,37,1,January,1973-01-29,37,0,0.0,1.0,37,Ilyushin,37,1973-01
1954,Qtr 1,January,12,Czech,Douglas C 47 Skytrain (DC,Prague Czech,Airlines RepublicCzech,0,18,1,January,1954-01-12,13,5,27.77777777777778,0.7222222222222222,13,Douglas,13,1954-01
1998,Qtr 1,January,13,Czech,Let 410UVPYV 928CP,Brno Czech,International RepublicAeroservice,0,2,1,January,1998-01-13,2,0,0.0,1.0,2,Let,2,1998-01
1972,Qtr 1,January,26,Czech,McDonnell Douglas DC 9,Near Srbská Kamenice Czech,Airlines Yugoslav RepublicJAT,0,28,1,January,1972-01-26,27,1,3.571428571428571,0.9642857142857143,27,McDonnell Douglas,27,1972-01
1961,Qtr 1,January,2,Czechoslovakia,Avia 14OK MCZ,Ruzyne Czechoslovakia,Aerolinie Ceskoslovenske,0,10,1,January,1961-01-02,10,0,0.0,1.0,10,Avia,10,1961-01
1956,Qtr 1,January,18,Czechoslovakia,Douglas DC 3OK,Torysa Czechoslovakia,Aerolinie Ceskoslovenske,0,26,1,January,1956-01-18,22,4,15.384615384615385,0.8461538461538461,22,Douglas,22,1956-01
1982,Qtr 1,January,13,D.C.Air,Boeing B 737,Washington D.C.Air,Florida,4,79,1,January,1982-01-13,74,5,6.329113924050633,0.9367088607594937,78,Boeing,78,1982-01
1993,Qtr 1,January,27,Democratic,Nord 262A 449Q,Kinshasa Democratic,Airlift Service CongoTrans Republic,0,21,1,January,1993-01-27,3,18,85.71428571428571,0.14285714285714285,3,Nord,3,1993-01
1947,Qtr 1,January,26,Denmark,Douglas C C47A,Copenhagen Denmark,Airlines Dutch Royal KLM,0,22,1,January,1947-01-26,22,0,0.0,1.0,22,Douglas,22,1947-01
1975,Qtr 1,January,30,Dominican,Douglas DC 3,Santo Domingo Dominican,Nacional Aérea RepublicLinea,0,30,1,January,1975-01-30,2,28,93.33333333333333,0.06666666666666667,2,Douglas,2,1975-01
1948,Qtr 1,January,11,Dominican,Douglas DC 3HI,Ciudad Havajillo Dominican,RepublicDominicana,0,32,1,January,1948-01-11,32,0,0.0,1.0,32,Douglas,32,1948-01
1943,Qtr 1,January,15,Dutch,Douglas C 54A42,Near Paramarino Dutch,Forces Air Army U.S. - GuyanaMilitary,0,35,1,January,1943-01-15,35,0,0.0,1.0,35,Douglas,35,1943-01
2003,Qtr 1,January,31,East,Ilyushin II 76TDRDPL,Baucau East,Aviation Asia TimorEuro,0,6,1,January,2003-01-31,6,0,0.0,1.0,6,Ilyushin,6,2003-01
2002,Qtr 1,January,17,Ecuador,Fairchild FH 227EHC,Near La Bonita Ecuador,Petroproducción,0,26,1,January,2002-01-17,26,0,0.0,1.0,26,Fairchild,26,2002-01
1976,Qtr 1,January,20,Ecuador,Hawker Siddeley HS 748,Near Loja Ecuador,TAME,0,42,1,January,1976-01-20,34,8,19.047619047619047,0.8095238095238095,34,Hawker Siddeley,34,1976-01
2004,Qtr 1,January,3,Egypt,Boeing B 737,Off Sharm el Sheikh Egypt,Air Flash,0,148,1,January,2004-01-03,148,0,0.0,1.0,148,Boeing,148,2004-01
1949,Qtr 1,January,15,Egypt,Douglas C 54 SkymasterZS,Ras-el-Tin Egypt,Charter Air African Pan,0,30,1,January,1949-01-15,30,0,0.0,1.0,30,Douglas,30,1949-01
1968,Qtr 1,January,15,Egypt,Douglas DC 3SU,Zifta Egypt,Airlines Arab United,0,4,1,January,1968-01-15,4,0,0.0,1.0,4,Douglas,4,1968-01
2008,Qtr 1,January,17,England,Boeing 777 236ERG,London England,Airways British,0,152,1,January,2008-01-17,0,152,100.0,0.0,0,Boeing,0,2008-01
1989,Qtr 1,January,8,England,Boeing B 737,Leicestershire England,Airways Midland British,0,126,1,January,1989-01-08,47,79,62.698412698412696,0.373015873015873,47,Boeing,47,1989-01
2002,Qtr 1,January,4,England,Canadair CL 604 N90AG,Birmingham England,Corp Agco,0,5,1,January,2002-01-04,5,0,0.0,1.0,5,Canadair,5,2002-01
1947,Qtr 1,January,11,England,Douglas C 47A,Near Lympne England,Airways Overseas British,0,16,1,January,1947-01-11,8,8,50.0,0.5,8,Douglas,8,1947-01
1993,Qtr 1,January,13,England,Embraer 110P1 BandeiranteG ZAPE,Sellafield England,Airways Titan,0,2,1,January,1993-01-13,2,0,0.0,1.0,2,Embraer 110P1,2,1993-01
1954,Qtr 1,January,6,England,Vickers ValettaWJ474,Near Aldbury England,Force Air -Royal Military,0,17,1,January,1954-01-06,16,1,5.88235294117647,0.9411764705882353,16,Vickers,16,1954-01
1948,Qtr 1,January,6,England,Vickers 610 Viking 1BG AHPK,Ruislip England,Airways European British,0,18,1,January,1948-01-06,1,17,94.44444444444444,0.05555555555555555,1,Vickers 610 Viking,1,1948-01
1987,Qtr 1,January,2,Equatorial,CASA 212 100T,Off Bata Equatorial,Force. Air Spanish - GuineaMilitary,0,22,1,January,1987-01-02,22,0,0.0,1.0,22,CASA,22,1987-01
1987,Qtr 1,January,13,Ethiopia,Antonov AN 12?,Near Asmara Ethiopia,Force Air Ethiopian - Military,0,54,1,January,1987-01-13,54,0,0.0,1.0,54,Antonov,54,1987-01
1982,Qtr 1,January,14,Ethiopia,Antonov AN 2671383,Near Addis Ababa Ethiopia,Force Air Ethiopian - Military,0,73,1,January,1982-01-14,73,0,0.0,1.0,73,Antonov,73,1982-01
1962,Qtr 1,January,13,Ethiopia,Douglas DC 3ET,Near Tippi Ethiopia,Airlines Ethiopian,1,18,1,January,1962-01-13,5,13,72.22222222222221,0.2777777777777778,6,Douglas,6,1962-01
1961,Qtr 1,January,3,Finland,Douglas DC 3OH,Koivulahti Finland,Finnair,0,25,1,January,1961-01-03,25,0,0.0,1.0,25,Douglas,25,1961-01
1934,Qtr 1,January,20,France,Breguet 280TF AJKX,Carombe France,France Air,0,2,1,January,1934-01-20,2,0,0.0,1.0,2,Breguet,2,1934-01
1995,Qtr 1,January,20,France,Dassault Falcon 20EF GHLN,Le Bourget France,Charter - Leadair,0,10,1,January,1995-01-20,10,0,0.0,1.0,10,Dassault Falcon,10,1995-01
1993,Qtr 1,January,6,France,de Havilland Canada DHC 8,Paris France,Cityline Lufthansa,0,23,1,January,1993-01-06,4,19,82.6086956521739,0.17391304347826086,4,de Havilland Canada,4,1993-01
1934,Qtr 1,January,15,France,Dewoitine D 332F,Corbigny France,France Air,0,14,1,January,1934-01-15,14,0,0.0,1.0,14,Dewoitine,14,1934-01
1946,Qtr 1,January,15,France,Douglas C 47 DakotaKN557,Marseilles France,Force Air -Royal Military,0,25,1,January,1946-01-15,23,2,8.0,0.92,23,Douglas,23,1946-01
1946,Qtr 1,January,30,France,Douglas C 47BKN500,Near Le Mans France,Force Air Royal - Military,0,11,1,January,1946-01-30,11,0,0.0,1.0,11,Douglas,11,1946-01
1956,Qtr 1,January,28,France,Douglas C 47F,Lyon France,France Air,0,3,1,January,1956-01-28,3,0,0.0,1.0,3,Douglas,3,1956-01
1939,Qtr 1,January,7,France,Douglas DC 2,Paris France,Swissair,0,17,1,January,1939-01-07,5,12,70.58823529411765,0.29411764705882354,5,Douglas,5,1939-01
1948,Qtr 1,January,6,France,Douglas DC 3DF,Paris France,France Air,0,16,1,January,1948-01-06,16,0,0.0,1.0,16,Douglas,16,1948-01
2007,Qtr 1,January,25,France,Fokker 100F GMPG,Pau France,Europeenne Aerienne Compagnie Regional,1,54,1,January,2007-01-25,0,54,100.0,0.0,1,Fokker,1,2007-01
1979,Qtr 1,January,27,France,Fokker F 27 Friendship 500F,Rodez France,Rouergue Air,0,6,1,January,1979-01-27,5,1,16.666666666666664,0.8333333333333334,5,Fokker,5,1979-01
1927,Qtr 1,January,12,France,Fokker F VIIG,Estaires France,Fokker,0,0,1,January,1927-01-12,0,0,Unknown,Unknown,0,Fokker,0,1927-01
1922,Qtr 1,January,14,France,Handley Page O/10G EATN,Paris France,Transport Page Handley,5,5,1,January,1922-01-14,5,0,0.0,1.0,10,Handley Page,10,1922-01
1923,Qtr 1,January,10,France,Lioré et,Ajaccio France,l'Air de Amee,0,4,1,January,1923-01-10,3,1,25.0,0.75,3,Lioré,3,1923-01
1971,Qtr 1,January,21,France,Nord 262A 34F,Near Privas France,L'Air de L'Armée,0,21,1,January,1971-01-21,21,0,0.0,1.0,21,Nord,21,1971-01
1957,Qtr 1,January,29,France,SNCASE SE.2010 ArmagnacF BAVG,Paris France,France Air,0,70,1,January,1957-01-29,2,68,97.14285714285714,0.02857142857142857,2,SNCASE SE.2010,2,1957-01
1966,Qtr 1,January,24,French,Boeing B 707,Mont Blanc French,Switzerland Alps Air India,0,117,1,January,1966-01-24,117,0,0.0,1.0,117,Boeing,117,1966-01
2003,Qtr 1,January,17,Gabon,Antonov 24BER AFT,Near Ndjolé Gabon,Aerocom,0,7,1,January,2003-01-17,7,0,0.0,1.0,7,Antonov,7,2003-01
1948,Qtr 1,January,7,Georgia,Douglas DC 3N60331,Near Savannah Georgia,Lines Air Coastal,0,27,1,January,1948-01-07,18,9,33.33333333333333,0.6666666666666666,18,Douglas,18,1948-01
1933,Qtr 1,January,20,Georgia,Stearman 4N490W,Marietta Georgia,Airways American,0,1,1,January,1933-01-20,1,0,0.0,1.0,1,Stearman,1,1933-01
1999,Qtr 1,January,13,Germany,Boeing KC 135E59,Geilenkirchen Germany,Guard National Air German - Military,0,4,1,January,1999-01-13,4,0,0.0,1.0,4,Boeing,4,1999-01
1966,Qtr 1,January,28,Germany,Convair CV 440,Bremen Germany,Lufthansa,0,46,1,January,1966-01-28,46,0,0.0,1.0,46,Convair,46,1966-01
1938,Qtr 1,January,4,Germany,Junkers JU 38D,Frankfurt Germany,Lufthansa,0,6,1,January,1938-01-04,6,0,0.0,1.0,6,Junkers,6,1938-01
1935,Qtr 1,January,31,Germany,Junkers JU 52/3mD,Stettin Germany,Deruluft,0,11,1,January,1935-01-31,11,0,0.0,1.0,11,Junkers,11,1935-01
1929,Qtr 1,January,25,Greece,CMASA WalI AZDA,Near Corfu Greece,Aeroespresso,0,9,1,January,1929-01-25,2,7,77.77777777777779,0.2222222222222222,2,CMASA,2,1929-01
1962,Qtr 1,January,12,Greenland,Lockheed P2V Neptune131521,Kronborg Glacier Greenland,Navy US - Military,0,12,1,January,1962-01-12,12,0,0.0,1.0,12,Lockheed,12,1962-01
1959,Qtr 1,January,6,Guatemala,Douglas DC 3XH,Mt. Pena Blanca Guatemala,Airlines Sahsa,0,5,1,January,1959-01-06,5,0,0.0,1.0,5,Douglas,5,1959-01
1986,Qtr 1,January,18,Guatemala,Sud Aviation Caravelle VI,Near Peten Guatemala,SA Guatemala de Aerovias,0,94,1,January,1986-01-18,94,0,0.0,1.0,94,Sud,94,1986-01
1966,Qtr 1,January,22,Haiti,Douglas DC 3N4662,Port-au-Prince Haiti,COHATA,0,35,1,January,1966-01-22,30,5,14.285714285714285,0.8571428571428571,30,Douglas,30,1966-01
1973,Qtr 1,January,27,Honduras,Douglas DC 6AHR,Near Tegucigalpa Honduras,TAN,0,3,1,January,1973-01-27,3,0,0.0,1.0,3,Douglas,3,1973-01
1985,Qtr 1,January,22,Honduras,Lockheed C 130A56,Off Puerto Castilla Honduras,Force Air U.S. - Military,0,21,1,January,1985-01-22,21,0,0.0,1.0,21,Lockheed,21,1985-01
1969,Qtr 1,January,5,Horley,Boeing B 727,Gatwick Airport Horley,Surrey,2,62,1,January,1969-01-05,48,14,22.58064516129032,0.7741935483870968,50,Boeing,50,1969-01
1975,Qtr 1,January,15,Hunary,Ilyushin IL 18VHA,Budapest Hunary,Airlines Hungarian Malev,0,9,1,January,1975-01-15,9,0,0.0,1.0,9,Ilyushin,9,1975-01
2006,Qtr 1,January,19,Hungary,Antonov AN 24V5605,Near Telkibanya Hungary,Force Air Slovak - Military,0,43,1,January,2006-01-19,42,1,2.3255813953488373,0.9767441860465116,42,Antonov,42,2006-01
1941,Qtr 1,January,17,Hungary,Junkers JU 52/3mHA,Near Nagyvarad Hungary,Airlines Malert,0,16,1,January,1941-01-17,12,4,25.0,0.75,12,Junkers,12,1941-01
2005,Qtr 1,January,27,Hungary,Let 410UVP E4HA,Lasi Hungary,Hungary Farnair,0,2,1,January,2005-01-27,2,0,0.0,1.0,2,Let,2,2005-01
1951,Qtr 1,January,31,Iceland,Douglas DC 3TF,Off Hafnarfjorour Iceland,Icelandair,0,20,1,January,1951-01-31,20,0,0.0,1.0,20,Douglas,20,1951-01
1953,Qtr 1,January,7,Idaho,Curtiss C 46N1648M,Fish Haven Idaho,Transport Air Associated,0,40,1,January,1953-01-07,40,0,0.0,1.0,40,Curtiss,40,1953-01
1932,Qtr 1,January,21,Ilinois,Stinson SM 2ANC443H,Colvin Park Ilinois,Airways Northwest,0,1,1,January,1932-01-21,1,0,0.0,1.0,1,Stinson,1,1932-01
1945,Qtr 1,January,6,India,Douglas C 4777,Near Dinjan India,Corporation Aviation National China,0,4,1,January,1945-01-06,4,0,0.0,1.0,4,Douglas,4,1945-01
1960,Qtr 1,January,3,India,Douglas C 47AVT,Taksing India,Airlines Indian,0,9,1,January,1960-01-03,9,0,0.0,1.0,9,Douglas,9,1960-01
1949,Qtr 1,January,16,India,Douglas DC 3VT,Near Srinagar India,Airways Jain Dalmia,0,13,1,January,1949-01-16,13,0,0.0,1.0,13,Douglas,13,1949-01
1970,Qtr 1,January,25,India,Fokker F 27 Friendship 2009N,Near Delhi India,Airlines Nepal Royal,0,23,1,January,1970-01-25,1,22,95.65217391304348,0.043478260869565216,1,Fokker,1,1970-01
1984,Qtr 1,January,30,Indiana,Swearingen SA.226TC Metro IIN63Z,Terre Haute Indiana,Airways Britt,0,3,1,January,1984-01-30,3,0,0.0,1.0,3,Swearingen SA.226TC Metro,3,1984-01
2021,Qtr 1,January,9,Indonesia,Boeing 737 524PK,Near Jakarta Indonesia,Air Sriwijaya,0,62,1,January,2021-01-09,62,0,0.0,1.0,62,Boeing,62,2021-01
2002,Qtr 1,January,16,Indonesia,Boeing B 737,Near Solo Indonesia,Airlines Indonesia Garuda,0,62,1,January,2002-01-16,1,61,98.38709677419355,0.016129032258064516,1,Boeing,1,2002-01
2007,Qtr 1,January,1,Indonesia,Boeing B 737,Off Parepare Indonesia,Air Adam,0,102,1,January,2007-01-01,102,0,0.0,1.0,102,Boeing,102,2007-01
2001,Qtr 1,January,8,Indonesia,CASA 212 MP Aviocar 200U,Near Silimo Indonesia,Navy Indonesia Nasional Tentara - Military,0,9,1,January,2001-01-08,9,0,0.0,1.0,9,CASA,9,2001-01
2008,Qtr 1,January,26,Indonesia,CASA NC 212,Near Malinau Indonesia,Service Air Dirgantara,0,3,1,January,2008-01-26,3,0,0.0,1.0,3,CASA,3,2008-01
1991,Qtr 1,January,30,Indonesia,CASA 212 Aviocar 200PK NCY,Jalaludin Indonesia,Airlines Nusantara Merpati,0,21,1,January,1991-01-30,1,20,95.23809523809523,0.047619047619047616,1,CASA 212 Aviocar,1,1991-01
1990,Qtr 1,January,2,Indonesia,CASA 212 Aviocar 200PK PCM,Java Sea Indonesia,Service Air Pelita,0,16,1,January,1990-01-02,9,7,43.75,0.5625,9,CASA 212 Aviocar,9,1990-01
1945,Qtr 1,January,23,Indonesia,Consolidated LiberatorA72 70,Timor Indonesia,Force Air Australian Royal - Military,0,11,1,January,1945-01-23,11,0,0.0,1.0,11,Consolidated,11,1945-01
1961,Qtr 1,January,24,Indonesia,Douglas DC 3PK,Mt. Burangrang Indonesia,Airlines Indonesia Garuda,0,21,1,January,1961-01-24,21,0,0.0,1.0,21,Douglas,21,1961-01
1993,Qtr 1,January,9,Indonesia,Hawker Siddeley HS 748,Surabaya Indonesia,Airlines Indonesia Bouraq,0,44,1,January,1993-01-09,17,27,61.36363636363637,0.38636363636363635,17,Hawker Siddeley,17,1993-01
1942,Qtr 1,January,20,Indonesia,Lockheed HudsonA16 79,Kupang Indonesia,Force Air Australian Royal - Military,0,11,1,January,1942-01-20,11,0,0.0,1.0,11,Lockheed,11,1942-01
1940,Qtr 1,January,22,Indonesia,Lockheed 14 Super ElectraPK AFO,Denpasar Indonesia,KNILM,0,9,1,January,1940-01-22,8,1,11.11111111111111,0.8888888888888888,8,Lockheed 14 Super,8,1940-01
1993,Qtr 1,January,31,Indonesia,Shorts SC 7 Skyvan 3,Sumatra Indonesia,Transport Air Malaysian Pan,0,16,1,January,1993-01-31,16,0,0.0,1.0,16,Short,16,1993-01
1995,Qtr 1,January,10,Inodnesia,de Havilland Canada DHC 6 Twin Otter 300PK,Off Flores Island Inodnesia,Airlines Nusantara Merpati,0,14,1,January,1995-01-10,14,0,0.0,1.0,14,de Havilland Canada,14,1995-01
2013,Qtr 1,January,2,Iowa,Bell 407N445MT,Near Clear Lake Iowa,Corporaion Med-Trans,0,3,1,January,2013-01-02,3,0,0.0,1.0,3,Bell,3,2013-01
1955,Qtr 1,January,19,Iowa,Convair CV 340N73154,Des Moines Iowa,Lines Air United,0,39,1,January,1955-01-19,0,39,100.0,0.0,0,Convair,0,1955-01
2019,Qtr 1,January,14,Iran,Boeing 707 3J9CEP,Karaj Iran,Air Saha,0,16,1,January,2019-01-14,15,1,6.25,0.9375,15,Boeing,15,2019-01
2020,Qtr 1,January,8,Iran,Boeing 737 8KV WLUR,Near Shahriah Iran,Airlines International Ukraine,0,176,1,January,2020-01-08,176,0,0.0,1.0,176,Boeing,176,2020-01
2011,Qtr 1,January,9,Iran,Boeing B 727,Orumiyeh Iran,Air Iran,0,105,1,January,2011-01-09,77,28,26.666666666666668,0.7333333333333333,77,Boeing,77,2011-01
2006,Qtr 1,January,9,Iran,Dassault Falcon 2015 2233,Near Orumiyeh Iran,Force Air Corps Guard Revolutionary Iranian - Military,0,11,1,January,2006-01-09,11,0,0.0,1.0,11,Dassault Falcon,11,2006-01
1995,Qtr 1,January,5,Iran,Lockheed 1329 Jetstar 81003,Isfahan Iran,Force Air Iranian - Military,0,12,1,January,1995-01-05,12,0,0.0,1.0,12,Lockheed 1329 Jetstar,12,1995-01
2007,Qtr 1,January,9,Iraq,Antonov 26B 100ER,Near Balad Air Base Iraq,Cargo Air Aeriantur-M Moldovan,0,35,1,January,2007-01-09,34,1,2.857142857142857,0.9714285714285714,34,Antonov,34,2007-01
2005,Qtr 1,January,26,Iraq,CH53E Sea Stallion164536,Rutbah Iraq,Marines U.S. - Military,0,31,1,January,2005-01-26,31,0,0.0,1.0,31,CH53E Sea,31,2005-01
2005,Qtr 1,January,30,Iraq,Lockheed Hercules C.1XV179,Near Al Taji Iraq,Force Air Royal - Military,0,10,1,January,2005-01-30,10,0,0.0,1.0,10,Lockheed Hercules,10,2005-01
2007,Qtr 1,January,20,Iraq,Sikorsky UH 60L Black Hawk?,Near Baghdad Iraq,Army US - Military,0,12,1,January,2007-01-20,12,0,0.0,1.0,12,Sikorsky,12,2007-01
2006,Qtr 1,January,7,Iraq,UH 60L Black Hawk91,Near Tal Afar Iraq,Army US - Military,0,12,1,January,2006-01-07,12,0,0.0,1.0,12,UH,12,2006-01
1955,Qtr 1,January,11,Ireland,Avro Shackleton M 2 / Avro Shakleton M,Off Skellings Ireland,Force Air -Royal Military,0,18,1,January,1955-01-11,18,0,0.0,1.0,18,Avro Shackleton,18,1955-01
1952,Qtr 1,January,10,Ireland,Douglas DC 3EI,Com Edno Ireland,Lingus Aer,0,23,1,January,1952-01-10,23,0,0.0,1.0,23,Douglas,23,1952-01
1959,Qtr 1,January,27,Italy,Avro 688G AGRG,Brindisi Italy,Charter Air,0,6,1,January,1959-01-27,2,4,66.66666666666666,0.3333333333333333,2,Avro,2,1959-01
1954,Qtr 1,January,10,Italy,de Havilland DH106 Comet 1G ALYP,Off Elba Italy,Airways Overseas British,0,35,1,January,1954-01-10,35,0,0.0,1.0,35,de Havilland DH106 Comet,35,1954-01
1954,Qtr 1,January,14,Italy,Douglas DC 6PI,Rome Italy,Lines Air Philippine,0,16,1,January,1954-01-14,16,0,0.0,1.0,16,Douglas,16,1954-01
1974,Qtr 1,January,1,Italy,Fokker F 28 Fellowship 1000I,Near Turin Italy,Itavia,0,42,1,January,1974-01-01,38,4,9.523809523809524,0.9047619047619048,38,Fokker,38,1974-01
1951,Qtr 1,January,17,Italy,Savoia Marchetti SM 95I,Near Civitavecchia Italy,Alitalia,0,17,1,January,1951-01-17,14,3,17.647058823529413,0.8235294117647058,14,Savoia Marchetti,14,1951-01
1953,Qtr 1,January,15,Italy,Vickers Valetta Mk1 / Avero LancasterVX562 / TX270,25 nm off Agrigento Italy,Force Air -Royal Military,0,26,1,January,1953-01-15,26,0,0.0,1.0,26,Vickers Valetta Mk1 / Avero LancasterVX562 /,26,1953-01
2000,Qtr 1,January,30,Ivory,AirbusA310 3045Y,Off Abidjan Ivory,Airways CoastKenya,0,179,1,January,2000-01-30,169,10,5.58659217877095,0.9441340782122905,169,AirbusA310,169,2000-01
1987,Qtr 1,January,3,Ivory,Boeing B 707,Abidjan Ivory,CoastVarig,0,51,1,January,1987-01-03,50,1,1.9607843137254901,0.9803921568627451,50,Boeing,50,1987-01
1960,Qtr 1,January,21,Jamacia,Lockheed 1049E Super ConstellationHK 177,Montego Bay Jamacia,Avianca,0,46,1,January,1960-01-21,37,9,19.565217391304348,0.8043478260869565,37,Lockheed 1049E Super,37,1960-01
1979,Qtr 1,January,30,Japan,Boeing B 707,125 miles ENE of Tokyo Japan,Varig,0,6,1,January,1979-01-30,6,0,0.0,1.0,6,Boeing,6,1979-01
1984,Qtr 1,January,2,Jordan,CASA 212 A3 Aviocar 100324,Amman Jordan,Force Air Jordanian Royal - Military,0,13,1,January,1984-01-02,13,0,0.0,1.0,13,CASA,13,1984-01
1959,Qtr 1,January,22,Jordan,Convair CV 240,Dabouk Jordan,Jordan Air,0,15,1,January,1959-01-22,10,5,33.33333333333333,0.6666666666666666,10,Convair,10,1959-01
1965,Qtr 1,January,16,Kansas,Boeing KC 135A57,Wichita Kansas,Force Air U.S. - Military,23,7,1,January,1965-01-16,7,0,0.0,1.0,30,Boeing,30,1965-01
1985,Qtr 1,January,9,Kansas,Lockheed L 188AF ElectraN357Q,Kansas City Kansas,Airways International TPI,0,3,1,January,1985-01-09,3,0,0.0,1.0,3,Lockheed,3,1985-01
2013,Qtr 1,January,29,Kazakhstan,Canadair CRJ 200ERUP,Near Kyzyltu Kazakhstan,Air SCAT,0,21,1,January,2013-01-29,21,0,0.0,1.0,21,Canadair,21,2013-01
1965,Qtr 1,January,3,Kazakhstan,Ilyushin IL 18BCCCP,Alma-Ata Kazakhstan,Kazakhstan / Aeroflot,0,103,1,January,1965-01-03,64,39,37.86407766990291,0.6213592233009708,64,Ilyushin,64,1965-01
2003,Qtr 1,January,24,Kenya,Grumman G 159 Gulfstream I5Y,Busia Kenya,Services Commuter African,0,13,1,January,2003-01-24,3,10,76.92307692307693,0.23076923076923078,3,Grumman,3,2003-01
2017,Qtr 1,January,16,Kyrgyzstan,Boeing 747 412FTC,Bishkek Kyrgyzstan,Airlines) (ACT Airlines Cargo My,35,4,1,January,2017-01-16,4,0,0.0,1.0,39,Boeing,39,2017-01
1975,Qtr 1,January,16,Laos,Antonov AN 12 CCCP,Xam Neua Laos,Aeroflot,0,16,1,January,1975-01-16,16,0,0.0,1.0,16,Antonov,16,1975-01
2010,Qtr 1,January,25,Lebanon,Boeing 737 8ASET,Off Na'ameh Lebanon,Airlines Ethiopian,0,90,1,January,2010-01-25,90,0,0.0,1.0,90,Boeing,90,2010-01
1971,Qtr 1,January,2,Libya,de Havilland Comet 4CSU ALC,Ben Gashir Libya,Airlines Arab United,0,16,1,January,1971-01-02,16,0,0.0,1.0,16,de Havilland Comet,16,1971-01
2000,Qtr 1,January,13,Libya,Shorts 360 300HB,Off Marsa el-Brega Libya,Avisto,0,41,1,January,2000-01-13,22,19,46.34146341463415,0.5365853658536586,22,Short,22,2000-01
1949,Qtr 1,January,17,Lochgoilhead,Boeing B 29A Superfortress44,Near Succoth Glen Lochgoilhead,Scotland Military - U.S. Air Force,0,20,1,January,1949-01-17,20,0,0.0,1.0,20,Boeing,20,1949-01
1990,Qtr 1,January,25,Lombok,Hawker Siddeley HS 748,Mt Rijani Lombok,Indonesia Island Airfast Services,0,19,1,January,1990-01-25,19,0,0.0,1.0,19,Hawker Siddeley,19,1990-01
2008,Qtr 1,January,12,Macedonia,Mi 17 HelicopterVAM,Blace Macedonia,Force Air Macedonian - Military,0,11,1,January,2008-01-12,11,0,0.0,1.0,11,Mil,11,2008-01
1950,Qtr 1,January,24,Madagascar,Douglas C 47A,Near Tamatave Madagascar,Aerienne Transatlantique Societe,0,14,1,January,1950-01-24,14,0,0.0,1.0,14,Douglas,14,1950-01
1930,Qtr 1,January,13,Madagascar,Farman 190F AJJK,Antananarivo Madagascar,Orient Air,0,3,1,January,1930-01-13,3,0,0.0,1.0,3,Farman,3,1930-01
1952,Qtr 1,January,2,Madagascar,Junkers Ju 52/3mF,Andapa Madagascar,France Air,0,11,1,January,1952-01-02,6,5,45.45454545454545,0.5454545454545454,6,Junkers,6,1952-01
1978,Qtr 1,January,1,Maharashtra,Boeing B 747,Off Bandra Maharashtra,India Air India,0,213,1,January,1978-01-01,213,0,0.0,1.0,213,Boeing,213,1978-01
1943,Qtr 1,January,9,Marine,Short S 26 (flying boat)G,Near Cabo Ruivo Marine,Lisbon Base,0,15,1,January,1943-01-09,13,2,13.333333333333334,0.8666666666666667,13,Short,13,1943-01
1949,Qtr 1,January,6,Maryland,Douglas C 47ANC53210,Brandywine Maryland,Cargo Coastal,0,2,1,January,1949-01-06,2,0,0.0,1.0,2,Douglas,2,1949-01
1948,Qtr 1,January,13,Maryland,Douglas DC 3,Oxon Hill Maryland,Lines Air Eastern,0,9,1,January,1948-01-13,5,4,44.44444444444444,0.5555555555555556,5,Douglas,5,1948-01
1963,Qtr 1,January,30,Maryland,Lockheed P 3A Orion149672,Off Patuxent River Maryland,Navy U.S. - Military,0,14,1,January,1963-01-30,14,0,0.0,1.0,14,Lockheed,14,1963-01
1970,Qtr 1,January,25,Mexico,Convair CV 240,Near Poza Rica Mexico,Commission Electricity -Federal Charter,0,19,1,January,1970-01-25,18,1,5.263157894736842,0.9473684210526315,18,Convair,18,1970-01
1965,Qtr 1,January,17,Mexico,Curtiss C 46XA,Near Durango Mexico,Norte del Aerovias,0,10,1,January,1965-01-17,10,0,0.0,1.0,10,Curtiss,10,1965-01
2002,Qtr 1,January,15,Mexico,de Havilland DHC 6 Twin Otter 300XC,Chilpancingo Mexico,República la de General Procuraduría,0,17,1,January,2002-01-15,5,12,70.58823529411765,0.29411764705882354,5,De Havilland,5,2002-01
1986,Qtr 1,January,29,Mexico,Douglas DC 3A,Las Lomitas Mexico,Aerocalifornia,0,21,1,January,1986-01-29,21,0,0.0,1.0,21,Douglas,21,1986-01
1972,Qtr 1,January,6,Mexico,Hawker Siddeley HS 748,Near Chetumal Mexico,SAESA,0,23,1,January,1972-01-06,23,0,0.0,1.0,23,Hawker Siddeley,23,1972-01
1947,Qtr 1,January,14,Mexico,Lockheed C 60 Lodestar60,Near Puebla Mexico,Force Air Mexican - Military,0,21,1,January,1947-01-14,21,0,0.0,1.0,21,Lockheed,21,1947-01
1997,Qtr 1,January,9,Michigan,Embraer 120RT BrasiliaN265CA,Near Monroe Michigan,Comair,0,29,1,January,1997-01-09,29,0,0.0,1.0,29,Embraer 120RT,29,1997-01
1983,Qtr 1,January,11,Michigan,McDonnell Douglas DC 8,Detroit Michigan,Lines Air United,0,3,1,January,1983-01-11,3,0,0.0,1.0,3,McDonnell Douglas,3,1983-01
1986,Qtr 1,January,21,Minnesota,Bell 296BN1498W,Ellendale Minnesota,Taxi Air,0,3,1,January,1986-01-21,3,0,0.0,1.0,3,Bell,3,1986-01
1983,Qtr 1,January,9,Minnesota46826/109,Convair 580 11AN844H,Brainerd Minnesota46826/109,Unknown Operator,0,33,1,January,1983-01-09,1,32,96.96969696969697,0.030303030303030304,1,Convair,1,1983-01
1941,Qtr 1,January,23,Missouri,Douglas DC 3,Near Robertson Missouri,Air Western and Continental Trans,0,13,1,January,1941-01-23,2,11,84.61538461538461,0.15384615384615385,2,Douglas,2,1941-01
1954,Qtr 1,January,20,Missouri,Douglas DC 3AN49551,Kansas City Missouri,Transport Air Zantop,0,3,1,January,1954-01-20,3,0,0.0,1.0,3,Douglas,3,1954-01
1984,Qtr 1,January,9,Missouri,Douglas DC 3C,Saint Louis Missouri,Transport Air Skycraft,0,2,1,January,1984-01-09,1,1,50.0,0.5,1,Douglas,1,1984-01
1930,Qtr 1,January,27,Missouri,Travel Air A6000A?,Kansas City Missouri,Corporation) Aviation (Universal Airlines Central,0,5,1,January,1930-01-27,5,0,0.0,1.0,5,Travel Air,5,1930-01
1963,Qtr 1,January,29,Missouri,Vickers Viscount 812N242V,Kansas City Missouri,Airlines Continental,0,8,1,January,1963-01-29,8,0,0.0,1.0,8,Vickers Viscount,8,1963-01
1990,Qtr 1,January,26,Mongolia,Antonov AN 26V BNMAU,Zavkhan Mongolia,Airlines Mongolian - MIAT,0,30,1,January,1990-01-26,30,0,0.0,1.0,30,Antonov,30,1990-01
1939,Qtr 1,January,13,Montana,Lockheed 14 H Super ElectraNC17389,Miles City Montana,Airlines Orient Northwest,0,4,1,January,1939-01-13,4,0,0.0,1.0,4,Lockheed,4,1939-01
1938,Qtr 1,January,10,Montana,Lockheed 14H Super ElectraNC 17388,Bozeman Montana,Airlines Orient Northwest,0,10,1,January,1938-01-10,10,0,0.0,1.0,10,Lockheed 14H Super,10,1938-01
1998,Qtr 1,January,27,Myanmar,Fokker F 27 Friendship 600XY,Yangon (Rangoon) Myanmar,Airways Myanmar,0,45,1,January,1998-01-27,16,29,64.44444444444444,0.35555555555555557,16,Fokker,16,1998-01
2005,Qtr 1,January,13,Tura,Antonov AN 2RA,Tura,Russia Tura Air Enterprise,0,9,1,January,2005-01-13,9,0,0.0,1.0,9,Antonov,9,2005-01
1977,Qtr 1,January,20,?North Canada Air,Bristol 170 Freighter 31MC FWAD,?North Canada Air,Unknown Operator,0,2,1,January,1977-01-20,1,1,50.0,0.5,1,Bristol 170 Freighter,1,1977-01
2006,Qtr 1,January,2,Near KarkovEvolga,British Aerospace BAe 125,Near KarkovEvolga,Unknown Operator,0,3,1,January,2006-01-02,3,0,0.0,1.0,3,British Aerospace,3,2006-01
2014,Qtr 1,January,20,Near Petreasa RomaniaScoala Superioara de Aviatie Civla,Britten Norman BN 2A,Near Petreasa RomaniaScoala Superioara de Aviatie Civla,Unknown Operator,0,7,1,January,2014-01-20,2,5,71.42857142857143,0.2857142857142857,2,Britten Norman,2,2014-01
1980,Qtr 1,January,2,HaitiHaïti Air Inter,Britten Norman BN IslanderHH CNC,HaitiHaïti Air Inter,Unknown Operator,0,9,1,January,1980-01-02,9,0,0.0,1.0,9,Britten Norman BN,9,1980-01
1933,Qtr 1,January,10,AlgiersAeropostale,CAMS 53F AISV,AlgiersAeropostale,Unknown Operator,0,3,1,January,1933-01-10,1,2,66.66666666666666,0.3333333333333333,1,Cams,1,1933-01
1980,Qtr 1,January,11,Over the Atlantic OceanPrivate charter,Cessna 441 ConquestN442NC,Over the Atlantic OceanPrivate charter,Unknown Operator,0,2,1,January,1980-01-11,2,0,0.0,1.0,2,Cessna 441,2,1980-01
1960,Qtr 1,January,10,U.S. Army,de Havilland Canada U 1A Otter55,Gulf of SirteMilitary - U.S. Army,Unknown Operator,0,10,1,January,1960-01-10,10,0,0.0,1.0,10,de Havilland Canada,10,1960-01
1965,Qtr 1,January,22,U.S. Air Force,Douglas C 124C52,Mt. Helmos. GreeceMilitary - U.S. Air Force,Unknown Operator,0,10,1,January,1965-01-22,10,0,0.0,1.0,10,Douglas,10,1965-01
1970,Qtr 1,January,12,Royal Hellenic Air Force,Douglas C 47?,Near Villia GreeceMilitary - Royal Hellenic Air Force,Unknown Operator,0,27,1,January,1970-01-12,23,4,14.814814814814813,0.8518518518518519,23,Douglas,23,1970-01
1945,Qtr 1,January,14,ChinaChina National Aviation Corporation,Douglas C 4770,ChinaChina National Aviation Corporation,Unknown Operator,0,6,1,January,1945-01-14,4,2,33.33333333333333,0.6666666666666666,4,Douglas,4,1945-01
1947,Qtr 1,January,25,Hong KongPhilippine Air Lines,Douglas C 47API,Hong KongPhilippine Air Lines,Unknown Operator,0,4,1,January,1947-01-25,4,0,0.0,1.0,4,Douglas,4,1947-01
1929,Qtr 1,January,31,Off MoroccoAeropostale,Latecoere 26F AIMU F,Off MoroccoAeropostale,Unknown Operator,0,2,1,January,1929-01-31,2,0,0.0,1.0,2,Latecoere,2,1929-01
1961,Qtr 1,January,22,U.S. Navy,Lockheed WV 2 Super ConstellationBU143193,Midway Island Naval Air StationMilitary - U.S. Navy,Unknown Operator,3,22,1,January,1961-01-22,6,16,72.72727272727273,0.2727272727272727,9,Lockheed,9,1961-01
1941,Qtr 1,January,10,Mediterranean SeaLATI,Savoia Marchetti SM,Mediterranean SeaLATI,Unknown Operator,0,16,1,January,1941-01-10,16,0,0.0,1.0,16,Savoia,16,1941-01
1939,Qtr 1,January,21,Atlantic Ocean between N.Y. and BermudaImperial Airways,Short S 23 (flying boat)G,Atlantic Ocean between N.Y. and BermudaImperial Airways,Unknown Operator,0,13,1,January,1939-01-21,3,10,76.92307692307693,0.23076923076923078,3,Short,3,1939-01
2009,Qtr 1,January,4,Near Houma LouisianaPetroleum Helicopters Inc,Sikorsky S 76C++N748P,Near Houma LouisianaPetroleum Helicopters Inc,Unknown Operator,0,9,1,January,2009-01-04,8,1,11.11111111111111,0.8888888888888888,8,Sikorsky,8,2009-01
1948,Qtr 1,January,30,Unknown,Avro 688 Tudor IG AHNP,Atlantic Ocean NE,Airways American South BermudaBritish of,0,31,1,January,1948-01-30,31,0,0.0,1.0,31,Avro 688 Tudor,31,1948-01
1992,Qtr 1,January,20,near,Airbus A320 111F,Mt. Saint-Odile near,France Strasbourg Air Inter,0,96,1,January,1992-01-20,87,9,9.375,0.90625,87,Airbus,87,1992-01
1980,Qtr 1,January,21,near,Boeing B 727,Elburz Mtns. near,Iran Tehran Iran Air,0,128,1,January,1980-01-21,128,0,0.0,1.0,128,Boeing,128,1980-01
1930,Qtr 1,January,10,Nebraska,Boeing 95NC184E,Brawnson Nebraska,Transport Air Boeing,0,1,1,January,1930-01-10,1,0,0.0,1.0,1,Boeing,1,1930-01
2023,Qtr 1,January,15,Nepal,ATR 72 500,Pokhara Nepal,Airlines Yeti,0,72,1,January,2023-01-15,72,0,0.0,1.0,72,ATR,72,2023-01
1995,Qtr 1,January,17,Nepal,de Havilland Canada DHC 6 Twin Otter 3009N,Kathmandu Nepal,Airlines Nepal Royal,0,24,1,January,1995-01-17,2,22,91.66666666666666,0.08333333333333333,2,de Havilland Canada,2,1995-01
1968,Qtr 1,January,10,Nevada,Douglas C 54P50850,Near Copper Canyon Nevada,Corps Marine U.S. - Military,0,19,1,January,1968-01-10,19,0,0.0,1.0,19,Douglas,19,1968-01
1942,Qtr 1,January,16,Nevada,Douglas DC 3NC1946,Near Las Vegas Nevada,Air Western and Continental Trans,0,22,1,January,1942-01-16,22,0,0.0,1.0,22,Douglas,22,1942-01
1985,Qtr 1,January,21,Nevada,Lockheed L 188A ElectraN5532,Reno Nevada,Airlines Galaxy,0,71,1,January,1985-01-21,70,1,1.4084507042253522,0.9859154929577465,70,Lockheed,70,1985-01
2009,Qtr 1,January,15,New,Airbus A320 214N106US,New York New,Airways YorkUS,0,155,1,January,2009-01-15,0,155,100.0,0.0,0,Airbus,0,2009-01
1985,Qtr 1,January,20,New,Bell 206 L 1N40TE,Carson New,EMS - Taxi MexicoAir,0,3,1,January,1985-01-20,3,0,0.0,1.0,3,Bell 206,3,1985-01
1961,Qtr 1,January,28,New,Boeing 707 123N7502A,Off Montauk Point New,Airlines YorkAmerican,0,6,1,January,1961-01-28,6,0,0.0,1.0,6,Boeing,6,1961-01
1990,Qtr 1,January,25,New,Boeing B 707,Cove Neck New,YorkAVIANCA,0,158,1,January,1990-01-25,73,85,53.79746835443038,0.4620253164556962,73,Boeing,73,1990-01
1971,Qtr 1,January,9,New,Boeing B 707,Edison New,Private / Airlines JerseyAmerican,0,21,1,January,1971-01-09,2,19,90.47619047619048,0.09523809523809523,2,Boeing,2,1971-01
1990,Qtr 1,January,29,New,Cessna 208B Caravan I Super CargomasterN854FE,Plattsburgh New,Airways YorkWiggins,0,1,1,January,1990-01-29,1,0,0.0,1.0,1,Cessna 208B Caravan I Super,1,1990-01
1952,Qtr 1,January,22,New,Convair CV 240,Elizabeth New,Airlines JerseyAmerican,7,23,1,January,1952-01-22,23,0,0.0,1.0,30,Convair,30,1952-01
1933,Qtr 1,January,14,New,Curtiss Condor 18NC185H,Newark New,Transport Air JerseyEastern,0,2,1,January,1933-01-14,2,0,0.0,1.0,2,Curtiss Condor,2,1933-01
1947,Qtr 1,January,5,New,Douglas DC 3N50046,Carmel New,Transport Air JerseyNationwide,0,23,1,January,1947-01-05,3,20,86.95652173913044,0.13043478260869565,3,Douglas,3,1947-01
2005,Qtr 1,January,13,New,Embraer EMB 110 BandeiranteN49BA,Keene New,HampshireAirNow,0,1,1,January,2005-01-13,1,0,0.0,1.0,1,Embraer,1,2005-01
1928,Qtr 1,January,8,New,Fairchild FC 2NC3780,Near Canajoharie New,Airlines Western YorkColonial,0,3,1,January,1928-01-08,3,0,0.0,1.0,3,Fairchild,3,1928-01
1949,Qtr 1,January,30,New,Lockheed L 749 / Cessna 140NC86530/NC76981,Port Washington New,Airways World American YorkPan,0,35,1,January,1949-01-30,2,33,94.28571428571428,0.05714285714285714,2,Lockheed,2,1949-01
1961,Qtr 1,January,19,New,McDonnell Douglas DC 8,New York New,Mexico de (Idlewild)Aeronaves York,0,106,1,January,1961-01-19,4,102,96.22641509433963,0.03773584905660377,4,McDonnell Douglas,4,1961-01
1961,Qtr 1,January,26,Newfoundland,Douglas C 118A Liftmaster51,Trinity Bay Newfoundland,Force Air U.S. - Military,0,23,1,January,1961-01-26,23,0,0.0,1.0,23,Douglas,23,1961-01
1956,Qtr 1,January,17,Newfoundland,Douglas DC 3CF,Oreway Newfoundland,Canada Quebecair,0,18,1,January,1956-01-17,4,14,77.77777777777779,0.2222222222222222,4,Douglas,4,1956-01
1999,Qtr 1,January,21,Nicaragua,Antonov AN 26?,Bluefields Nicaragua,Nicaragua Aérea Fuerza,0,28,1,January,1999-01-21,28,0,0.0,1.0,28,Antonov,28,1999-01
1957,Qtr 1,January,23,Nicaragua,Douglas DC 3AN,Ometepe Island Nicaragua,Lanica,0,16,1,January,1957-01-23,16,0,0.0,1.0,16,Douglas,16,1957-01
1973,Qtr 1,January,22,Nigeria,Boeing B 707,Kano Nigeria,Airlines Jordanian Royal Alia,0,202,1,January,1973-01-22,176,26,12.871287128712872,0.8712871287128713,176,Boeing,176,1973-01
1996,Qtr 1,January,18,Nigeria,British Aerospace BAe 125,Near Kano Nigeria,Force Air Nigerian - Military,0,14,1,January,1996-01-18,14,0,0.0,1.0,14,British Aerospace,14,1996-01
2000,Qtr 1,January,5,Nigeria,Embraer 110P1A Bandeirante5N AXL,Abuja Nigeria,Airways Express Skypower,1,16,1,January,2000-01-05,1,15,93.75,0.0625,2,Embraer 110P1A,2,2000-01
1997,Qtr 1,January,31,Nigeria,Embraer 110P1A Bandeirante5N AXS,Yola Nigeria,Airways Express Skypower,0,16,1,January,1997-01-31,5,11,68.75,0.3125,5,Embraer 110P1A,5,1997-01
2016,Qtr 1,January,8,Norrbotten,Canadair CRJ 200SE,Akkajaure Lake Norrbotten,Sweden West Air Sweden,0,2,1,January,2016-01-08,2,0,0.0,1.0,2,Canadair,2,2016-01
2003,Qtr 1,January,8,North,Beech BE 1900DN233YV,Charlotte North,Midwest Express/Air Air CarolinaUS,0,21,1,January,2003-01-08,21,0,0.0,1.0,21,Beech,21,2003-01
1961,Qtr 1,January,24,North,Boeing B 52G Stratofortress58,Goldsboro North,Force Air US - CarolinaMilitary,0,8,1,January,1961-01-24,3,5,62.5,0.375,3,Boeing,3,1961-01
1960,Qtr 1,January,6,North,Douglas DC 6BN8225H,Wilmington/Bolivia North,Airlines CarolinaNational,0,34,1,January,1960-01-06,34,0,0.0,1.0,34,Douglas,34,1960-01
1953,Qtr 1,January,5,Northern,Vickers Viking 610 1BG,Belfast Northern,Airways European IrelandBritish,0,35,1,January,1953-01-05,27,8,22.857142857142858,0.7714285714285715,27,Vickers Viking,27,1953-01
1949,Qtr 1,January,17,off,Avro 688 Tudor 4BG AGRE,Atlantic Ocean off,Airways American South BermudaBritish,0,20,1,January,1949-01-17,20,0,0.0,1.0,20,Avro 688 Tudor,20,1949-01
1994,Qtr 1,January,7,Ohio,British Aerospace Jetstream 4101N304UE,Columbus Ohio,Express) (United Airlines Coast Atlantic,0,8,1,January,1994-01-07,5,3,37.5,0.625,5,British Aerospace Jetstream,5,1994-01
1970,Qtr 1,January,28,Ohio,De Havilland DoveN2300H,Cleveland Ohio,Airlines TAG,0,9,1,January,1970-01-28,9,0,0.0,1.0,9,De Havilland,9,1970-01
1957,Qtr 1,January,6,Oklahoma,Convair CV 240,Owasso Oklahoma,Airlines American,0,10,1,January,1957-01-06,1,9,90.0,0.1,1,Convair,1,1957-01
1955,Qtr 1,January,15,Ontario,Grumman G 73 MallardCF,London Ontario,Canada Ontario Hydro,0,5,1,January,1955-01-15,1,4,80.0,0.2,1,Grumman,1,1955-01
1938,Qtr 1,January,12,Ontario,Stinson Reliant SR 9CF,North Pine Ontario,Canada General Airways,0,1,1,January,1938-01-12,1,0,0.0,1.0,1,Stinson Reliant,1,1938-01
1933,Qtr 1,January,24,Oregon,Ford 5 AT,Eugene Oregon,Transport Air Pacific,0,3,1,January,1933-01-24,2,1,33.33333333333333,0.6666666666666666,2,Ford,2,1933-01
1929,Qtr 1,January,18,Oregon,Stearman C 38NC1682,Cove Oregon,Lines Air Varney,0,1,1,January,1929-01-18,1,0,0.0,1.0,1,Stearman,1,1929-01
1998,Qtr 1,January,13,Pakistan,Antonov AN 12BPYA,Tor Kach Pakistan,Airlines Afghan Ariana - Military,0,51,1,January,1998-01-13,51,0,0.0,1.0,51,Antonov,51,1998-01
2002,Qtr 1,January,9,Pakistan,Lockheed Hercules KC 130R160021,Shamsi AFB Pakistan,Force Air U.S. - Military,0,7,1,January,2002-01-09,7,0,0.0,1.0,7,Lockheed Hercules,7,2002-01
1935,Qtr 1,January,8,Pakistan,Wapiti?,Near Karachi Pakistan,Force Air Indian,15,2,1,January,1935-01-08,0,2,100.0,0.0,15,Wapiti?,15,1935-01
1974,Qtr 1,January,6,Pennsylvania,Beechcraft 99AN125AE,Johnstown Pennsylvania,East Air,0,17,1,January,1974-01-06,12,5,29.411764705882355,0.7058823529411765,12,Beechcraft,12,1974-01
1935,Qtr 1,January,26,Pennsylvania,Consolidated FleetsterNC13212,Pittsburgh Pennsylvania,Air Western and Continental Trans,0,1,1,January,1935-01-26,1,0,0.0,1.0,1,Consolidated,1,1935-01
1969,Qtr 1,January,6,Pennsylvania,Convair CV 580N5825,Near Bradford Pennsylvania,Airlines Allegheny,0,28,1,January,1969-01-06,11,17,60.71428571428571,0.39285714285714285,11,Convair,11,1969-01
1951,Qtr 1,January,14,Pennsylvania,Douglas DC 4,Philadelphia Pennsylvania,Airlines National,0,28,1,January,1951-01-14,7,21,75.0,0.25,7,Douglas,7,1951-01
1971,Qtr 1,January,21,Peru,Curtiss Wright C,Near Pacae Peru,Peru del Aérea Fuerza,0,35,1,January,1971-01-21,35,0,0.0,1.0,35,Curtiss,35,1971-01
1951,Qtr 1,January,20,Peru,Douglas DC 3?,Huilyo Peru,TAM - Military,0,0,1,January,1951-01-20,16,-16,-inf,Unknown,16,Douglas,16,1951-01
1943,Qtr 1,January,22,Peru,Douglas DC 3ANC33645,Near Chaparra Peru,Airlines Grace American Pan,0,15,1,January,1943-01-22,14,1,6.666666666666667,0.9333333333333333,14,Douglas,14,1943-01
1970,Qtr 1,January,14,Peru,Douglas DC 4OB,Mt. Pumacona Peru,Faucett,0,28,1,January,1970-01-14,28,0,0.0,1.0,28,Douglas,28,1970-01
2003,Qtr 1,January,9,Peru,Fokker 28 Fellowship 1000OB 1396,Near Chachapoyas Peru,Airlines TANS,0,46,1,January,2003-01-09,46,0,0.0,1.0,46,Fokker 28 Fellowship,46,2003-01
1976,Qtr 1,January,8,Philippines,Britten Norman BN,Mactan Island Philippines,Aerotransport Philippine,0,7,1,January,1976-01-08,7,0,0.0,1.0,7,Britten,7,1976-01
2010,Qtr 1,January,28,Philippines,GAF N22B Nomad18,Cotabato City Philippines,Force Air Philippine - Military,1,8,1,January,2010-01-28,8,0,0.0,1.0,9,GAF N22B,9,2010-01
2008,Qtr 1,January,23,Poland,CASA C 295M019,Miroslawiec Poland,Force Air Polish - Military,0,20,1,January,2008-01-23,20,0,0.0,1.0,20,CASA,20,2008-01
1999,Qtr 1,January,16,Qld,Britten Norman BN 2A,Coconut Island QLD,Australia Uzu Air,0,4,1,January,1999-01-16,3,1,25.0,0.75,3,Britten Norman,3,1999-01
1982,Qtr 1,January,25,Romania,Antonov AN 24RVYR,Constanta Romania,TAROM,0,7,1,January,1982-01-25,7,0,0.0,1.0,7,Antonov,7,1982-01
1971,Qtr 1,January,31,Russia,Antonov AN 10CCCP,Voroshilovgrad Russia,Aeroflot,0,7,1,January,1971-01-31,7,0,0.0,1.0,7,Antonov,7,1971-01
1968,Qtr 1,January,6,Russia,Antonov AN 24BCCCP,Near Olekminsk Russia,Aeroflot,0,46,1,January,1968-01-06,45,1,2.1739130434782608,0.9782608695652174,45,Antonov,45,1968-01
1973,Qtr 1,January,21,Russia,Antonov AN 24BCCCP,Perm Russia,Aeroflot,0,39,1,January,1973-01-21,39,0,0.0,1.0,39,Antonov,39,1973-01
1970,Qtr 1,January,28,Russia,Antonov AN 24CCCP,Near Batagai Russia,Aeroflot,0,34,1,January,1970-01-28,34,0,0.0,1.0,34,Antonov,34,1970-01
1979,Qtr 1,January,15,Russia,Antonov AN 24NCCCP46807,Minsk Russia,Aeroflot,0,13,1,January,1979-01-15,13,0,0.0,1.0,13,Antonov,13,1979-01
1984,Qtr 1,January,28,Russia,Antonov AN 24RVCCCP,Izhevsk Russia,Aeroflot,0,51,1,January,1984-01-28,4,47,92.15686274509804,0.0784313725490196,4,Antonov,4,1984-01
1966,Qtr 1,January,1,Russia,Ilyushin IL 14PCCCP,Kamchatsky Russia,Aeroflot,0,23,1,January,1966-01-01,23,0,0.0,1.0,23,Ilyushin,23,1966-01
1959,Qtr 1,January,18,Russia,Ilyushin IL 14PCCCP,Stalingrad Russia,Aeroflot,0,25,1,January,1959-01-18,25,0,0.0,1.0,25,Ilyushin,25,1959-01
1995,Qtr 1,January,20,Russia,Let 410UVPRA 67120,Near Krasnoyarsk Russia,Airlines Abakan,0,19,1,January,1995-01-20,3,16,84.21052631578947,0.15789473684210525,3,Let,3,1995-01
1950,Qtr 1,January,5,Russia,Lisunov Li 2?,Sverdlovsk Russia,Force Air Soviet - Military,0,19,1,January,1950-01-05,19,0,0.0,1.0,19,Lisunov,19,1950-01
1965,Qtr 1,January,2,Russia,Lisunov LI 2CCCP,Near Darwaza Russia,Aeroflot,0,24,1,January,1965-01-02,24,0,0.0,1.0,24,Lisunov,24,1965-01
1963,Qtr 1,January,14,Russia,Lisunov LI 2CCCP,Tazovskoye Russia,Aeroflot,0,25,1,January,1963-01-14,12,13,52.0,0.48,12,Lisunov,12,1963-01
1946,Qtr 1,January,14,Russia,Lisunov Li 2SSSR,Near Netrubezh Russia,Aeroflot,0,22,1,January,1946-01-14,22,0,0.0,1.0,22,Lisunov,22,1946-01
1984,Qtr 1,January,3,Russia,Mi 6CCCP,Novoagansk Russia,Aeroflot,0,76,1,January,1984-01-03,38,38,50.0,0.5,38,Mil,38,1984-01
1976,Qtr 1,January,3,Russia,Tupolev Tu 124CCCP,Moscow Russia,Aeroflot,1,61,1,January,1976-01-03,61,0,0.0,1.0,62,Tupolev,62,1976-01
1970,Qtr 1,January,29,Russia,Tupolev Tu 124CCCP,Near Murmansk Russia,Aeroflot,0,11,1,January,1970-01-29,11,0,0.0,1.0,11,Tupolev,11,1970-01
1990,Qtr 1,January,13,Russia,Tupolev TU 134ACCCP,Near Pervouralsk Russia,Aeroflot,0,71,1,January,1990-01-13,27,44,61.97183098591549,0.38028169014084506,27,Tupolev,27,1990-01
2011,Qtr 1,January,1,Russia,Tupolev TU 154B,Surgut Russia,Kogalmavia,0,124,1,January,2011-01-01,3,121,97.58064516129032,0.024193548387096774,3,Tupolev,3,2011-01
1988,Qtr 1,January,24,Russia,Yakovlev YAK 40CCCP,Near Nizhnevartovsk Russia,Aeroflot,0,31,1,January,1988-01-24,27,4,12.903225806451612,0.8709677419354839,27,Yakovlev,27,1988-01
1997,Qtr 1,January,7,Samoa,de Havilland Canada DHC 6 Twin Otter 3005W,Near Moamoa Samoa,Airlines Polynesian,0,5,1,January,1997-01-07,3,2,40.0,0.6,3,de Havilland Canada,3,1997-01
1953,Qtr 1,January,26,Sardinia,Douglas DC 3I,Sinnai Sardinia,Italy Linee Aeree Italiane,0,19,1,January,1953-01-26,19,0,0.0,1.0,19,Douglas,19,1953-01
1976,Qtr 1,January,1,Saudi,Boeing B 720B,Near Al Qaysumah Saudi,Airlines East ArabiaMiddle,0,82,1,January,1976-01-01,82,0,0.0,1.0,82,Boeing,82,1976-01
1991,Qtr 1,January,31,Saudi,Military U.S. Air Force69,Near Ras Al Khafji Saudi,Hercules AC-130H ArabiaLockheed,0,14,1,January,1991-01-31,14,0,0.0,1.0,14,Military,14,1991-01
1973,Qtr 1,January,19,Scotland,Vickers 802 ViscountG AOHI,Near Glasgow Scotland,Airways European British,0,4,1,January,1973-01-19,4,0,0.0,1.0,4,Vickers 802,4,1973-01
1994,Qtr 1,January,3,Siberia,Tupolev TU 154MRA,Near Mamony Siberia,Russia Baikal Air,1,124,1,January,1994-01-03,124,0,0.0,1.0,125,Tupolev,125,1994-01
1988,Qtr 1,January,18,Sichuan,Ilyushin IL 18DB,Near Chungking Sichuan,China China Southwest Airlines,0,108,1,January,1988-01-18,108,0,0.0,1.0,108,Ilyushin,108,1988-01
1951,Qtr 1,January,12,South,de Havilland Dove 1ZS DDW,Ixopo South,Airways AfricaUnited,0,12,1,January,1951-01-12,12,0,0.0,1.0,12,de Havilland Dove,12,1951-01
1966,Qtr 1,January,25,South,Fairchild C 123B54,Near Binh Khe South,Force Air U.S. - VietnamMilitary,0,46,1,January,1966-01-25,46,0,0.0,1.0,46,Fairchild,46,1966-01
1971,Qtr 1,January,23,South,Fokker F 27 Friendship 500HL,Near Sokcho South,Airlines KoreaKorean,0,60,1,January,1971-01-23,2,58,96.66666666666667,0.03333333333333333,2,Fokker,2,1971-01
1968,Qtr 1,January,8,South,Sikorsky CH 53A (helicopter)153710,Near Quang Tri South,Corps Marine U.S. - VietnamMilitary,0,42,1,January,1968-01-08,42,0,0.0,1.0,42,Sikorsky,42,1968-01
1966,Qtr 1,January,17,Spain,Boeing B52 Stratofortress/Boeing KC 135A580256/61 0273,Palomares Spain,Force Air US - Military,0,11,1,January,1966-01-17,7,4,36.36363636363637,0.6363636363636364,7,Boeing B52 Stratofortress/Boeing KC,7,1966-01
1928,Qtr 1,January,27,Spain,Breguet 14F AFHN,Almeria Spain,Aeropostale,0,1,1,January,1928-01-27,1,0,0.0,1.0,1,Breguet,1,1928-01
1928,Qtr 1,January,22,Spain,Breguet 14F AHEQ,Tarragona Spain,Aeropostale,0,2,1,January,1928-01-22,2,0,0.0,1.0,2,Breguet,2,1928-01
1923,Qtr 1,January,17,Spain,Breguet 14F ALJU,Barcelona Spain,Aeriens Express Grands,0,1,1,January,1923-01-17,1,0,0.0,1.0,1,Breguet,1,1923-01
1950,Qtr 1,January,18,Spain,Casa 352 T 2,Albacete Spain,Aire del Ejercito,0,16,1,January,1950-01-18,16,0,0.0,1.0,16,Casa 352,16,1950-01
2002,Qtr 1,January,14,Spain,Embraer EMB 120 BrasiliaEC,Bilbao Spain,Aérea Ibertrans,0,3,1,January,2002-01-14,3,0,0.0,1.0,3,Embraer,3,2002-01
1930,Qtr 1,January,25,Spain,Latecoere 25F AJCL,Off Ceuta Spain,Aeropostale,0,2,1,January,1930-01-25,2,0,0.0,1.0,2,Latecoere,2,1930-01
1972,Qtr 1,January,7,Spain,Sud Aviation Caravelle VI,Sierra de Atalayasa Spain,Airlines Iberia,0,104,1,January,1972-01-07,104,0,0.0,1.0,104,Sud,104,1972-01
1996,Qtr 1,January,22,Sri,Mil Mi 17 (helicopter)CH,Off Point Pedro Sri,Force Air Lanka Sri - LankaMilitary,0,39,1,January,1996-01-22,39,0,0.0,1.0,39,Mil,39,1996-01
2020,Qtr 1,January,2,Sudan,Antonov An12 A?,Geneina Sudan,Force Air Sudanese,0,18,1,January,2020-01-02,18,0,0.0,1.0,18,Antonov,18,2020-01
2018,Qtr 1,January,29,Suiyang,Shaanxi Y 8GX,Zhengchang Suiyang,Guizhou Province County People's Liberation Army Air Force,0,12,1,January,2018-01-29,12,0,0.0,1.0,12,Shaanxi,12,2018-01
1966,Qtr 1,January,1,Sumatra,Douglas DC 3 / Douglas DC,Near Palembang Sumatra,Indonesia Garuda Indonesia Airlines / Garuda Indonesia Airlines,0,34,1,January,1966-01-01,34,0,0.0,1.0,34,Douglas,34,1966-01
1947,Qtr 1,January,25,Surrey,Douglas C 47 / Douglas DC,Croydon Surrey,England Spencer Airways / Ceskoslovenske Aerolinie,0,23,1,January,1947-01-25,12,11,47.82608695652174,0.5217391304347826,12,Douglas,12,1947-01
1970,Qtr 1,January,5,Sweden,Convair CV 990,Stockholm Sweden,Spantax,0,10,1,January,1970-01-05,5,5,50.0,0.5,5,Convair,5,1970-01
1977,Qtr 1,January,15,Sweden,Vickers Viscount 838SE FOZ,Kalvesta Sweden,Sweden Skyline,0,22,1,January,1977-01-15,22,0,0.0,1.0,22,Vickers Viscount,22,1977-01
1971,Qtr 1,January,18,Switzerland,Ilyushin IL 18LZ,Zurich Switzerland,Airlines Bulgarian Balkan,0,47,1,January,1971-01-18,45,2,4.25531914893617,0.9574468085106383,45,Ilyushin,45,1971-01
2000,Qtr 1,January,10,Switzerland,Saab 340BHB AKK,Niederhasli Switzerland,Crossair,0,10,1,January,2000-01-10,10,0,0.0,1.0,10,Saab,10,2000-01
2015,Qtr 1,January,18,Syria,Antonov AN 26?,Near Abu adh Dhuhur Air Base Syria,Force Air Syrian,0,37,1,January,2015-01-18,37,0,0.0,1.0,37,Antonov,37,2015-01
1988,Qtr 1,January,19,Taiwan,Britten Norman BN,Green Island Taiwan,Airlines Taiwan,0,11,1,January,1988-01-19,10,1,9.090909090909092,0.9090909090909091,10,Britten,10,1988-01
1969,Qtr 1,January,2,Taiwan,Douglas DC 3DB,Mt. Paku Taiwan,(Taiwan) Airlines China,0,24,1,January,1969-01-02,24,0,0.0,1.0,24,Douglas,24,1969-01
1951,Qtr 1,January,28,Taiwan,Short Sunderland 9 (flying boat)PP107,Near An tung Taiwan,Force Air -Royal Military,0,14,1,January,1951-01-28,14,0,0.0,1.0,14,Short Sunderland 9 (flying,14,1951-01
1959,Qtr 1,January,8,Tennessee,Douglas DC 3N18941,Mt. Holston Tennessee,Airlines Southeast,0,10,1,January,1959-01-08,10,0,0.0,1.0,10,Douglas,10,1959-01
2009,Qtr 1,January,1,Texas,ATR 42,Lubock Texas,FedEx from leased Airlines Empire,0,2,1,January,2009-01-01,2,0,0.0,1.0,2,ATR,2,2009-01
1989,Qtr 1,January,31,Texas,Boeing KC 135A63,Near Abilene Texas,Force Air U.S. - Military,0,19,1,January,1989-01-31,19,0,0.0,1.0,19,Boeing,19,1989-01
1933,Qtr 1,January,20,Texas,Stearman 4NC11721,Bourne Texas,Airways American,0,1,1,January,1933-01-20,1,0,0.0,1.0,1,Stearman,1,1933-01
1936,Qtr 1,January,29,Texas,Vultee V 1NC13767,Denton Texas,Airlines American,0,6,1,January,1936-01-29,1,5,83.33333333333334,0.16666666666666666,1,Vultee,1,1936-01
1942,Qtr 1,January,26,Timor,Grumman G 21 GoosePK,Kupang Timor,KNILM,0,5,1,January,1942-01-26,5,0,0.0,1.0,5,Grumman,5,1942-01
1942,Qtr 1,January,30,Timor,Short S 23 (flying boat)G,Near Kupang Timor,Qantas,0,18,1,January,1942-01-30,13,5,27.77777777777778,0.7222222222222222,13,Short,13,1942-01
1945,Qtr 1,January,8,Trinidad,Martin M 130 (flying boat)NC14716,Port of Spain Trinidad,Airways World American Pan,0,30,1,January,1945-01-08,23,7,23.333333333333332,0.7666666666666667,23,Martin,23,1945-01
2003,Qtr 1,January,8,Turkey,BAe Avro RJ 100TC,Diyarbakir Turkey,(THY) Airlines Turkish,0,80,1,January,2003-01-08,75,5,6.25,0.9375,75,BAE Avro,75,2003-01
1983,Qtr 1,January,16,Turkey,Boeing B 727,Ankara Turkey,(THY) Airlines Turkish,0,67,1,January,1983-01-16,47,20,29.850746268656714,0.7014925373134329,47,Boeing,47,1983-01
1988,Qtr 1,January,2,Turkey,Boeing B 737,Izmir Turkey,Flugdienst Condor,0,16,1,January,1988-01-02,16,0,0.0,1.0,16,Boeing,16,1988-01
1954,Qtr 1,January,5,Turkey,Douglas DC 3TC,Lapseki Turkey,Yollari Hava Devlet,0,10,1,January,1954-01-05,4,6,60.0,0.4,4,Douglas,4,1954-01
1975,Qtr 1,January,30,Turkey,Fokker F 28 Fellowship 1000TC,Istanbul Turkey,(THY) Airlines Turkish,0,42,1,January,1975-01-30,42,0,0.0,1.0,42,Fokker,42,1975-01
1974,Qtr 1,January,26,Turkey,Fokker F 28 Fellowship 1000TC,Izmir Turkey,(THY) Airlines Turkish,0,73,1,January,1974-01-26,66,7,9.58904109589041,0.9041095890410958,66,Fokker,66,1974-01
1960,Qtr 1,January,19,Turkey,Sud Aviation Caravelle 1OY KRB,Ankara Turkey,(SAS) Airlines Scandinavian,0,42,1,January,1960-01-19,42,0,0.0,1.0,42,Sud Aviation Caravelle,42,1960-01
1938,Qtr 1,January,11,U.S.,Sikorsky S 42 (flying boat)NC16734,Pago Pago U.S.,Airways World American SamoaPan,0,7,1,January,1938-01-11,7,0,0.0,1.0,7,Sikorsky,7,1938-01
2006,Qtr 1,January,8,Uganda,Antonov 129Q CIH,Bukalaza Uganda,Air Service,0,6,1,January,2006-01-08,6,0,0.0,1.0,6,Antonov,6,2006-01
1974,Qtr 1,January,6,Ukraine,Antonov AN 24VCCCP,Mukachevo Ukraine,Aeroflot,0,24,1,January,1974-01-06,24,0,0.0,1.0,24,Antonov,24,1974-01
1928,Qtr 1,January,16,Uruguay,Latecoere 25F AIKG,Solis Uruguay,Aeropostale,0,2,1,January,1928-01-16,2,0,0.0,1.0,2,Latecoere,2,1928-01
1962,Qtr 1,January,27,USSRAeroflot,Antonov AN 10ACCCP,Batataevka USSRAeroflot,Unknown Operator,0,14,1,January,1962-01-27,13,1,7.142857142857142,0.9285714285714286,13,Antonov,13,1962-01
1971,Qtr 1,January,22,USSRAeroflot,Antonov AN 12BCCCP 11000,Surgut USSRAeroflot,Unknown Operator,0,14,1,January,1971-01-22,14,0,0.0,1.0,14,Antonov,14,1971-01
1982,Qtr 1,January,7,USSRAeroflot,LET 410M TurbojetCCCP 67290,Near Gelendzhik USSRAeroflot,Unknown Operator,0,18,1,January,1982-01-07,18,0,0.0,1.0,18,LET 410M,18,1982-01
1988,Qtr 1,January,18,USSRAeroflot,Tupolev TU 154B 2CCCP,Krosnovodsk USSRAeroflot,Unknown Operator,0,143,1,January,1988-01-18,11,132,92.3076923076923,0.07692307692307693,11,Tupolev,11,1988-01
1993,Qtr 1,January,3,Utah,Bell 206B3N1078V,Ogden Utah,Inc. Helicopters Coast South - Taxi Air,0,4,1,January,1993-01-03,4,0,0.0,1.0,4,Bell,4,1993-01
1963,Qtr 1,January,17,Utah,Fairchild F 27N2703,Great Salt Lake Utah,Airlines Coast West,0,3,1,January,1963-01-17,3,0,0.0,1.0,3,Fairchild,3,1963-01
1987,Qtr 1,January,15,Utah,Swearingen SA 226TC / Mooney M,Salt Lake City Utah,Private. / Airlines Skywest,0,10,1,January,1987-01-15,10,0,0.0,1.0,10,Swearingen,10,1987-01
1966,Qtr 1,January,14,Uzbekistan,Antonov AN 2CCCP,Shamurat Uzbekistan,Aeroflot,0,11,1,January,1966-01-14,11,0,0.0,1.0,11,Antonov,11,1966-01
1987,Qtr 1,January,16,Uzbekistan,Yakovlev YAK 40CCCP,Tashkent Uzbekistan,Aeroflot,0,9,1,January,1987-01-16,9,0,0.0,1.0,9,Yakovlev,9,1987-01
2004,Qtr 1,January,13,Uzbekistan,Yakovlev YAK 40UK,Tashkent Uzbekistan,Airways Uzbekistan,0,37,1,January,2004-01-13,37,0,0.0,1.0,37,Yakovlev,37,2004-01
2013,Qtr 1,January,4,Venezuela,Britten Norman BN 2A,Off Los Roques Venezuela,5074 Transaereo,0,6,1,January,2013-01-04,6,0,0.0,1.0,6,Britten Norman,6,2013-01
1990,Qtr 1,January,23,Venezuela,CASA 212 200 AviocarARV,Near Caracas Venezuela,Navy Venezuelan - Military,0,25,1,January,1990-01-23,25,0,0.0,1.0,25,CASA,25,1990-01
1991,Qtr 1,January,10,Venezuela,CASA 212 Aviocar 200ARV 0209,Near Paramo Mucuti Venezuela,Navy Venezuelan - Military,0,22,1,January,1991-01-10,21,1,4.545454545454546,0.9545454545454546,21,CASA 212 Aviocar,21,1991-01
1959,Qtr 1,January,21,Venezuela,Curtiss C 46D,Near Merida Venezuela,Bolivar Expresa Linea,0,4,1,January,1959-01-21,4,0,0.0,1.0,4,Curtiss,4,1959-01
2001,Qtr 1,January,25,Venezuela,Douglas DC 3C (C47A,Ciudad Bolivar Venezuela,Airlines Rutaca,0,24,1,January,2001-01-25,24,0,0.0,1.0,24,Douglas,24,2001-01
2008,Qtr 1,January,4,Venezuela,Let 410 UVP E3YV2081,Los Roques Venezuela,Transaven,0,18,1,January,2008-01-04,18,0,0.0,1.0,18,LET 410,18,2008-01
1971,Qtr 1,January,25,Venezuela,Vickers Viscount 749YV C,Merida Venezuela,Venezolana Aeropostal Linea,0,47,1,January,1971-01-25,13,34,72.3404255319149,0.2765957446808511,13,Vickers Viscount,13,1971-01
1937,Qtr 1,January,11,Veracruz,Lockheed 10E ElectraX ABEO,Near Playa V icente Veracruz,Mexico Mexicana,0,9,1,January,1937-01-11,9,0,0.0,1.0,9,Lockheed 18,9,1937-01
1990,Qtr 1,January,29,Vermont,Cessna 208B Caravan IN4688B,Burlington Vermont,Express Airborne,0,2,1,January,1990-01-29,2,0,0.0,1.0,2,Cessna 208B Caravan,2,1990-01
1969,Qtr 1,January,16,Vietnam,Douglas C 47 Skytrain (DC,Near Hue Vietnam,America Air,0,12,1,January,1969-01-16,12,0,0.0,1.0,12,Douglas,12,1969-01
1975,Qtr 1,January,3,Vietnam,Fairchild C 123KST,Near Nha Trang Vietnam,America Air,0,9,1,January,1975-01-03,9,0,0.0,1.0,9,Fairchild,9,1975-01
1947,Qtr 1,January,12,Virginia,Douglas DC 3NC88872,Near Galax Virginia,Lines Air Eastern,0,19,1,January,1947-01-12,18,1,5.263157894736842,0.9473684210526315,18,Douglas,18,1947-01
1960,Qtr 1,January,18,Virginia,Vickers Viscount 745DN7462,Charles City Virginia,Airlines Capital,0,50,1,January,1960-01-18,50,0,0.0,1.0,50,Vickers Viscount,50,1960-01
1981,Qtr 1,January,20,Washington,Beechcraft 99AN390CA,Spokane Washington,Airways Cascade,0,9,1,January,1981-01-20,7,2,22.22222222222222,0.7777777777777778,7,Beechcraft,7,1981-01
1931,Qtr 1,January,22,Washington,Boeing 40NC741K,Bluff Mountain Washington,Lines Air Varney,0,1,1,January,1931-01-22,1,0,0.0,1.0,1,Boeing,1,1931-01
1953,Qtr 1,January,7,Washington,Douglas C 54B,Issaquah Washington,Line Tiger Flying,0,7,1,January,1953-01-07,7,0,0.0,1.0,7,Douglas,7,1953-01
1949,Qtr 1,January,2,Washington,Douglas DC 3 (C,Seattle Washington,Charter Air Seattle,0,30,1,January,1949-01-02,14,16,53.333333333333336,0.4666666666666667,14,Douglas,14,1949-01
1951,Qtr 1,January,16,Washington,Martin 202N93054,Near Reardan Washington,Airlines Orient Northwest,0,10,1,January,1951-01-16,10,0,0.0,1.0,10,Martin,10,1951-01
1981,Qtr 1,January,14,West,Lockheed C 130E Hercules69,Ramstein AFB West,Force Air U.S. - GermanyMilitary,0,11,1,January,1981-01-14,11,0,0.0,1.0,11,Lockheed,11,1981-01
1929,Qtr 1,January,31,West,Travel Air 4000NC6480,Morgantown West,Company Transportation VirginiaSkyline,0,1,1,January,1929-01-31,1,0,0.0,1.0,1,Travel Air,1,1929-01
1970,Qtr 1,January,13,Western,Douglas DC 35W,Faleolo Western,Airlines SamoaPolynesian,0,32,1,January,1970-01-13,32,0,0.0,1.0,32,Douglas,32,1970-01
1923,Qtr 1,January,18,Wyoming,De Havilland DH 4223,Cheyenne Wyoming,Service Mail Aerial US,0,1,1,January,1923-01-18,1,0,0.0,1.0,1,De Havilland,1,1923-01
1946,Qtr 1,January,31,Wyoming,Douglas DC 3,Mt. Elk Wyoming,Lines Air United,0,21,1,January,1946-01-31,21,0,0.0,1.0,21,Douglas,21,1946-01
1944,Qtr 1,January,15,Yugoslavia,Junkers JU 52/3mD,Belgrad Yugoslavia,Lufthansa Deutsche,0,5,1,January,1944-01-15,5,0,0.0,1.0,5,Junkers,5,1944-01
1950,Qtr 1,January,26,Yukon,Douglas C 54D,Near Snag Yukon,Force Air U.S. - TerritoryMilitary,0,44,1,January,1950-01-26,44,0,0.0,1.0,44,Douglas,44,1950-01
1996,Qtr 1,January,8,Zaire,Antonov AN 32BRA,Kinshasa Zaire,Air African,225,6,1,January,1996-01-08,2,4,66.66666666666666,0.3333333333333333,227,Antonov,227,1996-01
1997,Qtr 3,July,18,Goroka,de Havilland Canada DHC 6 Twin Otter 300P2,Goroka,Services Air GuineaGoroka New,0,4,7,July,1997-07-18,2,2,50.0,0.5,2,de Havilland Canada,2,1997-07
1995,Qtr 3,July,17,Bintuni,de Havilland Canada DHC 6 Twin Otter 300PK,Bintuni,Airlines Nusantara IndonesiaMerpati,0,18,7,July,1995-07-17,1,17,94.44444444444444,0.05555555555555555,1,de Havilland Canada,1,1995-07
2009,Qtr 3,July,3,Near,Mil Mi 17?,Near,Pakistan Peshawar Military - Pakistan Army,0,26,7,July,2009-07-03,26,0,0.0,1.0,26,Mil,26,2009-07
1992,Qtr 3,July,24,Mt. Lalaboy,Vickers Viscount 816PK RVU,Mt. Lalaboy,Airlines IndonesiaMandala,0,70,7,July,1992-07-24,70,0,0.0,1.0,70,Vickers Viscount,70,1992-07
1953,Qtr 3,July,12,Unknown,Douglas DC 6AN90806,Pacific Ocean 325,Lines Air IslandTransocean Wake of east miles,0,58,7,July,1953-07-12,58,0,0.0,1.0,58,Douglas,58,1953-07
2011,Qtr 3,July,6,Afghanistan,Ilyushin76TD4K AZ55,Near Bagram Air Base Afghanistan,Airlines Way Silk,0,9,7,July,2011-07-06,9,0,0.0,1.0,9,Ilyushin76TD4K,9,2011-07
1990,Qtr 3,July,27,Afghanistan,Mil Mi 8 (helicopter)?,Near Maymaneh Afghanistan,Force Air Republican Afghan - Military,0,30,7,July,1990-07-27,30,0,0.0,1.0,30,Mil,30,1990-07
1989,Qtr 3,July,23,Afghanistan,Mil Mi 8 / Mil Mi,Near Jalalabad Afghanistan,Force Air Republican Afghan - Military,0,30,7,July,1989-07-23,30,0,0.0,1.0,30,Mil,30,1989-07
2009,Qtr 3,July,19,Afghanistan,Mil Mi 8?,Kandahar Airport Afghanistan,Air Vertical-T,0,21,7,July,2009-07-19,16,5,23.809523809523807,0.7619047619047619,16,Mil,16,2009-07
1991,Qtr 3,July,10,Alabama,Beechcraft BE 99,Birmingham Alabama,Airlines L'Express,0,15,7,July,1991-07-10,13,2,13.333333333333334,0.8666666666666667,13,Beechcraft,13,1991-07
1993,Qtr 3,July,12,Alabama,"Helicopter, Hughes 369HSN9116F",Talladega Alabama,Private,0,2,7,July,1993-07-12,1,1,50.0,0.5,1,"Helicopter, Hughes",1,1993-07
2013,Qtr 3,July,7,Alaksa,de Havilland Canada DHC 3TN93PC,Soldotna Alaksa,Air Rediske,0,10,7,July,2013-07-07,10,0,0.0,1.0,10,de Havilland Canada,10,2013-07
1970,Qtr 3,July,3,Alakska,Douglas DC 3N154R,McGrath Alakska,Service Flying Reeder,0,27,7,July,1970-07-03,5,22,81.48148148148148,0.18518518518518517,5,Douglas,5,1970-07
1979,Qtr 3,July,12,Alaska,Cessna 402BN402TH,Anchorage Alaska,Services Air Soldotna,0,7,7,July,1979-07-12,7,0,0.0,1.0,7,Cessna,7,1979-07
2007,Qtr 3,July,24,Alaska,de Havilland DHC 2 MK.1 BeaverN995WA,Rudyerd Bay Alaska,Service Air Taquan,0,5,7,July,2007-07-24,5,0,0.0,1.0,5,De Havilland,5,2007-07
1943,Qtr 3,July,27,Alaska,Douglas C 47 Skytrain41,Naknek AFB Alaska,Army US - Military,0,11,7,July,1943-07-27,11,0,0.0,1.0,11,Douglas,11,1943-07
1951,Qtr 3,July,21,Alaska,Douglas C 54ACF,Near Sitka Alaska,Lines Air Pacific Canadian,0,37,7,July,1951-07-21,37,0,0.0,1.0,37,Douglas,37,1951-07
1996,Qtr 3,July,20,Alaska,Douglas DC 6AN313RS,Russian Mission Alaska,Cargo Air Northern,0,4,7,July,1996-07-20,4,0,0.0,1.0,4,Douglas,4,1996-07
1961,Qtr 3,July,21,Alaska,Douglas DC 6AN6118C,Shemya Alaska,Airlines Alaska,0,6,7,July,1961-07-21,6,0,0.0,1.0,6,Douglas,6,1961-07
2010,Qtr 3,July,28,Alaska,McDonnell Douglas C 17A Globemaster III00,Near Elmendorf AFB Alaska,Force Air US - Military,0,4,7,July,2010-07-28,4,0,0.0,1.0,4,McDonnell Douglas,4,2010-07
1992,Qtr 3,July,13,Alaska,Shorts SC 7 Skyvan 3A,Bethel Alaska,Service Air Circle Arctic,0,1,7,July,1992-07-13,1,0,0.0,1.0,1,Short,1,1992-07
1950,Qtr 3,July,29,Algeria,Bristol 170 Freighter 21F BENF,Tunbukta Algeria,Transport Air Cie,0,26,7,July,1950-07-29,26,0,0.0,1.0,26,Bristol 170 Freighter,26,1950-07
1969,Qtr 3,July,26,Algeria,Sud Aviation SE 210 Caravelle 6N7T,Biskra Algeria,Algerie Air,0,37,7,July,1969-07-26,33,4,10.81081081081081,0.8918918918918919,33,Sud Aviation,33,1969-07
1984,Qtr 3,July,21,American,de Havilland Canada DHC 6 Twin Otter 300N43SP,Tau Island American,Airways Island Pacific SamoaSouth,0,14,7,July,1984-07-21,1,13,92.85714285714286,0.07142857142857142,1,de Havilland Canada,1,1984-07
1999,Qtr 3,July,1,Angola,Antonov 12BTN AFR,Luzamba Angola,Savanair,0,5,7,July,1999-07-01,1,4,80.0,0.2,1,Antonov,1,1999-07
1989,Qtr 3,July,26,Angola,Antonov AN 26?,Near Chana Angola,Force Air Angolan - Military,0,48,7,July,1989-07-26,42,6,12.5,0.875,42,Antonov,42,1989-07
1977,Qtr 3,July,14,Angola,Antonov AN 26?,Near Cuangar Angola,Force Air Angolan - Military,0,30,7,July,1977-07-14,30,0,0.0,1.0,30,Antonov,30,1977-07
1950,Qtr 3,July,18,Angola,Douglas DC 3CR,Near Bocoio Angola,Airlines Angola DTA,0,9,7,July,1950-07-18,9,0,0.0,1.0,9,Douglas,9,1950-07
1947,Qtr 3,July,25,Argentina,Avro 685 York ILV XIH,Moron Argentina,Argentina Mercante Aérea Flota,2,6,7,July,1947-07-25,2,4,66.66666666666666,0.3333333333333333,4,Avro 685 York,4,1947-07
1956,Qtr 3,July,16,Argentina,Douglas DC 3LV,Rio Cuarto Argentina,Argentinas Aerolineas,0,18,7,July,1956-07-16,18,0,0.0,1.0,18,Douglas,18,1956-07
1961,Qtr 3,July,19,Argentina,Douglas DC 6LV,Near Azul Argentina,Argentinas Aerolineas,0,67,7,July,1961-07-19,67,0,0.0,1.0,67,Douglas,67,1961-07
1998,Qtr 3,July,16,Argentina,Rockwell Sabreliner 60LV WPO,Córdoba Argentina,Sur del Alas,0,3,7,July,1998-07-16,3,0,0.0,1.0,3,Rockwell Sabreliner,3,1998-07
1948,Qtr 3,July,29,Argentina,Short Sandringham 2 (flying boat)LV AAP,Buenos Aires Argentina,ALFA,0,24,7,July,1948-07-29,18,6,25.0,0.75,18,Short Sandringham 2 (flying,18,1948-07
1981,Qtr 3,July,18,Armenia,Canadair CL 44D4,Near Yerevan Armenia,TAR,0,4,7,July,1981-07-18,4,0,0.0,1.0,4,Canadair,4,1981-07
1949,Qtr 3,July,2,Australia,Douglas C 47A,Near Guildford Australia,Airlines Roberston-Miller Mac,0,18,7,July,1949-07-02,18,0,0.0,1.0,18,Douglas,18,1949-07
1931,Qtr 3,July,14,Australia,Lasco LascowlVH UGF,Temora Australia,Services Aerial Australian,0,2,7,July,1931-07-14,2,0,0.0,1.0,2,Lasco,2,1931-07
1942,Qtr 3,July,7,Australia,Lockheed HudsonA16 198,Off Broken Head Australia,Force Air Australian Royal - Military,0,10,7,July,1942-07-07,10,0,0.0,1.0,10,Lockheed,10,1942-07
1992,Qtr 3,July,14,Azerbaijan,Antonov AN 12VCCCP,Near Nakhichevan Azerbaijan,Force Air Russian - Military,0,34,7,July,1992-07-14,29,5,14.705882352941178,0.8529411764705882,29,Antonov,29,1992-07
1983,Qtr 3,July,11,Azuay,Boeing B 737,Near Cuenca Azuay,Ecuador TAME,0,119,7,July,1983-07-11,119,0,0.0,1.0,119,Boeing,119,1983-07
1958,Qtr 3,July,9,Baangladesh,Douglas C 47AVT,Dhaka Baangladesh,Airlines Indian,0,3,7,July,1958-07-09,3,0,0.0,1.0,3,Douglas,3,1958-07
2003,Qtr 3,July,13,Bahamas,Cessna 402CN314AB,Off Treasure Cay Bahamas,Sunshine Air,0,10,7,July,2003-07-13,2,8,80.0,0.2,2,Cessna,2,2003-07
2000,Qtr 3,July,20,Bahamas,Douglas C 47A,Nassau Bahamas,Freight Air Allied,0,2,7,July,2000-07-20,2,0,0.0,1.0,2,Douglas,2,2000-07
1937,Qtr 3,July,28,Belgium,Douglas DC 2,Hal Belgium,Airlines Dutch Royal KLM,0,15,7,July,1937-07-28,15,0,0.0,1.0,15,Douglas,15,1937-07
1948,Qtr 3,July,1,Belgium,Fiat G.212CPI ELSA,Keerbergen Belgium,Italiane Linee Avio,0,12,7,July,1948-07-01,8,4,33.33333333333333,0.6666666666666666,8,Fiat,8,1948-07
1926,Qtr 3,July,9,Belgium,Fokker F7H NACC,Wolvertem Belgium,Airlines Dutch Royal KLM,0,2,7,July,1926-07-09,2,0,0.0,1.0,2,Fokker,2,1926-07
1951,Qtr 3,July,29,Bolivia,Curtiss C 46ACB,Cochabamba Bolivia,Nacional Aéreo Loide,0,7,7,July,1951-07-29,7,0,0.0,1.0,7,Curtiss,7,1951-07
1973,Qtr 3,July,31,Boston,McDonnell Douglas DC 9,Logan Airport Boston,Massachusetts Delta Air Lines,0,89,7,July,1973-07-31,89,0,0.0,1.0,89,McDonnell Douglas,89,1973-07
2007,Qtr 3,July,17,Brazil,Airbus A 320,Sao Paulo Brazil,(Brazil) TAM,12,187,7,July,2007-07-17,187,0,0.0,1.0,199,Airbus,199,2007-07
1952,Qtr 3,July,27,Brazil,Boeing 377 StratocruiserN1030V,Off Rio de Janeiro Brazil,Airways World American Pan,0,27,7,July,1952-07-27,1,26,96.29629629629629,0.037037037037037035,1,Boeing 377,1,1952-07
1968,Qtr 3,July,15,Brazil,Curtiss C 46CPP,Gravata Brazil,Varig,0,3,7,July,1968-07-15,3,0,0.0,1.0,3,Curtiss,3,1968-07
1948,Qtr 3,July,14,Brazil,Douglas C 47APP,Belem Brazil,Brasil Aerovias,0,5,7,July,1948-07-14,5,0,0.0,1.0,5,Douglas,5,1948-07
1951,Qtr 3,July,12,Brazil,Douglas DC 3PP,Aracaju Brazil,Nacional Aereo Loide,0,33,7,July,1951-07-12,33,0,0.0,1.0,33,Douglas,33,1951-07
1963,Qtr 3,July,1,Brazil,Douglas DC 3PP,Passo Fundo Brazil,Varig,0,18,7,July,1963-07-01,15,3,16.666666666666664,0.8333333333333334,15,Douglas,15,1963-07
1998,Qtr 3,July,29,Brazil,Embraer 110 BandeirantePT LGN,Manacapuru River Brazil,Aero Taxi Selva,0,24,7,July,1998-07-29,5,19,79.16666666666666,0.20833333333333334,5,Embraer 110,5,1998-07
1997,Qtr 3,July,9,Brazil,Fokker 100PT WHK,Suzano Brazil,(Brazil) TAM,0,60,7,July,1997-07-09,1,59,98.33333333333333,0.016666666666666666,1,Fokker,1,1997-07
2011,Qtr 3,July,13,Brazil,Let L 401UVP,Recife Brazil,Aéreas Linhas NOAR,0,16,7,July,2011-07-13,16,0,0.0,1.0,16,Let,16,2011-07
1954,Qtr 3,July,2,Brazil,Lockheed C 28C,Near Salvador Brazil,Force Air Brazilian - Military,0,24,7,July,1954-07-02,24,0,0.0,1.0,24,Lockheed,24,1954-07
1950,Qtr 3,July,28,Brazil,Lockheed 049 ConstellationPP PCG,Porte Alegre Brazil,Brasil do Panair,0,50,7,July,1950-07-28,50,0,0.0,1.0,50,Lockheed,50,1950-07
1950,Qtr 3,July,30,Brazil,Lockheed 18 LodeStarP SAA,Algrete Brazil,)SAVG Gaucha Viacao (S.A. SAVG,0,12,7,July,1950-07-30,12,0,0.0,1.0,12,Lockheed 18,12,1950-07
2004,Qtr 3,July,12,British,Convair CV 440N4826C,Off Beef Island British,Cargo Air IslandsDodita Virgin,0,2,7,July,2004-07-12,1,1,50.0,0.5,1,Convair,1,2004-07
2007,Qtr 3,July,8,British,de Havilland DHC 6 Twim Otter 100C,Muncho Lake British,Canada Columbia Liard Air,0,5,7,July,2007-07-08,1,4,80.0,0.2,1,De Havilland,1,2007-07
1965,Qtr 3,July,8,British,Douglas DC 6BCF,Dog Creek British,Canada Columbia Canadian Pacific Air Lines,0,52,7,July,1965-07-08,52,0,0.0,1.0,52,Douglas,52,1965-07
1931,Qtr 3,July,24,Bulgaria,Fokker F VIIF,Kurudjevo Bulgaria,CIDNA,0,7,7,July,1931-07-24,7,0,0.0,1.0,7,Fokker,7,1931-07
1955,Qtr 3,July,27,Bulgaria,Lockheed 049 Constellation4X AKC,Near Petrich bulgaria,Al El,0,58,7,July,1955-07-27,58,0,0.0,1.0,58,Lockheed,58,1955-07
1916,Qtr 3,July,28,Bulgeria,Schutte Lanz S,Near Jambol Bulgeria,Army German - Military,0,20,7,July,1916-07-28,20,0,0.0,1.0,20,Schutte,20,1916-07
1946,Qtr 3,July,25,Burma,Douglas C 47 DakotaKN585,Bassein Burma,Force Air -Royal Military,0,22,7,July,1946-07-25,22,0,0.0,1.0,22,Douglas,22,1946-07
1976,Qtr 3,July,5,Burma,Douglas C 47?,Daiku Burma,Force Air Burma - Military,0,17,7,July,1976-07-05,17,0,0.0,1.0,17,Douglas,17,1976-07
1982,Qtr 3,July,23,California,Bell UH 1B Huey HelicopterN87701,Castaic California,Helicopter Western,3,1,7,July,1982-07-23,0,1,100.0,0.0,3,Bell,3,1982-07
1972,Qtr 3,July,5,California,Boeing 737 200?,San Francisco California,Airlines Southwest Pacific,0,86,7,July,1972-07-05,3,83,96.51162790697676,0.03488372093023256,3,Boeing,3,1972-07
1971,Qtr 3,July,30,California,Boeing B 747,San Francisco California,Airways World American Pan,0,218,7,July,1971-07-30,0,218,100.0,0.0,0,Boeing,0,1971-07
2013,Qtr 3,July,6,California,Boeing B 777,San Francisco California,Airlines Asiana,0,307,7,July,2013-07-06,3,304,99.0228013029316,0.009771986970684038,3,Boeing,3,2013-07
1957,Qtr 3,July,25,California,Convair CV 240N8405H,Daggett California,Airlines Western,0,16,7,July,1957-07-25,1,15,93.75,0.0625,1,Convair,1,1957-07
1949,Qtr 3,July,12,California,Curtiss C 46E,Chatsworth California,Airlines Standard,0,48,7,July,1949-07-12,35,13,27.083333333333332,0.7291666666666666,35,Curtiss,35,1949-07
1934,Qtr 3,July,9,California,Lockheed VegaNC32E,San Bernardino California,Services Air United,0,4,7,July,1934-07-09,3,1,25.0,0.75,3,Lockheed,3,1934-07
1970,Qtr 3,July,5,Canada,McDonnell Douglas DC 8,Toronto Canada,Canada Air,0,109,7,July,1970-07-05,109,0,0.0,1.0,109,McDonnell Douglas,109,1970-07
1972,Qtr 3,July,6,Canary,McDonnell Douglas DC 8,Off Las Palmas Canary,Spain Islands Aviaco,0,10,7,July,1972-07-06,10,0,0.0,1.0,10,McDonnell Douglas,10,1972-07
1947,Qtr 3,July,15,Cargo,Junkers Ju 52/3mF,Vichy Cargo,Unknown Operator,0,19,7,July,1947-07-15,1,18,94.73684210526315,0.05263157894736842,1,Junkers,1,1947-07
2002,Qtr 3,July,4,Central,Boeing B 707,Bangui Central,Charter (Cargo) Airlines RepublicPrestige African,0,27,7,July,2002-07-04,27,0,0.0,1.0,27,Boeing,27,2002-07
1966,Qtr 3,July,11,Chile,Curtiss C 46DHK,Cerro el Planchon Chile,Colombia Aeropesca,0,8,7,July,1966-07-11,8,0,0.0,1.0,8,Curtiss,8,1966-07
1977,Qtr 3,July,24,Chile,Douglas DC 6BFAC,Near Puerto Montt Chile,Force Air Chilean - Military,0,82,7,July,1977-07-24,38,44,53.65853658536586,0.4634146341463415,38,Douglas,38,1977-07
1993,Qtr 3,July,23,China,British Aerospace 146 300B,Yinchuan China,Airlines Northwest China,0,113,7,July,1993-07-23,55,58,51.32743362831859,0.48672566371681414,55,British Aerospace,55,1993-07
1946,Qtr 3,July,13,China,Curtiss C 46?,Tsinan China,Transport Air Central,0,49,7,July,1946-07-13,13,36,73.46938775510205,0.2653061224489796,13,Curtiss,13,1946-07
1948,Qtr 3,July,29,China,Curtiss C 46D,Tsingtao China,Transport Air Civil,0,19,7,July,1948-07-29,19,0,0.0,1.0,19,Curtiss,19,1948-07
1947,Qtr 3,July,31,China,Douglas C 47?,Near Yumen China,Force Air Chinese - Military,0,26,7,July,1947-07-31,26,0,0.0,1.0,26,Douglas,26,1947-07
1951,Qtr 3,July,20,China,Douglas C 47AF,Thudamot China,Outre-Mer Air,0,3,7,July,1951-07-20,3,0,0.0,1.0,3,Douglas,3,1951-07
1954,Qtr 3,July,23,China,Douglas DC 4VR,Off Hainan Island China,Airways Pacific Cathay,0,18,7,July,1954-07-23,10,8,44.44444444444444,0.5555555555555556,10,Douglas,10,1954-07
2008,Qtr 3,July,7,Colombia,Boeing B 747,Near Bogota Colombia,Cargo Air Centurian,3,8,7,July,2008-07-07,0,8,100.0,0.0,3,Boeing,3,2008-07
1988,Qtr 3,July,6,Colombia,Canadair CL 44JHK,Barranquilla Colombia,Suramericanas Aéreas Lineas,0,8,7,July,1988-07-06,8,0,0.0,1.0,8,Canadair,8,1988-07
2015,Qtr 3,July,31,Colombia,CASA CN 235,Near Agustin Codazzi Colombia,Force Air Colombia - Military,0,11,7,July,2015-07-31,11,0,0.0,1.0,11,CASA,11,2015-07
2000,Qtr 3,July,9,Colombia,Curtiss C 46A,Villavicencio Colombia,Colombia CORAL,0,19,7,July,2000-07-09,13,6,31.57894736842105,0.6842105263157895,13,Curtiss,13,2000-07
1991,Qtr 3,July,4,Colombia,de Havilland Canada DHC 6 Twin Otter 300HK,El Yopal Colombia,Colombia Helicol,0,3,7,July,1991-07-04,3,0,0.0,1.0,3,de Havilland Canada,3,1991-07
1999,Qtr 3,July,23,Colombia,de Havilland Canada DHC 7,Near Orito Colombia,Army U.S. - Military,0,7,7,July,1999-07-23,7,0,0.0,1.0,7,de Havilland Canada,7,1999-07
1981,Qtr 3,July,25,Colombia,Douglas C 53D,Caruru Colombia,Transamazonica,0,9,7,July,1981-07-25,5,4,44.44444444444444,0.5555555555555556,5,Douglas,5,1981-07
1972,Qtr 3,July,29,Colombia,Douglas DC 3 / Douglas DC,Villavicencio Colombia,AVIANCA / AVIANCA,0,38,7,July,1972-07-29,38,0,0.0,1.0,38,Douglas,38,1972-07
1974,Qtr 3,July,24,Colombia,Douglas DC 4HK,Bogota Colombia,Colombia Aeronorte,0,3,7,July,1974-07-24,3,0,0.0,1.0,3,Douglas,3,1974-07
1999,Qtr 3,July,4,Colombia,Douglas DC 6AHK,Villavicencio Colombia,Colombia LANC,0,18,7,July,1999-07-04,5,13,72.22222222222221,0.2777777777777778,5,Douglas,5,1999-07
1985,Qtr 3,July,24,Colombia,Douglas DC 6BFAC,Leticia Colombia,Colombiana Aérea Fuerza,0,80,7,July,1985-07-24,80,0,0.0,1.0,80,Douglas,80,1985-07
1935,Qtr 3,July,28,Colombia,Junkers W 34406,El Retiro Colombia,Colombiana Aerea Fuerza,0,5,7,July,1935-07-28,5,0,0.0,1.0,5,Junkers,5,1935-07
1975,Qtr 3,July,10,Colombia,Lockheed L 188AF ElectraHK,Bogota Colombia,Condor Aerovias,0,4,7,July,1975-07-10,2,2,50.0,0.5,2,Lockheed,2,1975-07
1997,Qtr 3,July,6,Colombia,Mil Mi 17 (helicopter)?,Near Saravena Colombia,Army Colombian - Military,0,29,7,July,1997-07-06,25,4,13.793103448275861,0.8620689655172413,25,Mil,25,1997-07
1966,Qtr 3,July,11,Colorado,de Havilland 104 6AN1563V,Hideaway Park Colorado,Airways Alamo,0,3,7,July,1966-07-11,3,0,0.0,1.0,3,De Havilland,3,1966-07
1961,Qtr 3,July,11,Colorado,McDonnell Douglas DC 8,Denver Colorado,Lines Air United,1,122,7,July,1961-07-11,17,105,86.0655737704918,0.13934426229508196,18,McDonnell Douglas,18,1961-07
1920,Qtr 3,July,20,Columbia,Farman F 40?,Cartagena Columbia,Aérea Navegación de Colombiana Compañia,0,1,7,July,1920-07-20,1,0,0.0,1.0,1,Farman,1,1920-07
2011,Qtr 3,July,8,Congo,Boeing B 727,Kisangani Congo,Airways Bora Hewa,0,115,7,July,2011-07-08,77,38,33.04347826086956,0.6695652173913044,77,Boeing,77,2011-07
1936,Qtr 3,July,15,Croatia,Spartan CruiserYU SAP,Zagreb Croatia,Aeroput,0,7,7,July,1936-07-15,7,0,0.0,1.0,7,Spartan,7,1936-07
1997,Qtr 3,July,11,Cuba,Antonov AN 24CU,Off Santiago de Cuba Cuba,Aviacion de Cubana,0,44,7,July,1997-07-11,44,0,0.0,1.0,44,Antonov,44,1997-07
1926,Qtr 3,July,3,Czechoslovakia,Caudron C 61F,Rossaugpt Czechoslovakia,Aérienne Navigation de Internationale Compagnie,0,6,7,July,1926-07-03,6,0,0.0,1.0,6,Caudron,6,1926-07
1976,Qtr 3,July,28,Czechoslovakia,Ilyushin IL 18LOK,Bratislava Czechoslovakia,Aerolinie Ceskoslovenske,0,79,7,July,1976-07-28,76,3,3.79746835443038,0.9620253164556962,76,Ilyushin,76,1976-07
2006,Qtr 3,July,7,Democratic,Antonov AN 12B9Q,Sake Democratic,Airlines CongoMango Republic,0,5,7,July,2006-07-07,5,0,0.0,1.0,5,Antonov,5,2006-07
1994,Qtr 3,July,17,Democratic,Yakovlev 40DRA 87256,Boma Democratic,Service Air CongoSankuru Republic,0,9,7,July,1994-07-17,5,4,44.44444444444444,0.5555555555555556,5,Yakovlev,5,1994-07
1960,Qtr 3,July,16,Denmark,de Havilland DH 89 Dragon RapideOY,Copenhagen Denmark,Tjenesten Flyve,0,9,7,July,1960-07-16,8,1,11.11111111111111,0.8888888888888888,8,De Havilland,8,1960-07
1930,Qtr 3,July,7,Denmark,Dornier WalD 864,Bornholm Denmark,Lufthansa Deutsche,0,8,7,July,1930-07-07,5,3,37.5,0.625,5,Dornier,5,1930-07
1946,Qtr 3,July,17,Ecuador,Curtiss C 46D,Cuenca Ecuador,ANDESA,0,30,7,July,1946-07-17,30,0,0.0,1.0,30,Curtiss,30,1946-07
1960,Qtr 3,July,11,Ecuador,Douglas C 47B,Near Quito Ecuador,Misson U.S. - Military,0,18,7,July,1960-07-11,18,0,0.0,1.0,18,Douglas,18,1960-07
1965,Qtr 3,July,7,Egypt,Antonov AN 12?,Cairo Egypt,Force Air Soviet - Military,0,31,7,July,1965-07-07,30,1,3.225806451612903,0.967741935483871,30,Antonov,30,1965-07
1968,Qtr 3,July,3,England,Airspeed AS.57 Ambassador 2G AMAD,London England,Transport Air BKS,0,8,7,July,1968-07-03,6,2,25.0,0.75,6,Airspeed AS.57 Ambassador,6,1968-07
1998,Qtr 3,July,27,England,Consolidated PBY 5A CatalinaVP,Southhampton England,Sailing Plane,0,18,7,July,1998-07-27,4,14,77.77777777777779,0.2222222222222222,4,Consolidated,4,1998-07
1965,Qtr 3,July,6,England,Handley Page Hastings C Mark 1TG577,Near Oxford England,Force Air -Royal Military,0,41,7,July,1965-07-06,41,0,0.0,1.0,41,Handley Page Hastings C Mark,41,1965-07
1942,Qtr 3,July,20,England,Lockheed HudsonN7253,Llanfair England,Force Air Royal - Military,0,13,7,July,1942-07-20,13,0,0.0,1.0,13,Lockheed,13,1942-07
1928,Qtr 3,July,13,England,Vickers 74 VulcanG EBLB,Purley England,Airways Imperial,0,6,7,July,1928-07-13,4,2,33.33333333333333,0.6666666666666666,4,Vickers 74,4,1928-07
1951,Qtr 3,July,12,England,Vickers Valetta C 1VW194,Lyneham AFB England,Force Air Royal - Military,0,10,7,July,1951-07-12,10,0,0.0,1.0,10,Vickers Valetta,10,1951-07
2005,Qtr 3,July,16,Equatorial,Antonov AN 24B3C,Baney Equatorial,GuineaEcuatair,0,60,7,July,2005-07-16,60,0,0.0,1.0,60,Antonov,60,2005-07
1998,Qtr 3,July,17,Eritrea,Ilyushin II 76UR,Asmara Eritrea,Company Transport Aviation Ukraine,0,10,7,July,1998-07-17,10,0,0.0,1.0,10,Ilyushin,10,1998-07
2007,Qtr 3,July,23,Ethiopia,Antonov AN 26VEX,Near Shinile Ethiopia,Airlines Djibouti,0,9,7,July,2007-07-23,1,8,88.88888888888889,0.1111111111111111,1,Antonov,1,2007-07
1977,Qtr 3,July,20,Ethiopia,Douglas DC 3ET,Jima Ethiopia,Airlines Ethiopian,0,5,7,July,1977-07-20,5,0,0.0,1.0,5,Douglas,5,1977-07
1960,Qtr 3,July,15,Ethiopia,Douglas DC 3ET,Near Jima Ethiopia,Airlines Ethiopian,0,11,7,July,1960-07-15,1,10,90.9090909090909,0.09090909090909091,1,Douglas,1,1960-07
1979,Qtr 3,July,12,Fiji,Britten Norman BN 2A TrislanderDQ,Bua Fiji,Services Air Fiji,0,9,7,July,1979-07-12,9,0,0.0,1.0,9,Britten Norman,9,1979-07
1999,Qtr 3,July,24,Fiji,Embraer 110P1 BandeiranteDQ AFN,Nasevou Village Fiji,Fiji Air,0,17,7,July,1999-07-24,17,0,0.0,1.0,17,Embraer 110P1,17,1999-07
1947,Qtr 3,July,13,Florida,Douglas DC 3NC79024,Melbourne Florida,Transport Air Burke,0,36,7,July,1947-07-13,14,22,61.111111111111114,0.3888888888888889,14,Douglas,14,1947-07
1953,Qtr 3,July,17,Florida,Fairchild R4Q 2131663,Near Milton Florida,Navy U.S. - Military,0,46,7,July,1953-07-17,44,2,4.3478260869565215,0.9565217391304348,44,Fairchild,44,1953-07
1996,Qtr 3,July,6,Florida,McDonnell Douglas MD 88N927DA,Pensacola Florida,Lines Air Delta,0,142,7,July,1996-07-06,2,140,98.59154929577466,0.014084507042253521,2,McDonnell Douglas,2,1996-07
2000,Qtr 3,July,25,France,Aerospatiale BAe Concorde 101F BTSC,Gonesse France,France Air,4,109,7,July,2000-07-25,109,0,0.0,1.0,113,Aerospatiale BAe Concorde,113,2000-07
1998,Qtr 3,July,30,France,Beechcraft 1900D / Cessna 177F GSJM/F,Near Quiberon France,Private / Air Proteus,0,15,7,July,1998-07-30,15,0,0.0,1.0,15,Beechcraft 1900D / Cessna,15,1998-07
1962,Qtr 3,July,30,France,Douglas DC 3F,Coulommiers France,France Air,0,8,7,July,1962-07-30,4,4,50.0,0.5,4,Douglas,4,1962-07
1971,Qtr 3,July,30,France,Nord 2501 Noratlas49,Near Pau France,Force Air French - Military,0,39,7,July,1971-07-30,37,2,5.128205128205128,0.9487179487179487,37,Nord 2501,37,1971-07
1948,Qtr 3,July,7,French,Douglas DC 3F,Djiring French,Azur Indo-ChinaAigle,0,16,7,July,1948-07-07,16,0,0.0,1.0,16,Douglas,16,1948-07
1947,Qtr 3,July,1,French,Junkers Ju 52/3mF,Near Eaeka French,France CameroonsAir,0,13,7,July,1947-07-01,13,0,0.0,1.0,13,Junkers,13,1947-07
1982,Qtr 3,July,3,Gabon,Cessna 404 TitanTR LYQ,Oganda Gabon,Gabon Affaires Air,0,12,7,July,1982-07-03,12,0,0.0,1.0,12,Cessna 404,12,1982-07
1969,Qtr 3,July,6,Georgia,Beechcraft B 99N844NS,Near Monroe Georgia,South Air,0,14,7,July,1969-07-06,14,0,0.0,1.0,14,Beechcraft,14,1969-07
1993,Qtr 3,July,6,Georgia,Mil Mi 8?,Near Ochamchire Georgia,Force Air Georgian - Military,0,23,7,July,1993-07-06,23,0,0.0,1.0,23,Mil,23,1993-07
1992,Qtr 3,July,20,Georgia,Tupolev TU 154BCCCP,Tbilisi Georgia,Air Georgian,4,24,7,July,1992-07-20,24,0,0.0,1.0,28,Tupolev,28,1992-07
1975,Qtr 3,July,15,Georgia,Yakovlev YAK 40CCCP,Near Batumi Georgia,USSRAeroflot,0,40,7,July,1975-07-15,40,0,0.0,1.0,40,Yakovlev,40,1975-07
1964,Qtr 3,July,15,Germany,Boeing 720D ABDOP,Ansbach Germany,Lufthansa,0,3,7,July,1964-07-15,3,0,0.0,1.0,3,Boeing,3,1964-07
1934,Qtr 3,July,27,Germany,Curtiss AT 32C CondorCH,Near Tuttlingen Germany,Swissair,0,12,7,July,1934-07-27,12,0,0.0,1.0,12,Curtiss,12,1934-07
1927,Qtr 3,July,27,Germany,Junkers F 13D,Amoneburg Germany,Lufthansa Deutsche,0,5,7,July,1927-07-27,5,0,0.0,1.0,5,Junkers,5,1927-07
1926,Qtr 3,July,24,Germany,Junkers F 13D,Juist Germany,Lufthansa Deutsche,0,5,7,July,1926-07-24,5,0,0.0,1.0,5,Junkers,5,1926-07
2002,Qtr 3,July,1,Germany,Tupolev TU 154M / Boeing B,Uberlingen Germany,Express Worldwide DHL / Airlines Bashkirian,0,71,7,July,2002-07-01,71,0,0.0,1.0,71,Tupolev,71,2002-07
1922,Qtr 3,July,4,Germany?,LVG C VI?,Fuhlsbuttel Germany?,Unknown Operator,0,3,7,July,1922-07-04,2,1,33.33333333333333,0.6666666666666666,2,LVG C,2,1922-07
1970,Qtr 3,July,3,Gerona,de Havilland Comet 4G APDN,Near Arbucias Gerona,Spain Dan Air Services,0,112,7,July,1970-07-03,112,0,0.0,1.0,112,de Havilland Comet,112,1970-07
1944,Qtr 3,July,31,Gilbert,Consolidated Catalina PB2Y 3R7233,Funafuti Gilbert,Pacific Ocean Islands Pan American Airways,0,24,7,July,1944-07-31,22,2,8.333333333333332,0.9166666666666666,22,Consolidated Catalina,22,1944-07
2022,Qtr 3,July,16,Greece,Antonov An 12UR,Eleftheroupolis Greece,Meridian,0,8,7,July,2022-07-16,8,0,0.0,1.0,8,Antonov,8,2022-07
1972,Qtr 3,July,20,Greece,Sud Aviation SE210 Caravelle?,Corfu Island Greece,Charter,0,84,7,July,1972-07-20,1,83,98.80952380952381,0.011904761904761904,1,Sud,1,1972-07
1983,Qtr 3,July,1,Guinea,Ilyushin IL 62MB,Labe Guinea,CAAK,0,23,7,July,1983-07-01,23,0,0.0,1.0,23,Ilyushin,23,1983-07
1949,Qtr 3,July,13,Gujarat,Hawker Hunter?,Jamnagar Gujarat,India state Indian Air Force,14,0,7,July,1949-07-13,0,0,Unknown,Unknown,14,Hawker,14,1949-07
1994,Qtr 3,July,14,Hawaii,Aerospatiale AS350DN151BH,Hanalei Hawaii,Ltd. Helicopters Papillion - Taxi Air,0,7,7,July,1994-07-14,3,4,57.14285714285714,0.42857142857142855,3,Aerospatiale,3,1994-07
2000,Qtr 3,July,21,Hawaii,Aerospatiale AS355 F1N510TG,Maui Hawaii,Helicopters Hawaiian Blue,0,7,7,July,2000-07-21,7,0,0.0,1.0,7,Aerospatiale,7,2000-07
1962,Qtr 3,July,22,Hawaii,Bristol Britannia 314CF CZB,Honolulu Hawaii,Lines Air Pacific Canadian,0,40,7,July,1962-07-22,27,13,32.5,0.675,27,Bristol Britannia,27,1962-07
1969,Qtr 3,July,25,Hawaii,De Havilland DH 104 DoveN88G,Kekaha Hawaii,Air Isle Trans,0,13,7,July,1969-07-25,1,12,92.3076923076923,0.07692307692307693,1,De Havilland,1,1969-07
1973,Qtr 3,July,24,HIAir,Volpar C45GN234JC,Honolulu HIAir,Hawaii,0,5,7,July,1973-07-24,5,0,0.0,1.0,5,Volpar,5,1973-07
1977,Qtr 3,July,25,Honduras,Douglas C 47FAH,Near Yoro Honduras,Force Air Honduran - Military,0,40,7,July,1977-07-25,25,15,37.5,0.625,25,Douglas,25,1977-07
1925,Qtr 3,July,24,Hungary,Potez IX?,Budapest Hungary,CIDNA,0,1,7,July,1925-07-24,1,0,0.0,1.0,1,Potez,1,1925-07
1955,Qtr 3,July,17,Illinois,Convair CV 340,Chicago Illinois,Airlines Braniff,0,43,7,July,1955-07-17,22,21,48.837209302325576,0.5116279069767442,22,Convair,22,1955-07
1919,Qtr 3,July,21,Illinois,FD Type Dirigible?,Chicago Illinois,Tire Goodyear Express Air Wingfoot,10,0,7,July,1919-07-21,3,-3,-inf,Unknown,13,FD Type,13,1919-07
1931,Qtr 3,July,12,Illinois,Lockheed VegaNC8497,Chicago Illinois,Airlines Braniff,0,2,7,July,1931-07-12,2,0,0.0,1.0,2,Lockheed,2,1931-07
1931,Qtr 3,July,21,Illinois,Pitcairn PA 6 Mailwing?,Centralia Illinois,Airways American,0,1,7,July,1931-07-21,1,0,0.0,1.0,1,Pitcairn,1,1931-07
1960,Qtr 3,July,27,Illinois,Sikorsky S 58C helicopterN879,Forest Park Illinois,Airways Helicopter Chicago,0,13,7,July,1960-07-27,13,0,0.0,1.0,13,Sikorsky,13,1960-07
2019,Qtr 3,July,30,India,Beechcraft B300 King Air766,Rawalpindi India,Army Pakistan - Military,14,5,7,July,2019-07-30,5,0,0.0,1.0,19,Beechcraft B300 King,19,2019-07
2000,Qtr 3,July,17,India,Boeing B 737,Patna India,Airlines Airlines/Alliance Indian,5,58,7,July,2000-07-17,55,3,5.172413793103448,0.9482758620689655,60,Boeing,60,2000-07
1998,Qtr 3,July,30,India,Dornier 228 201VT,Kochi India,Airlines Alliance,2,6,7,July,1998-07-30,6,0,0.0,1.0,8,Dornier,8,1998-07
1951,Qtr 3,July,12,India,Douglas C 47BVT,Near Tezpur India,Indamer,0,3,7,July,1951-07-12,3,0,0.0,1.0,3,Douglas,3,1951-07
1962,Qtr 3,July,16,India,Douglas C 47VT,Near Loheshyphn India,Airlines Kalinga,0,9,7,July,1962-07-16,9,0,0.0,1.0,9,Douglas,9,1962-07
1950,Qtr 3,July,17,India,Douglas DC 3VT,Near Pathankot India,Airlines National Indian,0,22,7,July,1950-07-17,22,0,0.0,1.0,22,Douglas,22,1950-07
1997,Qtr 3,July,3,India,Fokker F 27 Friendship 200VT,Madh Island India,Airlines Elbee,0,2,7,July,1997-07-03,2,0,0.0,1.0,2,Fokker,2,1997-07
1996,Qtr 3,July,11,India,Let 410VT ETC,Near Kanda India,Airlines Archana,0,9,7,July,1996-07-11,9,0,0.0,1.0,9,Let,9,1996-07
1949,Qtr 3,July,12,India,Lockheed L 749,Near Bombay India,Airlines Dutch Royal KLM,0,45,7,July,1949-07-12,45,0,0.0,1.0,45,Lockheed,45,1949-07
2016,Qtr 3,July,22,Indian,Antonov 32K2743,Bay of Bengal Indian,Force Air OceanIndian,0,29,7,July,2016-07-22,29,0,0.0,1.0,29,Antonov,29,2016-07
1966,Qtr 3,July,24,Indiana,Beechcraft H50N538B,Near Munster Indiana,Aviation Mainline - Private,0,4,7,July,1966-07-24,4,0,0.0,1.0,4,Beechcraft,4,1966-07
2002,Qtr 3,July,16,Indonesia,Britten Norman BN,Near Long Barai Indonesia,Charter Air Raya Merauke Sabang,0,10,7,July,2002-07-16,10,0,0.0,1.0,10,Britten,10,2002-07
1997,Qtr 3,July,17,Indonesia,Fokker F 27 Friendship 600PK,Bandung Indonesia,Air Sempati,0,50,7,July,1997-07-17,30,20,40.0,0.6,30,Fokker,30,1997-07
1979,Qtr 3,July,11,Indonesia,Fokker F 28 Fellowship 1000PK,Near Medan Airfield Indonesia,Airlines Indonesia Garuda,0,61,7,July,1979-07-11,61,0,0.0,1.0,61,Fokker,61,1979-07
1957,Qtr 3,July,16,Indonesia,Lockheed 1049C Super ConstellationPH LKT,Near Biak Indonesia,Airlines Dutch Royal KLM,0,68,7,July,1957-07-16,58,10,14.705882352941178,0.8529411764705882,58,Lockheed 1049C Super,58,1957-07
1994,Qtr 3,July,26,Indonesia,Sikorsky S 58ETPK,East Kalimantan Indonesia,Services Airfast,0,18,7,July,1994-07-26,18,0,0.0,1.0,18,Sikorsky,18,1994-07
1989,Qtr 3,July,19,Iowa,McDonnell Douglas DC 10,Sioux City Iowa,Lines Air United,0,298,7,July,1989-07-19,112,186,62.41610738255034,0.37583892617449666,112,McDonnell Douglas,112,1989-07
1947,Qtr 3,July,16,Iran,Avro 685 YorkG AGMR,Az-Zubair Iran,Airways Overseas British,0,6,7,July,1947-07-16,6,0,0.0,1.0,6,Avro 685,6,1947-07
2009,Qtr 3,July,24,Iran,Ilyushin Il 62MUP,Mashad Iran,Airlines Aria,0,153,7,July,2009-07-24,16,137,89.54248366013073,0.10457516339869281,16,Ilyushin,16,2009-07
2009,Qtr 3,July,15,Iran,Tupolev 154MEP CPG,Near Qazvin Iran,Airlines Caspian,0,168,7,July,2009-07-15,168,0,0.0,1.0,168,Tupolev,168,2009-07
1956,Qtr 3,July,15,Ireland,Convair CV 440,Shannon Ireland,Swissair,0,4,7,July,1956-07-15,4,0,0.0,1.0,4,Convair,4,1956-07
1943,Qtr 3,July,28,Ireland,Short S 25 Sunderland 3 (flying boat)G,Brandon Head Ireland,Airways Overseas British,0,25,7,July,1943-07-28,10,15,60.0,0.4,10,Short,10,1943-07
1993,Qtr 3,July,1,Irian,Fokker F 28 Fellowship 3000PK,Sorong Irian,Indonesia Jaya Merpati Nusantara Airlines,0,43,7,July,1993-07-01,41,2,4.651162790697675,0.9534883720930233,41,Fokker,41,1993-07
1997,Qtr 3,July,30,Italy,Aerospatiale ATR 42,Florence Italy,Littoral Air,0,17,7,July,1997-07-30,1,16,94.11764705882352,0.058823529411764705,1,Aerospatiale,1,1997-07
1960,Qtr 3,July,31,Italy,Convair CV 240,Near Rimini Italy,Flugdienst Deutsche,0,34,7,July,1960-07-31,1,33,97.05882352941177,0.029411764705882353,1,Convair,1,1960-07
1962,Qtr 3,July,9,Italy,Douglas DC 4OD,Off Brindisi Italy,Airways Mediterranean Trans,0,6,7,July,1962-07-09,6,0,0.0,1.0,6,Douglas,6,1962-07
1984,Qtr 3,July,12,Italy,Lockheed C 141B64,Sigonella AFB Italy,Force Air U.S. - Military,0,9,7,July,1984-07-12,9,0,0.0,1.0,9,Lockheed,9,1984-07
1941,Qtr 3,July,30,Italy,Macchi C.100I PACE,Rome Italy,Littoria Ala,0,25,7,July,1941-07-30,5,20,80.0,0.2,5,Macchi,5,1941-07
1938,Qtr 3,July,14,Italy,Savoia Marchetti S 66I,Off Sardinia Italy,Littoria Ala,0,20,7,July,1938-07-14,20,0,0.0,1.0,20,Savoia Marchetti,20,1938-07
1971,Qtr 3,July,30,Japan,Boeing B 727,Near Morioko Japan,Force Air Japanese / Airways Nippon All,0,164,7,July,1971-07-30,163,1,0.6097560975609756,0.9939024390243902,163,Boeing,163,1971-07
1999,Qtr 3,July,23,Japan,Boeing B 747JA8966,Tokyo Japan,Airways Nippon All,0,517,7,July,1999-07-23,1,516,99.80657640232108,0.0019342359767891683,1,Boeing,1,1999-07
1950,Qtr 3,July,27,Japan,Douglas C 47D44,Off O-shima Island Japan,Force Air U.S. - Military,0,26,7,July,1950-07-27,25,1,3.8461538461538463,0.9615384615384616,25,Douglas,25,1950-07
1970,Qtr 3,July,27,Japan,McDonnell Douglas DC 8,Tokyo Japan,Line Tiger Flying,0,4,7,July,1970-07-27,4,0,0.0,1.0,4,McDonnell Douglas,4,1970-07
1971,Qtr 3,July,3,Japan,NAMC YS 11A,Hokkaido Japan,(Japan) Airline Domestic Toa,0,68,7,July,1971-07-03,68,0,0.0,1.0,68,NAMC,68,1971-07
1936,Qtr 3,July,31,Jersey,Saro A 19 CloudG,Off Channel Islands Jersey,Airways Guernsey,0,10,7,July,1936-07-31,10,0,0.0,1.0,10,Saro,10,1936-07
1992,Qtr 3,July,31,Jiangsu,Yakovlev YAK 42DB,Nanjing Jiangsu,China China General Aviation Corporation,0,126,7,July,1992-07-31,108,18,14.285714285714285,0.8571428571428571,108,Yakovlev,108,1992-07
2000,Qtr 3,July,26,Jordan,Lockheed C 130H Hercules348,Mafraq Jordan,Force Air Jordanian Royal - Military,0,13,7,July,2000-07-26,13,0,0.0,1.0,13,Lockheed,13,2000-07
1946,Qtr 3,July,18,Kansas,Douglas C 47?,Goodland Kansas,Corps Air Army U.S. - Military,0,13,7,July,1946-07-18,13,0,0.0,1.0,13,Douglas,13,1946-07
1980,Qtr 3,July,8,Kazakhstan,Tupolev TU 154BCCCP,Near Alma-Ata Kazakhstan,USSRAeroflot,0,166,7,July,1980-07-08,166,0,0.0,1.0,166,Tupolev,166,1980-07
1930,Qtr 3,July,21,Kent,Junkers F 13geG,Near Meopham Kent,England Walcot Air Line,0,6,7,July,1930-07-21,6,0,0.0,1.0,6,Junkers,6,1930-07
1943,Qtr 3,July,28,Kentucky,Douglas DC 3NC16014,Trammel Kentucky,Airlines American,0,22,7,July,1943-07-28,20,2,9.090909090909092,0.9090909090909091,20,Douglas,20,1943-07
1938,Qtr 3,July,27,Kenya,Armstrong Withworth AtlantaG,Kisumu Kenya,Airways Imperial,0,4,7,July,1938-07-27,4,0,0.0,1.0,4,Armstrong,4,1938-07
1945,Qtr 3,July,11,Kenya,Douglas C 476812,Near Kisumu Kenya,Force Air African South - Military,0,28,7,July,1945-07-11,28,0,0.0,1.0,28,Douglas,28,1945-07
2014,Qtr 3,July,2,Kenya,Fokker 505Y CET,Near Nairobi Kenya,Aviation International Skyward,0,4,7,July,2014-07-02,4,0,0.0,1.0,4,Fokker,4,2014-07
2003,Qtr 3,July,19,Kenya,Swearingen SA 226T Metro IIZS,Mount Kenya Kenya,Charter Air Blake Ryan,0,14,7,July,2003-07-19,14,0,0.0,1.0,14,Swearingen,14,2003-07
1959,Qtr 3,July,15,Kuwait,Avro 685 YorkEP ADE,Kuwait City Kuwait,PAS,0,32,7,July,1959-07-15,32,0,0.0,1.0,32,Avro 685,32,1959-07
1963,Qtr 3,July,17,Laos,Curtiss C 46FB,Pak Tha Laos,America Air,0,6,7,July,1963-07-17,6,0,0.0,1.0,6,Curtiss,6,1963-07
1967,Qtr 3,July,25,Laos,Douglas DC 3B,Near Luang Prabang Laos,Aviation Taiwan,0,18,7,July,1967-07-25,18,0,0.0,1.0,18,Douglas,18,1967-07
1967,Qtr 3,July,25,Laos,Douglas DC 3XW,Near Luang Prabang Laos,Akat Vehu,0,16,7,July,1967-07-25,16,0,0.0,1.0,16,Douglas,16,1967-07
1979,Qtr 3,July,23,Lebanon,Boeing 707 327COD,Beirut Lebanon,Airways Mediterranean Trans,0,6,7,July,1979-07-23,6,0,0.0,1.0,6,Boeing,6,1979-07
1989,Qtr 3,July,27,Libya,McDonnell Douglas DC 10,Tripoli Libya,Airlines Korean,4,199,7,July,1989-07-27,75,124,62.311557788944725,0.3768844221105528,79,McDonnell Douglas,79,1989-07
1922,Qtr 3,July,16,Lorraine,Potez 29F FREI,Near Saverne Lorraine,France Compagnie Franco-Roumaine de Navigaation Aerienne,0,5,7,July,1922-07-16,5,0,0.0,1.0,5,Potez,5,1922-07
1982,Qtr 3,July,9,Louisiana,Boeing B 727,Kenner Louisiana,Airways World American Pan,8,145,7,July,1982-07-09,145,0,0.0,1.0,153,Boeing,153,1982-07
1988,Qtr 3,July,20,Louisiana,Douglas C 118AN33VX,Golden Meadow Louisiana,TACA,0,3,7,July,1988-07-20,3,0,0.0,1.0,3,Douglas,3,1988-07
1992,Qtr 3,July,24,Macedonia,Antonov 12BKCCCP 11342,Near Skopje Macedonia,Airlines Volga-Dnepr,0,8,7,July,1992-07-24,8,0,0.0,1.0,8,Antonov,8,1992-07
1963,Qtr 3,July,15,Madagascar,Douglas C 475R,Farafangana Madagascar,Madagascar Air,0,12,7,July,1963-07-15,6,6,50.0,0.5,6,Douglas,6,1963-07
1995,Qtr 3,July,18,Madagascar,Douglas C 47A5R,Near Antananivo Madagascar,Force Air Madagascar - Military,0,34,7,July,1995-07-18,34,0,0.0,1.0,34,Douglas,34,1995-07
1963,Qtr 3,July,27,Maharashtra,de Havilland Comet 4CSU ALD,Off Bandra Maharashtra,India United Arab Airlines,0,63,7,July,1963-07-27,63,0,0.0,1.0,63,de Havilland Comet,63,1963-07
1962,Qtr 3,July,7,Maharashtra,McDonnell Douglas DC 8,Near Junnar Maharashtra,India Alitalia,0,94,7,July,1962-07-07,94,0,0.0,1.0,94,McDonnell Douglas,94,1962-07
1944,Qtr 3,July,11,Maine,Douglas A 26B Invader 43,Portland Maine,Army U.S. - Military,19,2,7,July,1944-07-11,2,0,0.0,1.0,21,Douglas,21,1944-07
2000,Qtr 3,July,19,Maine,Grumman G 159 Gulfstream IC,Linneus Maine,Transport Airwave,0,2,7,July,2000-07-19,2,0,0.0,1.0,2,Grumman,2,2000-07
1967,Qtr 3,July,19,Malagasy,Douglas DC 4,Tananarive Malagasy,Madagascar RepublicAir,0,42,7,July,1967-07-19,42,0,0.0,1.0,42,Douglas,42,1967-07
1993,Qtr 3,July,30,Malaysia,Shorts SC 7 Skyvan 3,Serawak Malaysia,Airways Hornbill,0,17,7,July,1993-07-30,1,16,94.11764705882352,0.058823529411764705,1,Short,1,1993-07
1971,Qtr 3,July,24,Mali,Douglas DC 36V,Near Bamako Mali,Ivoire Air,0,6,7,July,1971-07-24,6,0,0.0,1.0,6,Douglas,6,1971-07
1951,Qtr 3,July,24,Mali,Douglas DC 3OO,Gao Mali,Sabena,0,3,7,July,1951-07-24,3,0,0.0,1.0,3,Douglas,3,1951-07
2014,Qtr 3,July,24,Mali,Mc Donnell Douglas MD 83EC,Aguelhok Mali,Algerie Air,0,116,7,July,2014-07-24,116,0,0.0,1.0,116,McDonnell Douglas,116,2014-07
1983,Qtr 3,July,23,Manitoba,Boeing B 767,Gimli Manitoba,Canada Air Canada,0,69,7,July,1983-07-23,0,69,100.0,0.0,0,Boeing,0,1983-07
1996,Qtr 3,July,24,Manmar,Fokker F 27 Friendship 600XY,Near Mergui Manmar,Airways Myanmar,0,49,7,July,1996-07-24,8,41,83.6734693877551,0.16326530612244897,8,Fokker,8,1996-07
1994,Qtr 3,July,17,Martinique,Britten Norman BN,Near Fort de France Martinique,Martinique Air,0,6,7,July,1994-07-17,6,0,0.0,1.0,6,Britten,6,1994-07
1989,Qtr 3,July,19,Maryland,Beech E18SN138JR,Glen Burnie Maryland,Inc. Airlines Centre - Taxi Air,0,5,7,July,1989-07-19,2,3,60.0,0.4,2,Beech,2,1989-07
1946,Qtr 3,July,9,Massachusetts,Boeing B17G43 39136,Holyoke Massachusetts,Forces Air Army U.S. - Military,0,25,7,July,1946-07-09,25,0,0.0,1.0,25,Boeing,25,1946-07
1965,Qtr 3,July,11,Massachusetts,EC 121H (Super Constellation)55,Off Nantucket Massachusetts,Force Air U.S. - Military,0,19,7,July,1965-07-11,16,3,15.789473684210526,0.8421052631578947,16,EC,16,1965-07
1999,Qtr 3,July,16,Massachusetts,Piper PA 32,Off Martha's Vineyard Massachusetts,Private,0,3,7,July,1999-07-16,3,0,0.0,1.0,3,Piper,3,1999-07
1994,Qtr 3,July,1,Mauritania,Fokker F 28 Fellowship 40005T,Near Tidjika Mauritania,Mauritanie Air,0,93,7,July,1994-07-01,80,13,13.978494623655912,0.8602150537634409,80,Fokker,80,1994-07
1987,Qtr 3,July,30,Mexico,Boeing B 377 StratofreighterHI,Mexico City Mexico,Ltd. International Air Belize,44,12,7,July,1987-07-30,5,7,58.333333333333336,0.4166666666666667,49,Boeing,49,1987-07
2000,Qtr 3,July,8,Mexico,British Aerospace BAe Jetstream 32EPN912FJ,Near Villahermosa Mexico,Aerocaribe,0,19,7,July,2000-07-08,19,0,0.0,1.0,19,British Aerospace BAe Jetstream,19,2000-07
1996,Qtr 3,July,17,Mexico,de Havilland Canada DHC 6 Twin Otter 300XA,Near Playa del Carmen Mexico,(Aerocaribe) Aerolatino,0,18,7,July,1996-07-17,1,17,94.44444444444444,0.05555555555555555,1,de Havilland Canada,1,1996-07
1955,Qtr 3,July,14,Mexico,Douglas DC 2,Oaxaca Mexico,Unidas Areas Lineas,0,22,7,July,1955-07-14,22,0,0.0,1.0,22,Douglas,22,1955-07
2008,Qtr 3,July,6,Mexico,Douglas DC9 15FN199US,Saltillo Mexico,Airlines Jet USA,0,2,7,July,2008-07-06,1,1,50.0,0.5,1,Douglas,1,2008-07
1999,Qtr 3,July,9,Mexico,Hawker Siddeley HS 125XA,Toluca Mexico,Express Jet Aero,0,4,7,July,1999-07-09,4,0,0.0,1.0,4,Hawker Siddeley,4,1999-07
1981,Qtr 3,July,27,Mexico,McDonnell Douglas DC 9,Chihuahua Mexico,Aeromexico,0,66,7,July,1981-07-27,32,34,51.515151515151516,0.48484848484848486,32,McDonnell Douglas,32,1981-07
2007,Qtr 3,July,5,Mexico,North American CT 39A SabrelineXA,Culiacan Mexico,SA Paqueteria Jett,6,3,7,July,2007-07-05,3,0,0.0,1.0,9,North American,9,2007-07
1998,Qtr 3,July,23,Mexico,Shorts SC 7 Skyvan 3,Pico de Orizaba Mexico,Force Air Mexican - Military,0,4,7,July,1998-07-23,4,0,0.0,1.0,4,Short,4,1998-07
1992,Qtr 3,July,27,Mexico,Vickers 798D ViscountXA SCM,Near Mexico City Mexico,Eslava Aero,0,4,7,July,1992-07-27,4,0,0.0,1.0,4,Vickers 798D,4,1992-07
1956,Qtr 3,July,9,Michigan,Vickers ViscountCF TGR,Near Flat Rock Michigan,Lines Air Canada Trans,0,35,7,July,1956-07-09,1,34,97.14285714285714,0.02857142857142857,1,Vickers,1,1956-07
1948,Qtr 3,July,4,Middlesex,Douglas DC 6 / RAF YorkSE,Northolt Middlesex,England Scandinavian Airlines (SAS),0,39,7,July,1948-07-04,39,0,0.0,1.0,39,Douglas,39,1948-07
2008,Qtr 3,July,31,Minnesota,British Aerospace BAe 125,Owatonna Minnesota,Jets Coast East,0,8,7,July,2008-07-31,8,0,0.0,1.0,8,British Aerospace,8,2008-07
2017,Qtr 3,July,10,Mississipi,Lockheed KC 130T Hercules165000,Near Itta Bena Mississipi,USMC,0,16,7,July,2017-07-10,16,0,0.0,1.0,16,Lockheed,16,2017-07
1935,Qtr 3,July,19,Mississippi,General 102 ENC,Off Chandeleur Island Mississippi,Corporation Service Air Wedell-Williams,0,2,7,July,1935-07-19,2,0,0.0,1.0,2,General,2,1935-07
1965,Qtr 3,July,1,Missouri,Boeing B 707,Kansas City Missouri,Airlines Continental,0,66,7,July,1965-07-01,0,66,100.0,0.0,0,Boeing,0,1965-07
1973,Qtr 3,July,23,Missouri,Fairchild Hiller FH,St. Louis Missouri,Lines Air Ozark,0,44,7,July,1973-07-23,38,6,13.636363636363635,0.8636363636363636,38,Fairchild,38,1973-07
1977,Qtr 3,July,6,Missouri,Lockheed L 188AF ElectraN280F,Saint Louis Missouri,Airways International Fleming,0,3,7,July,1977-07-06,3,0,0.0,1.0,3,Lockheed,3,1977-07
1938,Qtr 3,July,8,Montana,Lockheed 14 Super ElectraNC17383,Billings Montana,Airlines Orient Northwest,0,10,7,July,1938-07-08,1,9,90.0,0.1,1,Lockheed 14 Super,1,1938-07
1950,Qtr 3,July,9,Morocco,Douglas DC 3F,Casablanca Morocco,Azur Aigle,0,29,7,July,1950-07-09,22,7,24.137931034482758,0.7586206896551724,22,Douglas,22,1950-07
1961,Qtr 3,July,12,Morocco,Ilyushin IL 18BOK,Casablanca Morocco,Aerolinie Ceskoslovenske,0,72,7,July,1961-07-12,72,0,0.0,1.0,72,Ilyushin,72,1961-07
2011,Qtr 3,July,26,Morocco,Lockheed C 130 HerculeCNA,Near Guelmim Morocco,Force Air Moroccan Royal - Military,0,80,7,July,2011-07-26,80,0,0.0,1.0,80,Lockheed,80,2011-07
1986,Qtr 3,July,10,Mozambique,Douglas C 47A7312,Maputo Mozambique,Force Air Zimbabwe - Military,0,17,7,July,1986-07-10,17,0,0.0,1.0,17,Douglas,17,1986-07
1999,Qtr 3,July,2,Myanmar,Fokker F 27 Friendship 600XY,Sittwe Myanmar,Airways Myanmar,0,8,7,July,1999-07-02,8,0,0.0,1.0,8,Fokker,8,1999-07
1970,Qtr 3,July,18,Soviet Air Force,Antonov AN 22CCCP,North Atlantic OceanMilitary - Soviet Air Force,Unknown Operator,0,23,7,July,1970-07-18,23,0,0.0,1.0,23,Antonov,23,1970-07
2003,Qtr 3,July,23,Waialeale,Bell 206BN37741,Waialeale,Hawaii Jack Harter Helicopters,0,5,7,July,2003-07-23,5,0,0.0,1.0,5,Bell,5,2003-07
1946,Qtr 3,July,20,(2) U.S. Army Air Forces,Boeing B 17G / Boeing B,Off the Panama coastMilitary - (2) U.S. Army Air Forces,Unknown Operator,0,20,7,July,1946-07-20,20,0,0.0,1.0,20,Boeing,20,1946-07
1933,Qtr 3,July,18,Aegean SeaSocieta Anonima Aero Expresso Italiana,CMASA Wal (flying boat)I AZEE,Aegean SeaSocieta Anonima Aero Expresso Italiana,Unknown Operator,0,6,7,July,1933-07-18,6,0,0.0,1.0,6,CMASA Wal (flying,6,1933-07
1945,Qtr 3,July,4,Royal Air Force,Consolidated LB 30A LiberatorJT982,North Atlantic OceanMilitary -Royal Air Force,Unknown Operator,0,15,7,July,1945-07-04,15,0,0.0,1.0,15,Consolidated,15,1945-07
1948,Qtr 3,July,16,Pacific Ocean between Hong Kong and MacaoCathay Pacific Airways,Consolidated OA 10 CatalinaVR,Pacific Ocean between Hong Kong and MacaoCathay Pacific Airways,Unknown Operator,0,26,7,July,1948-07-16,25,1,3.8461538461538463,0.9615384615384616,25,Consolidated,25,1948-07
1943,Qtr 3,July,4,Gibraltar?,Consolidated Liberator B24 CA L,Gibraltar?,Unknown Operator,0,13,7,July,1943-07-04,12,1,7.6923076923076925,0.9230769230769231,12,Consolidated Liberator B24,12,1943-07
1968,Qtr 3,July,18,Off ChiliAerolineas Flecha Austral,Curtiss C 46DCC,Off ChiliAerolineas Flecha Austral,Unknown Operator,0,5,7,July,1968-07-18,5,0,0.0,1.0,5,Curtiss,5,1968-07
1981,Qtr 3,July,24,MadagascarAir Madagascar,de Havilland Canada DHC 6 Twin Otter 3005R,MadagascarAir Madagascar,Unknown Operator,0,19,7,July,1981-07-24,19,0,0.0,1.0,19,de Havilland Canada,19,1981-07
1940,Qtr 3,July,7,Gulf of TonkinAir France,Dewoitine D 338F,Gulf of TonkinAir France,Unknown Operator,0,4,7,July,1940-07-07,4,0,0.0,1.0,4,Dewoitine,4,1940-07
1944,Qtr 3,July,26,U.S. Army Air Forces,Douglas C 54A,North Atlantic OceanMilitary - U.S. Army Air Forces,Unknown Operator,0,26,7,July,1944-07-26,26,0,0.0,1.0,26,Douglas,26,1944-07
1938,Qtr 3,July,19,AndesPanagra,Douglas DC 2NC14272,AndesPanagra,Unknown Operator,0,4,7,July,1938-07-19,4,0,0.0,1.0,4,Douglas,4,1938-07
1960,Qtr 3,July,10,Persian GulfGulf Aviation (Kalinga Airways),Douglas DC 3VT,Persian GulfGulf Aviation (Kalinga Airways),Unknown Operator,0,20,7,July,1960-07-10,20,0,0.0,1.0,20,Douglas,20,1960-07
1928,Qtr 3,July,10,Unknown,Junkers F 13K,Over the Gulf of FinlandAero O-Y,Unknown Operator,0,6,7,July,1928-07-10,6,0,0.0,1.0,6,Junkers,6,1928-07
1966,Qtr 3,July,15,Pakistan Air Force,Lockheed C 130B Hercules24142,PakistanMilitary - Pakistan Air Force,Unknown Operator,0,10,7,July,1966-07-15,10,0,0.0,1.0,10,Lockheed,10,1966-07
1938,Qtr 3,July,29,Pacific Ocean between Manila and GuamPan American World Airways,Martin M 130 (flying boat)NC14714,Pacific Ocean between Manila and GuamPan American World Airways,Unknown Operator,0,15,7,July,1938-07-29,15,0,0.0,1.0,15,Martin,15,1938-07
2006,Qtr 3,July,27,AfghanistanAfghan Army,Mil Mi 8?,AfghanistanAfghan Army,Unknown Operator,0,17,7,July,2006-07-27,17,0,0.0,1.0,17,Mil,17,2006-07
1988,Qtr 3,July,3,near,Airbus A300B2 203EP,Over the Persian Gulf near,Iran Abbas Bandar Iran Air,0,290,7,July,1988-07-03,290,0,0.0,1.0,290,Airbus,290,1988-07
1952,Qtr 3,July,18,near,Fairchild packet (C119 flying boxcar)?,Whiting Field near,Florida Milton Military - Navy,0,46,7,July,1952-07-18,41,5,10.869565217391305,0.8913043478260869,41,Fairchild packet (C119 flying,41,1952-07
1932,Qtr 3,July,16,near,Ford 5 AT,Mount El Plomo near,Chile Vitacura Panagra,0,9,7,July,1932-07-16,9,0,0.0,1.0,9,Ford,9,1932-07
1992,Qtr 3,July,31,Nepal,Airbus A310 304HS,Near Kathmandu Nepal,Airways Thai,0,113,7,July,1992-07-31,113,0,0.0,1.0,113,Airbus,113,1992-07
1999,Qtr 3,July,7,Nepal,Boeing 727 243FVT,Near Kathmandu Nepal,Airlines Cargo Lufthansa,0,5,7,July,1999-07-07,5,0,0.0,1.0,5,Boeing,5,1999-07
2000,Qtr 3,July,27,Nepal,de Havilland Canada DHC 6 Twin Otter 3009N,Jodhura Nepal,Airlines Nepal Royal,0,25,7,July,2000-07-27,25,0,0.0,1.0,25,de Havilland Canada,25,2000-07
2002,Qtr 3,July,17,Nepal,de Havilland Canada DHC 6 Twin Otter 3009N,Surkhet Nepal,Airways Skyline,0,4,7,July,2002-07-17,4,0,0.0,1.0,4,de Havilland Canada,4,2002-07
1993,Qtr 3,July,31,Nepal,Dornier Do 228,Devghat Nepal,Air Everest,0,19,7,July,1993-07-31,19,0,0.0,1.0,19,Dornier,19,1993-07
1969,Qtr 3,July,12,Nepal,Douglas DC 39N,Hitauda Nepal,Airlines Nepal Royal,0,35,7,July,1969-07-12,35,0,0.0,1.0,35,Douglas,35,1969-07
1935,Qtr 3,July,14,Netherlands,Fokker F XXIIPH,Amsterdam Netherlands,Airlines Dutch Royal KLM,0,20,7,July,1935-07-14,6,14,70.0,0.3,6,Fokker,6,1935-07
1928,Qtr 3,July,24,Netherlands,Fokker (KLM) F.IIIH NABR,Waalhaven Netherlands,Airlines Dutch Royal KLM,0,6,7,July,1928-07-24,1,5,83.33333333333334,0.16666666666666666,1,Fokker (KLM),1,1928-07
1969,Qtr 3,July,26,New,Boeing 707 331CN787TW,Atlantic City New,Airlines World JerseyTrans,0,5,7,July,1969-07-26,5,0,0.0,1.0,5,Boeing,5,1969-07
1996,Qtr 3,July,17,New,Boeing B 747,Off East Moriches New,Airlines World YorkTrans,0,230,7,July,1996-07-17,230,0,0.0,1.0,230,Boeing,230,1996-07
1990,Qtr 3,July,5,New,Britten Norman 2B,Near Port Morseby New,Airways GuineaDouglas,0,12,7,July,1990-07-05,8,4,33.33333333333333,0.6666666666666666,8,Britten,8,1990-07
1989,Qtr 3,July,31,New,Convair CV 580ZK,Auckland New,Zealand New Freight ZealandAir,0,3,7,July,1989-07-31,3,0,0.0,1.0,3,Convair,3,1989-07
1951,Qtr 3,July,16,New,de Havilland DHA 3 Drover IIVH,Off Lae New,GuineaQantas,0,7,7,July,1951-07-16,7,0,0.0,1.0,7,De Havilland,7,1951-07
1969,Qtr 3,July,15,New,de Havilland Canada DHC 6 Twin Otter 200N558MA,New York City New,Airways York YorkNew,0,14,7,July,1969-07-15,3,11,78.57142857142857,0.21428571428571427,3,de Havilland Canada,3,1969-07
1996,Qtr 3,July,9,New,de Havilland Canada DHC 6 Twin Otter 300P2,Papua New,Air Bay GuineaMilne,0,20,7,July,1996-07-09,20,0,0.0,1.0,20,de Havilland Canada,20,1996-07
1989,Qtr 3,July,21,New,de Havilland Canada DHC 6 Twin Otter 300P2,Porgera New,GuineaTalair,0,22,7,July,1989-07-21,3,19,86.36363636363636,0.13636363636363635,3,de Havilland Canada,3,1989-07
1912,Qtr 3,July,12,New,Dirigible?,Atlantic City New,Navy U.S. - JerseyMilitary,0,5,7,July,1912-07-12,5,0,0.0,1.0,5,Dirigible?,5,1912-07
1956,Qtr 3,July,13,New,Douglas C 118A53,Near Brows Mills New,Force Air U.S. - JerseyMilitary,0,66,7,July,1956-07-13,46,20,30.303030303030305,0.696969696969697,46,Douglas,46,1956-07
1949,Qtr 3,July,30,New,Douglas DC 3,Chesterfield New,USN - Military / Lines Air JerseyEastern,0,16,7,July,1949-07-30,16,0,0.0,1.0,16,Douglas,16,1949-07
1963,Qtr 3,July,3,New,Douglas DC 3ZK,Mt. Ngatamahinerua New,Airways National Zealand ZealandNew,0,23,7,July,1963-07-03,23,0,0.0,1.0,23,Douglas,23,1963-07
1966,Qtr 3,July,4,New,Douglas DC 8,Auckland New,Zealand New ZealandAir,0,5,7,July,1966-07-04,2,3,60.0,0.4,2,Douglas,2,1966-07
1960,Qtr 3,July,6,New,Goodyear ZPG 3W (airship)144242,Off Barnegat City New,Navy U.S. - JerseyMilitary,0,21,7,July,1960-07-06,18,3,14.285714285714285,0.8571428571428571,18,Goodyear,18,1960-07
1992,Qtr 3,July,30,New,Lockheed L 1011N11002,JFK Airport New,New York York Trans World Airlines,0,292,7,July,1992-07-30,0,292,100.0,0.0,0,Lockheed,0,1992-07
1937,Qtr 3,July,2,New,Lockheed 10E ElectraNR16020,Off Lae New,Foundation Reasearch Purdue - GuineaPrivate,0,2,7,July,1937-07-02,2,0,0.0,1.0,2,Lockheed 18,2,1937-07
1963,Qtr 3,July,2,New,Martin 404N449A,Rochester New,Airlines YorkMohawk,0,43,7,July,1963-07-02,7,36,83.72093023255815,0.16279069767441862,7,Martin,7,1963-07
1945,Qtr 3,July,28,New,North American B 25D bomber43,New York New,Forces Air Army U.S. - YorkMilitary,11,3,7,July,1945-07-28,3,0,0.0,1.0,14,North American,14,1945-07
1967,Qtr 3,July,15,Newfoundland,??,Near Williamsport Newfoundland,Canada Eastern Provincial Airways,0,4,7,July,1967-07-15,4,0,0.0,1.0,4,??,4,1967-07
1997,Qtr 3,July,29,Nigeria,BAC One Eleven 203AE5N,Calabar Nigeria,Airlines ADC,0,55,7,July,1997-07-29,1,54,98.18181818181819,0.01818181818181818,1,BAC,1,1997-07
1988,Qtr 3,July,21,Nigeria,Boeing 707 328CD2,Near Lagos Nigeria,Charter Air Angola,0,6,7,July,1988-07-21,6,0,0.0,1.0,6,Boeing,6,1988-07
1968,Qtr 3,July,13,Nigeria,Boeing 707 329COO,Near Lagos Nigeria,Sabena,0,7,7,July,1968-07-13,7,0,0.0,1.0,7,Boeing,7,1968-07
2002,Qtr 3,July,16,Norfork,Sikorsky S 76AG,Off Cromer Norfork,England Bristow Helicopters,0,11,7,July,2002-07-16,11,0,0.0,1.0,11,Sikorsky,11,2002-07
1967,Qtr 3,July,19,North,Boeing B 727,Near Hendersonville North,Private / Airlines CarolinaPiedmont,0,82,7,July,1967-07-19,82,0,0.0,1.0,82,Boeing,82,1967-07
1950,Qtr 3,July,23,North,Curtiss C 46 Commando44,Myrtle Beach North,Force Air U.S. - CarolinaMilitary,0,39,7,July,1950-07-23,39,0,0.0,1.0,39,Curtiss,39,1950-07
2000,Qtr 3,July,13,North,de Havilland Canada DHC 6 Twin Otter 200N201RH,Raleigh North,Aviation Win CarolinaWin,0,3,7,July,2000-07-13,1,2,66.66666666666666,0.3333333333333333,1,de Havilland Canada,1,2000-07
1953,Qtr 3,July,27,North,Ilyushin IL 12?,Near Kanggye North,KoreaAeroflot,0,21,7,July,1953-07-27,21,0,0.0,1.0,21,Ilyushin,21,1953-07
1987,Qtr 3,July,1,North,Lockheed C 130E Hercules68,Fort Bragg AFB North,Force Air U.S. - CarolinaMilitary,1,6,7,July,1987-07-01,4,2,33.33333333333333,0.6666666666666666,5,Lockheed,5,1987-07
1994,Qtr 3,July,2,North,McDonnell Douglas DC 9,Charlotte North,CarolinaUSAir,0,57,7,July,1994-07-02,37,20,35.08771929824561,0.6491228070175439,37,McDonnell Douglas,37,1994-07
1972,Qtr 3,July,11,Norway,de Havilland Canada DHC 6 Twin Otter 10067,Near Grytoya Norway,Force Air Norwegian Royal - Military,0,19,7,July,1972-07-11,19,0,0.0,1.0,19,de Havilland Canada,19,1972-07
1973,Qtr 3,July,11,Orly,Boeing B 707,Paris Orly,France Airport Varig,0,134,7,July,1973-07-11,123,11,8.208955223880597,0.917910447761194,123,Boeing,123,1973-07
2010,Qtr 3,July,28,Pakistan,Airbus A321 231AP,Islamabad Pakistan,Airblue,0,152,7,July,2010-07-28,152,0,0.0,1.0,152,Airbus,152,2010-07
1962,Qtr 3,July,15,Pakistan,Douglas C 47AVT,Near Lahore Pakistan,Airlines Indian,0,3,7,July,1962-07-15,1,2,66.66666666666666,0.3333333333333333,1,Douglas,1,1962-07
1957,Qtr 3,July,1,Pakistan,Douglas DC 3AP,Bay of Bengal Pakistan,Airlines International Pakistan,0,24,7,July,1957-07-01,24,0,0.0,1.0,24,Douglas,24,1957-07
2006,Qtr 3,July,10,Pakistan,Fokker F 27 Friendship 200AP,Multan Pakistan,Airlines International Pakistan,0,45,7,July,2006-07-10,45,0,0.0,1.0,45,Fokker,45,2006-07
1994,Qtr 3,July,19,Panama,Embraer 110P1 BandeiranteHP 1202AC,Colon Panama,Chiricanas Alas,0,21,7,July,1994-07-19,21,0,0.0,1.0,21,Embraer 110P1,21,1994-07
1995,Qtr 3,July,25,Papua,Britten Norman BN,Near Karamui Papua,Airways GuineaTransniugini New,0,2,7,July,1995-07-25,2,0,0.0,1.0,2,Britten,2,1995-07
2004,Qtr 3,July,29,Papua,de Havilland DHC 6 Twin Otter 300P2,Ononge Papua,PNG of GuineaAirlines New,0,3,7,July,2004-07-29,2,1,33.33333333333333,0.6666666666666666,2,De Havilland,2,2004-07
1995,Qtr 3,July,1,Papua,de Havilland Canada C 7A CaribouP2,Kiunga Papua,Aviation GuineaGaramut New,0,3,7,July,1995-07-01,3,0,0.0,1.0,3,de Havilland Canada,3,1995-07
1995,Qtr 3,July,12,Papua,de Havilland Canada DHC 6 Twin Otter 300P2,Gumey Papua,Air Bay GuineaMilne New,0,15,7,July,1995-07-12,15,0,0.0,1.0,15,de Havilland Canada,15,1995-07
1944,Qtr 3,July,23,Papua,R4D 539090,Nineteen miles W of Kokoda Papua,Navy US - GuineaMilitary New,0,17,7,July,1944-07-23,17,0,0.0,1.0,17,R4D,17,1944-07
2003,Qtr 3,July,1,Para,Mitsubishi MU 2B 35PT LFX,Belem Para,Brazil Heringer Air Taxi,0,4,7,July,2003-07-01,4,0,0.0,1.0,4,Mitsubishi MU 2B,4,2003-07
1919,Qtr 3,July,19,Pennsylvania,De Havilland DH 482,Dix Run Pennsylvania,Service Mail Aerial US,0,1,7,July,1919-07-19,1,0,0.0,1.0,1,De Havilland,1,1919-07
1946,Qtr 3,July,11,Pennsylvania,Lockheed L 049 ConstellationNC86513,Reading Pennsylvania,Air Western and Continental Trans,0,6,7,July,1946-07-11,5,1,16.666666666666664,0.8333333333333334,5,Lockheed,5,1946-07
1990,Qtr 3,July,31,Peru,Beech King Air B90OB 1362,Near Huanuco Peru,Nacional Expresso Servicio,0,9,7,July,1990-07-31,9,0,0.0,1.0,9,Beech King Air,9,1990-07
1991,Qtr 3,July,9,Peru,CASA 212 Aviocar 200OB 1218,Bellavista Airport Peru,Aerochasqui,0,15,7,July,1991-07-09,15,0,0.0,1.0,15,CASA 212 Aviocar,15,1991-07
1989,Qtr 3,July,21,Philippines,BAC One Eleven 516FPRP,Manila Philippines,Lines Air Philippine,8,98,7,July,1989-07-21,1,97,98.9795918367347,0.01020408163265306,9,BAC,9,1989-07
1984,Qtr 3,July,11,Philippines,Bell UH 1H?,Off Buenavista Philippines,Force Air Philippine - Military,0,30,7,July,1984-07-11,30,0,0.0,1.0,30,Bell,30,1984-07
1971,Qtr 3,July,25,Philippines,Boeing 707 321CFN461PA,Manila Philippines,Airways World American Pan,0,4,7,July,1971-07-25,4,0,0.0,1.0,4,Boeing,4,1971-07
1965,Qtr 3,July,25,Philippines,Douglas C 47777,Near Libacao Philippines,Force Air Philippine - Military,0,37,7,July,1965-07-25,37,0,0.0,1.0,37,Douglas,37,1965-07
1960,Qtr 3,July,14,Philippines,Douglas DC 7CN292,Off Manila Philippines,Airlines Orient Northwest,0,58,7,July,1960-07-14,1,57,98.27586206896551,0.017241379310344827,1,Douglas,1,1960-07
1967,Qtr 3,July,6,Philippines,Fokker F 27 Friendship 100PI,Bacolod Philippines,Lines Air Philippine,0,21,7,July,1967-07-06,21,0,0.0,1.0,21,Fokker,21,1967-07
2000,Qtr 3,July,2,Philippines,GAF Nomad N 22CN286,Off Cagayancillo Philippines,Force Air Philippine - Military,0,15,7,July,2000-07-02,14,1,6.666666666666667,0.9333333333333333,14,GAF Nomad,14,2000-07
1982,Qtr 3,July,11,Philippines,Hawker Siddeley HS 748,Jolo Philippines,Lines Air Philippine,0,30,7,July,1982-07-11,4,26,86.66666666666667,0.13333333333333333,4,Hawker Siddeley,4,1982-07
1948,Qtr 3,July,24,Quebec,Douglas DC 3CF,Cap-des-Rosiers Quebec,Canada Rimouski Airlines,0,29,7,July,1948-07-24,29,0,0.0,1.0,29,Douglas,29,1948-07
1957,Qtr 3,July,3,Quebec,Lockheed L 414 HudsonCF,Near Fort Rupert Quebec,Canada Kenting Air,0,4,7,July,1957-07-03,4,0,0.0,1.0,4,Lockheed,4,1957-07
2003,Qtr 3,July,5,Rio,Sikorsky S 76 APT YVM,Macaé Rio,Brazil Janeiro de BHS - Brazilian Helicopter Services,0,5,7,July,2003-07-05,5,0,0.0,1.0,5,Sikorsky S 76,5,2003-07
2004,Qtr 3,July,22,Rio,Sikorsky S 76PP MYM,Off Macaé Rio,Brazil Janeiro de BHS - Brazilian Helicopter Service Air Taxi,0,11,7,July,2004-07-22,6,5,45.45454545454545,0.5454545454545454,6,Sikorsky,6,2004-07
2010,Qtr 3,July,5,Romania,Antonov AN 253,Tuzla Romania,Force Air Romainian - Military,0,14,7,July,2010-07-05,12,2,14.285714285714285,0.8571428571428571,12,Antonov,12,2010-07
1938,Qtr 3,July,22,Romania,Lockheed 14H Super ElectraSP BNG,Stulpica Romania,Airlines Polish Lot,0,14,7,July,1938-07-22,14,0,0.0,1.0,14,Lockheed 14H Super,14,1938-07
2006,Qtr 3,July,9,Russia,Airbus A 310,Irkutsk Russia,(S7) Sibir,0,203,7,July,2006-07-09,125,78,38.42364532019704,0.6157635467980296,125,Airbus,125,2006-07
1962,Qtr 3,July,28,Russia,Antonov AN 10ACCCP,Sochi Russia,Aeroflot,0,81,7,July,1962-07-28,81,0,0.0,1.0,81,Antonov,81,1962-07
2007,Qtr 3,July,29,Russia,Antonov AN 12BPRA,Moscow Russia,Atran,0,9,7,July,2007-07-29,9,0,0.0,1.0,9,Antonov,9,2007-07
2011,Qtr 3,July,11,Russia,Antonov AN 24RVRA,Near Strezhevoy Russia,Airlines Angara,0,37,7,July,2011-07-11,7,30,81.08108108108108,0.1891891891891892,7,Antonov,7,2011-07
2021,Qtr 3,July,6,Russia,Antonov An 26B 100 RA,Palana Russia,Enterprise Aviation Kamchatka,0,28,7,July,2021-07-06,28,0,0.0,1.0,28,Antonov,28,2021-07
1960,Qtr 3,July,20,Russia,Ilushin IL 14CCCP,Near Syktyvkar Russia,Aeroflot,0,23,7,July,1960-07-20,23,0,0.0,1.0,23,Ilyushin,23,1960-07
2002,Qtr 3,July,28,Russia,Iluyshin Il 86RA,Moscow Russia,Enterprise Aviation Pulkovo,0,16,7,July,2002-07-28,14,2,12.5,0.875,14,Ilyushin,14,2002-07
1950,Qtr 3,July,30,Russia,Ilyushin IL 12L,Karaganda Russia,Aeroflot,0,25,7,July,1950-07-30,25,0,0.0,1.0,25,Ilyushin,25,1950-07
1949,Qtr 3,July,21,Russia,Ilyushin IL 12L1714,Marga Russia,Aeroflot,0,14,7,July,1949-07-21,13,1,7.142857142857142,0.9285714285714286,13,Ilyushin,13,1949-07
1973,Qtr 3,July,4,Russia,Ilyushin IL 14CCCP,Near Shakhtyorsk Russia,Aeroflot,0,18,7,July,1973-07-04,18,0,0.0,1.0,18,Ilyushin,18,1973-07
1977,Qtr 3,July,20,Russia,Ilyushin IL 14MCCCP,Vitim Russia,Aeroflot,0,40,7,July,1977-07-20,40,0,0.0,1.0,40,Ilyushin,40,1977-07
1961,Qtr 3,July,8,Russia,Ilyushin IL 14PCCCP,Sverdlovsk Russia,Aeroflot,0,26,7,July,1961-07-08,9,17,65.38461538461539,0.34615384615384615,9,Ilyushin,9,1961-07
1982,Qtr 3,July,6,Russia,Ilyushin IL 62MCCCP,Near Moscow Russia,Aeroflot,0,90,7,July,1982-07-06,90,0,0.0,1.0,90,Ilyushin,90,1982-07
2001,Qtr 3,July,14,Russia,Ilyushin IL 76RA,Near Moscow Russia,Company Transport Air Russ,0,10,7,July,2001-07-14,10,0,0.0,1.0,10,Ilyushin,10,2001-07
1971,Qtr 3,July,25,Russia,Tupolev TU 104BCCCP,Near Irkutsk Russia,Aeroflot,0,126,7,July,1971-07-25,97,29,23.015873015873016,0.7698412698412699,97,Tupolev,97,1971-07
1963,Qtr 3,July,13,Russia,Tupolev TU 104BCCCP42492,Near Irkutsk Russia,Aeroflot,0,32,7,July,1963-07-13,32,0,0.0,1.0,32,Tupolev,32,1963-07
1973,Qtr 3,July,9,Russia,Tupolev Tu 124VCCCP,Nnear Kuybyshev Russia,Aeroflot,0,61,7,July,1973-07-09,2,59,96.72131147540983,0.03278688524590164,2,Tupolev,2,1973-07
1986,Qtr 3,July,2,Russia,Tupolev TU 134ACCCP,Near Syktyvar Russia,Aeroflot,0,92,7,July,1986-07-02,54,38,41.30434782608695,0.5869565217391305,54,Tupolev,54,1986-07
2001,Qtr 3,July,4,Russia,Tupolev TU 154MRA,Near Irkutsk Russia,Vladivostokavia,0,145,7,July,2001-07-04,145,0,0.0,1.0,145,Tupolev,145,2001-07
1968,Qtr 3,July,8,Saudi,Convair CV 340,Near Dhahran Saudi,Airlines Arabian ArabiaSaudi,0,11,7,July,1968-07-08,11,0,0.0,1.0,11,Convair,11,1968-07
1991,Qtr 3,July,11,Saudi,McDonnell Douglas DC 8 Super 61C,Jeddah Saudi,Airways) Nigeria by (chartered ArabiaNationair,0,261,7,July,1991-07-11,261,0,0.0,1.0,261,McDonnell Douglas,261,1991-07
1944,Qtr 3,July,27,Scotland,Douglas C 47A,Port Logan Scotland,Forces Air Army U.S. - Military,0,22,7,July,1944-07-27,22,0,0.0,1.0,22,Douglas,22,1944-07
1979,Qtr 3,July,31,Shetlands,Hawker Siddeley HS 748,Off Sumburgh Shetlands,Scotland Dan Air Services,0,47,7,July,1979-07-31,17,30,63.829787234042556,0.3617021276595745,17,Hawker Siddeley,17,1979-07
1981,Qtr 3,July,20,Somalia,Fokker F 27 Friendship 600RF6O,Mogadishu Somalia,Airlines Somali,0,50,7,July,1981-07-20,50,0,0.0,1.0,50,Fokker,50,1981-07
1993,Qtr 3,July,26,South,Boeing B 737,Haenam South,Airlines KoreaAsiana,0,110,7,July,1993-07-26,68,42,38.18181818181819,0.6181818181818182,68,Boeing,68,1993-07
2011,Qtr 3,July,28,South,Boeing B 747,Off Jeju South,Airlines KoreanAsiana,0,2,7,July,2011-07-28,2,0,0.0,1.0,2,Boeing,2,2011-07
2018,Qtr 3,July,10,South,Convair CV 340ZS,Pretoria South,Air AfricaRovos,1,19,7,July,2018-07-10,1,18,94.73684210526315,0.05263157894736842,2,Convair,2,2018-07
1950,Qtr 3,July,7,South,Douglas C 54G45,Busan South,Force Air U.S. - KoreaMilitary,0,23,7,July,1950-07-07,23,0,0.0,1.0,23,Douglas,23,1950-07
1945,Qtr 3,July,12,South,Douglas DC 3,Near Florence South,Corps Air Army U.S. - Military / Lines Air CarolinaEastern,0,10,7,July,1945-07-12,3,7,70.0,0.3,3,Douglas,3,1945-07
1972,Qtr 3,July,11,South,Sikorsky CH 53D (helicopter)156658,Near Quang Tri South,Corps Marine U.S. - VietnamMilitary,0,67,7,July,1972-07-11,52,15,22.388059701492537,0.7761194029850746,52,Sikorsky,52,1972-07
1989,Qtr 3,July,27,South,Sikorsky S 58T?,Off Ullung Do South,Airlines KoreaUniversal,0,19,7,July,1989-07-27,13,6,31.57894736842105,0.6842105263157895,13,Sikorsky,13,1989-07
2001,Qtr 3,July,5,South,Sikorsky S 76B helicopterHL9240,Off Chinhae South,Shipbuilding Daewoo - KoreaPrivate,0,12,7,July,2001-07-05,8,4,33.33333333333333,0.6666666666666666,8,Sikorsky,8,2001-07
1925,Qtr 3,July,20,Spain,Breguet 14F AFBI,Rosas Spain,Latecoere Aeriennes Lignes,0,1,7,July,1925-07-20,1,0,0.0,1.0,1,Breguet,1,1925-07
1922,Qtr 3,July,26,Spain,Breguet 14F ALVE,Cadix Spain,Aeriens Express Grands,0,3,7,July,1922-07-26,3,0,0.0,1.0,3,Breguet,3,1922-07
1998,Qtr 3,July,28,Spain,Swearingen SA.227AC Metro IIIEC FXD,Barcelona Spain,Swifair,0,2,7,July,1998-07-28,2,0,0.0,1.0,2,Swearingen SA.227AC Metro,2,1998-07
1992,Qtr 3,July,5,Sri,Shaanxi Y 8DCR872,Near Iyakochchi Sri,Force Air Lanka Sri - LankaMilitary,0,19,7,July,1992-07-05,19,0,0.0,1.0,19,Shaanxi,19,1992-07
2003,Qtr 3,July,8,Sudan,Boeing 737 2J8CST,Port Sudan Sudan,Airways Sudan,0,117,7,July,2003-07-08,117,0,0.0,1.0,117,Boeing,117,2003-07
2021,Qtr 3,July,4,Sulu,Lockheed C 130H Hercules5125,Patikul Sulu,Philippines Military - Philippine Air Force,3,96,7,July,2021-07-04,50,46,47.91666666666667,0.5208333333333334,53,Lockheed,53,2021-07
1935,Qtr 3,July,20,Switzerland,Douglas DC 2PH,Pian Giacomo Switzerland,Airlines Dutch Royal KLM,0,13,7,July,1935-07-20,13,0,0.0,1.0,13,Douglas,13,1935-07
1939,Qtr 3,July,20,Switzerland,Junkers JU86 Z 2HB,Konstanz Switzerland,Swissair,0,6,7,July,1939-07-20,6,0,0.0,1.0,6,Junkers JU86,6,1939-07
1987,Qtr 3,July,24,Switzerland,McDonnell Douglas DC 10,Geneva Switzerland,Afrique Air,0,163,7,July,1987-07-24,1,162,99.38650306748467,0.006134969325153374,1,McDonnell Douglas,1,1987-07
1973,Qtr 3,July,22,Tahiti,Boeing B 707,Off Papeete Tahiti,Airways World American Pan,0,79,7,July,1973-07-22,78,1,1.2658227848101267,0.9873417721518988,78,Boeing,78,1973-07
2014,Qtr 3,July,23,Taiwan,ATR 72 500B,Magong Taiwan,Airways Trans,0,58,7,July,2014-07-23,48,10,17.24137931034483,0.8275862068965517,48,ATR,48,2014-07
1957,Qtr 3,July,16,Taiwan,Douglas C 47A,Near Hsinchu Taiwan,Force Air States United - (Formosa)Military,0,16,7,July,1957-07-16,16,0,0.0,1.0,16,Douglas,16,1957-07
1975,Qtr 3,July,31,Taiwan,Vickers 837 ViscountB 2029,Taipei Taiwan,Transport Air Eastern Far,0,75,7,July,1975-07-31,27,48,64.0,0.36,27,Vickers 837,27,1975-07
1936,Qtr 3,July,28,Tajikistan,Tupolev ANT 9?,Kulyab Tajikistan,Aeroflot,0,6,7,July,1936-07-28,6,0,0.0,1.0,6,Tupolev,6,1936-07
1964,Qtr 3,July,31,Tennesee,Beechcraft 35 B33 DebonairN8972M,Near Nashville Tennesee,Private,0,2,7,July,1964-07-31,2,0,0.0,1.0,2,Beechcraft,2,1964-07
1964,Qtr 3,July,9,Tennesee,Vickers Viscount 745DN7405,Parrottsville Tennesee,Lines Air United,0,39,7,July,1964-07-09,39,0,0.0,1.0,39,Vickers Viscount,39,1964-07
1964,Qtr 3,July,8,Tennessee,Caravelle VIRN1007U,Knoxville Tennessee,Lines Air United,0,53,7,July,1964-07-08,1,52,98.11320754716981,0.018867924528301886,1,Caravelle,1,1964-07
2016,Qtr 3,July,30,Texas,Kubicek BB85Z Hot Air BalloonN2469L,Near Lockhart Texas,Rides Balloon Air Hot Texas of Heart,0,16,7,July,2016-07-30,16,0,0.0,1.0,16,Kubicek BB85Z Hot Air,16,2016-07
1930,Qtr 3,July,10,Texas,Lockheed Vega 5NC 394H,Arkansas Pass Texas,Airways Cross,0,5,7,July,1930-07-10,5,0,0.0,1.0,5,Lockheed Vega,5,1930-07
1962,Qtr 3,July,19,Thailand,de Havilland Comet 4CSU AMW,Near Bangkok Thailand,Airlines Arab United,0,26,7,July,1962-07-19,26,0,0.0,1.0,26,de Havilland Comet,26,1962-07
1996,Qtr 3,July,15,The,Lockheed C 130HCH,Near Eindhoven The,Force Air Belgian - NetherlandsMilitary,0,41,7,July,1996-07-15,34,7,17.073170731707318,0.8292682926829268,34,Lockheed,34,1996-07
1983,Qtr 3,July,16,UKBritish,Sikorsky S 61N,Off Scilly Islands UKBritish,Helicopters Airways,0,26,7,July,1983-07-16,20,6,23.076923076923077,0.7692307692307693,20,Sikorsky,20,1983-07
1977,Qtr 3,July,8,Ukraine,Antonov AN 24CCCP,Off Kirovograd Ukraine,Aeroflot,0,7,7,July,1977-07-08,6,1,14.285714285714285,0.8571428571428571,6,Antonov,6,1977-07
2014,Qtr 3,July,17,Ukraine,Boeing 777 2H6ER9M,Hrabove Ukraine,Airlines Malaysia,0,298,7,July,2014-07-17,298,0,0.0,1.0,298,Boeing,298,2014-07
2002,Qtr 3,July,27,Ukraine,Sukhoi Su 2742,Lviv Ukraine,Force Air Ukraine - Military,85,2,7,July,2002-07-27,0,2,100.0,0.0,85,Sukhoi,85,2002-07
1961,Qtr 3,July,10,Ukraine,Tupolev TU 104BCCCP,Odessa Ukraine,USSRAeroflot,0,85,7,July,1961-07-10,1,84,98.82352941176471,0.011764705882352941,1,Tupolev,1,1961-07
1935,Qtr 3,July,23,United,de Havilland DH 84 DragonG,Cardiff United,Airways KingdomJersey,0,8,7,July,1935-07-23,1,7,87.5,0.125,1,De Havilland,1,1935-07
1998,Qtr 3,July,13,United,Ilyushin 76MDUR 76424,Off Rasal United,Aircompany EmiratesATI Arab,0,8,7,July,1998-07-13,8,0,0.0,1.0,8,Ilyushin,8,1998-07
1989,Qtr 3,July,19,USSRAeroflot,Antonov AN 26CCCP,Talourow Island USSRAeroflot,Unknown Operator,0,10,7,July,1989-07-19,10,0,0.0,1.0,10,Antonov,10,1989-07
1962,Qtr 3,July,6,Uzbekistan,Ilyushin IL 14CCCP,Near Tashkent Uzbekistan,USSRAeroflot,0,38,7,July,1962-07-06,11,27,71.05263157894737,0.2894736842105263,11,Ilyushin,11,1962-07
1985,Qtr 3,July,10,Uzbekistan,Tupolev TU 154B,Near Uchuduk Uzbekistan,USSRAeroflot,0,200,7,July,1985-07-10,200,0,0.0,1.0,200,Tupolev,200,1985-07
1991,Qtr 3,July,25,Vanuatu,Britten Norman BN,Espiritu Santos Vanuatu,Vanair,0,9,7,July,1991-07-25,9,0,0.0,1.0,9,Britten,9,1991-07
2001,Qtr 3,July,12,Venezuela,Antonov AN 28 PZL,Near Puerto Cabello Venezuela,Company Overtec - Private,0,13,7,July,2001-07-12,13,0,0.0,1.0,13,Antonov,13,2001-07
2003,Qtr 3,July,13,Venezuela,Let 410UVP EYV,Near San Cristobal Venezuela,Aérea Compania Duran & Ruiban,0,10,7,July,2003-07-13,4,6,60.0,0.4,4,Let,4,2003-07
1946,Qtr 3,July,26,Veracruz,Fairchild Pilgrim 100AXA DEJ,Near Huatesco Veracruz,Mexico Communicaciones Aereos de veracruz,0,9,7,July,1946-07-26,9,0,0.0,1.0,9,Fairchild Pilgrim,9,1946-07
1974,Qtr 3,July,27,Vietnam,Fairchild C 123KST,Near Moc Hoa Vietnam,Amercia Air,0,5,7,July,1974-07-27,5,0,0.0,1.0,5,Fairchild,5,1974-07
2014,Qtr 3,July,7,Vietnam,Mil Mi 171?,Thach That district Vietnam,Force Air Army People's Vietnam - Military,0,19,7,July,2014-07-07,18,1,5.263157894736842,0.9473684210526315,18,Mil,18,2014-07
1965,Qtr 3,July,15,Virgin,de Havilland 106AN6503D,St. Thomas Virgin,Airways Islands IslandsVirgin,0,12,7,July,1965-07-15,8,4,33.33333333333333,0.6666666666666666,8,De Havilland,8,1965-07
1979,Qtr 3,July,24,Virgin,de Havilland DH 114 HeronN575PR,St. Croix Virgin,IslandsPrinair,0,21,7,July,1979-07-24,8,13,61.904761904761905,0.38095238095238093,8,De Havilland,8,1979-07
1964,Qtr 3,July,16,Virginia,Douglas DC 7BN809D,Richmond Virginia,Lines Air Eastern,0,76,7,July,1964-07-16,0,76,100.0,0.0,0,Douglas,0,1964-07
1949,Qtr 3,July,19,Washington,Curtiss C 46F,Seattle Washington,Associates Transport Air,4,32,7,July,1949-07-19,2,30,93.75,0.0625,6,Curtiss,6,1949-07
1942,Qtr 3,July,1,West,Douglas C 49E42,Near Premier West,Forces Air Army U.S. - VirginiaMilitary,0,21,7,July,1942-07-01,21,0,0.0,1.0,21,Douglas,21,1942-07
1992,Qtr 3,July,14,Yemen,Antonov AN 12?,Near Bir Fadl Yemen,Force Air Yemen Unified - Military,0,57,7,July,1992-07-14,57,0,0.0,1.0,57,Antonov,57,1992-07
1960,Qtr 3,July,19,Zaire,Fairchild C 119GCP,Near Goma Zaire,Force Air Belgian Royal - Military,0,41,7,July,1960-07-19,37,4,9.75609756097561,0.9024390243902439,37,Fairchild,37,1960-07
1943,Qtr 2,June,8,Noumea,Douglas C 47 Skytrain (DC,Noumea,Navy US - CaledoniaMilitary New,0,23,6,June,1943-06-08,23,0,0.0,1.0,23,Douglas,23,1943-06
2003,Qtr 2,June,4,Near Oiapoque,EMB 721C SertanejoPT EPH,Near Oiapoque,Taxi Air Zero Marco - Taxi BrazilAir,0,5,6,June,2003-06-04,5,0,0.0,1.0,5,EMB 721C,5,2003-06
1989,Qtr 2,June,28,Yaounde,Hawker Siddeley HS 748,Yaounde,Airlines CameroonCameroon,0,47,6,June,1989-06-28,3,44,93.61702127659575,0.06382978723404255,3,Hawker Siddeley,3,1989-06
1972,Qtr 2,June,18,London Heathrow,Hawker Siddeley Trident 1CG ARPI,London Heathrow,Surrey Staines,0,118,6,June,1972-06-18,118,0,0.0,1.0,118,Hawker Siddeley Trident,118,1972-06
1980,Qtr 2,June,27,Tyrrhenian Sea,McDonnell Douglas DC 9,Tyrrhenian Sea,Italy Ustica off Itavia,0,81,6,June,1980-06-27,81,0,0.0,1.0,81,McDonnell Douglas,81,1980-06
1974,Qtr 2,June,8,Monte San Isidro,Vickers Viscount 785DHK 1058,Monte San Isidro,TAO ColombiaAerolineas,0,44,6,June,1974-06-08,44,0,0.0,1.0,44,Vickers Viscount,44,1974-06
1985,Qtr 2,June,23,Unknown,Boeing B 747,Atlantic Ocean 110,India IrelandAir of West miles,0,329,6,June,1985-06-23,329,0,0.0,1.0,329,Boeing,329,1985-06
1963,Qtr 2,June,3,Unknown,Douglas DC 7CFN290,Pacific Ocean 116,Alaska Island Annette of WSW miles Northwest Orient Airlines,0,101,6,June,1963-06-03,101,0,0.0,1.0,101,Douglas,101,1963-06
1950,Qtr 2,June,23,Unknown,Douglas DC 4N95425,Lake Michigan 18,Michigan Harbor Benton of NNW Northwest Orient Airlines,0,58,6,June,1950-06-23,58,0,0.0,1.0,58,Douglas,58,1950-06
2009,Qtr 2,June,1,Unknown,Airbus A330 203F,Atlantic Ocean 570,Brazil Natal of northeast miles Air France,0,228,6,June,2009-06-01,228,0,0.0,1.0,228,Airbus,228,2009-06
1987,Qtr 2,June,11,Afghanistan,Antonov AN 26YA,Khost Afghanistan,Airlines Afghan Bakhtar,0,53,6,June,1987-06-11,53,0,0.0,1.0,53,Antonov,53,1987-06
1994,Qtr 2,June,29,Afghanistan,Antonov AN 32?,Near Logar Afghanistan,Militia Dostum-Galboddin - Military,0,70,6,June,1994-06-29,50,20,28.57142857142857,0.7142857142857143,50,Antonov,50,1994-06
2002,Qtr 2,June,12,Afghanistan,Lockheed MC 130H Hercules84,Near Gardez Afghanistan,Force Air U.S. - Military,0,10,6,June,2002-06-12,3,7,70.0,0.3,3,Lockheed,3,2002-06
1959,Qtr 2,June,5,Alaska,Boeing RC 135E?,Near Sheyma Alaska,Force Air US - Militiary,0,19,6,June,1959-06-05,19,0,0.0,1.0,19,Boeing,19,1959-06
1969,Qtr 2,June,5,Alaska,Boeing RC 135E62,Off Andreanof Islands Alaska,Force Air U.S. - Military,0,19,6,June,1969-06-05,19,0,0.0,1.0,19,Boeing,19,1969-06
2003,Qtr 2,June,25,Alaska,Cessna 180HN91303,Anchor Point Alaska,Taxi Air - Air Bay Hallo,0,3,6,June,2003-06-25,3,0,0.0,1.0,3,Cessna,3,2003-06
2015,Qtr 2,June,25,Alaska,de Havilland DHC 3T Vazar TurbineOtterN270PA,Ella Lake Alaska,Air Promech,0,9,6,June,2015-06-25,9,0,0.0,1.0,9,De Havilland,9,2015-06
1999,Qtr 2,June,9,Alaska,Eurocopter AS 350BAN6099S,Juneau Alaska,Inc. Helicopters Coastal - Taxi Air,0,7,6,June,1999-06-09,7,0,0.0,1.0,7,Eurocopter,7,1999-06
1974,Qtr 2,June,30,Alaska,Fairchild Hiller FH1100N8679,Umiat Alaska,Taxi Air - Helicopter Alaska,0,5,6,June,1974-06-30,5,0,0.0,1.0,5,Fairchild Hiller,5,1974-06
1960,Qtr 2,June,14,Alaska,Lockheed 749A 79,Mt. Gilbert Alaska,Airlines Northern Pacific,0,14,6,June,1960-06-14,14,0,0.0,1.0,14,Lockheed,14,1960-06
1983,Qtr 2,June,8,Alaska,Lockheed L 188C ElectraN1968R,Near Cold Bay Alaska,Airways Aleutian Reeve,0,15,6,June,1983-06-08,0,15,100.0,0.0,0,Lockheed,0,1983-06
2003,Qtr 2,June,30,Algeria,Lockheed C 130H Hercules7T,Blida Algeria,Force Air Algerian - Military,11,4,6,June,2003-06-30,4,0,0.0,1.0,15,Lockheed,15,2003-06
1939,Qtr 2,June,6,Amsterdam,Douglas DC 2PH,Schiphol Amsterdam,Airlines Duch Royal KLM,1,4,6,June,1939-06-06,0,4,100.0,0.0,1,Douglas,1,1939-06
2007,Qtr 2,June,28,Angola,Boeing 737 2M2D2,M'Banza Congo Angola,Airlines Angola TAAG,0,78,6,June,2007-06-28,5,73,93.58974358974359,0.0641025641025641,5,Boeing,5,2007-06
1995,Qtr 2,June,17,Angola,CASA 212 200 AviocarT401,Near Cuvela Angola,Force Air Angolan - Military,0,48,6,June,1995-06-17,48,0,0.0,1.0,48,CASA,48,1995-06
1991,Qtr 2,June,10,Angola,Lockheed L 382B HerculesJ6,Luanda Angola,Transport Air Carib,0,7,6,June,1991-06-10,7,0,0.0,1.0,7,Lockheed,7,1991-06
2002,Qtr 2,June,2,Angola,Mi 17?,Near Ndalatando Angola,Forces Armed Angolan - Military,0,25,6,June,2002-06-02,20,5,20.0,0.8,20,Mil,20,2002-06
1980,Qtr 2,June,8,Angola,Yakovlev YAK 40D2,Near Matala Angola,Angola de Aereas Lineas,0,29,6,June,1980-06-08,29,0,0.0,1.0,29,Yakovlev,29,1980-06
1961,Qtr 2,June,30,Argentina,Curtiss C 46ALV,Buenos Aires Argentina,Transcontinental,0,35,6,June,1961-06-30,24,11,31.428571428571427,0.6857142857142857,24,Curtiss,24,1961-06
1934,Qtr 2,June,11,Argentina,Ford 5 AT,Junin Argentina,Panagra,0,10,6,June,1934-06-11,6,4,40.0,0.6,6,Ford,6,1934-06
1988,Qtr 2,June,12,Argentina,McDonnell Douglas MD 81N1003G,Posadas Argentina,(Argentina) Aeras Lineas Austral,0,22,6,June,1988-06-12,22,0,0.0,1.0,22,McDonnell Douglas,22,1988-06
2008,Qtr 2,June,29,Arizona,Bell 407 / Bell 407N407GA / N407MJ,Flagstaff Arizona,Helicopters Classic / Methods Air,0,7,6,June,2008-06-29,6,1,14.285714285714285,0.8571428571428571,6,Bell 407 / Bell 407N407GA /,6,2008-06
1986,Qtr 2,June,18,Arizona,de Havilland Can. DHC 6,Grand Canyon Arizona,Helitech / Airlines Canyon Grand,0,25,6,June,1986-06-18,25,0,0.0,1.0,25,de Havilland Canada,25,1986-06
1956,Qtr 2,June,30,Arizona,Douglas DC 7 / Lockheed S ConstellationN6902C/N6324C,Grand Canyon Arizona,Airlines World Trans / Lines Air United,0,128,6,June,1956-06-30,128,0,0.0,1.0,128,Douglas,128,1956-06
1999,Qtr 2,June,1,Arkansas,McDonnell Douglas MD 82N215AA,Little Rock Arkansas,Airlines American,0,145,6,June,1999-06-01,11,134,92.41379310344827,0.07586206896551724,11,McDonnell Douglas,11,1999-06
1945,Qtr 2,June,24,Australia,de Havilland DH 86AVH,Gealdton Australia,Airlines Miller Robertson Mac,0,11,6,June,1945-06-24,2,9,81.81818181818183,0.18181818181818182,2,De Havilland,2,1945-06
1950,Qtr 2,June,26,Australia,Douglas DC 4,York Australia,ANA Ansett,0,29,6,June,1950-06-26,29,0,0.0,1.0,29,Douglas,29,1950-06
1950,Qtr 2,June,15,Bahrain,Douglas DC 4F,Bahrain Bahrain,France Air,0,53,6,June,1950-06-15,40,13,24.528301886792452,0.7547169811320755,40,Douglas,40,1950-06
1929,Qtr 2,June,29,Bavaria,Domier Delphin III (flying boat)D 1620,Near Lindau Bavaria,Germany Bodensee Aerolloyd,0,5,6,June,1929-06-29,5,0,0.0,1.0,5,Domier Delphin III (flying,5,1929-06
1957,Qtr 2,June,23,Unknown,Douglas DC 3CF,Port Hardy BC,Canada Pacific Western,0,18,6,June,1957-06-23,14,4,22.22222222222222,0.7777777777777778,14,Douglas,14,1957-06
1980,Qtr 2,June,2,Bolivia,Fairchild F 27JCP,Near Yachiba Bolivia,Boliviano Aereo Lloyd,0,13,6,June,1980-06-02,13,0,0.0,1.0,13,Fairchild,13,1980-06
1947,Qtr 2,June,11,Brazil,Avro 691 LancastrianLV ACS,Near Natal Brazil,Argentina Mercante Aérea Flota,0,18,6,June,1947-06-11,5,13,72.22222222222221,0.2777777777777778,5,Avro 691,5,1947-06
1973,Qtr 2,June,9,Brazil,Boeing 707 327CPP,Rio de Janeiro Brazil,Varig,0,4,6,June,1973-06-09,2,2,50.0,0.5,2,Boeing,2,1973-06
1992,Qtr 2,June,22,Brazil,Boeing 737 2A1CPP,Cruzeiro do Sul Brazil,VASP,0,3,6,June,1992-06-22,3,0,0.0,1.0,3,Boeing,3,1992-06
1982,Qtr 2,June,8,Brazil,Boeing B 727,Near Pacatuba Brazil,VASP,0,137,6,June,1982-06-08,137,0,0.0,1.0,137,Boeing,137,1982-06
1960,Qtr 2,June,24,Brazil,Convair CV 340,Rio de Janeiro Brazil,REAL,0,54,6,June,1960-06-24,54,0,0.0,1.0,54,Convair,54,1960-06
1958,Qtr 2,June,16,Brazil,Convair CV 440,Curitiba Brazil,Cruzeiro,0,26,6,June,1958-06-16,21,5,19.230769230769234,0.8076923076923077,21,Convair,21,1958-06
1954,Qtr 2,June,4,Brazil,Curtiss C 46APP,Sao Paulo Brazil,Varig,0,3,6,June,1954-06-04,3,0,0.0,1.0,3,Curtiss,3,1954-06
1949,Qtr 2,June,7,Brazil,Douglas C 47BC,Near Florianpolis Brazil,Force Air Brazilian - Military,0,27,6,June,1949-06-07,27,0,0.0,1.0,27,Douglas,27,1949-06
1967,Qtr 2,June,15,Brazil,Douglas C 47C,Near Coari Brazil,Force Air Brazilian - Military,0,25,6,June,1967-06-15,20,5,20.0,0.8,20,Douglas,20,1967-06
1951,Qtr 2,June,6,Brazil,Douglas DC 3DPP,Rio de Janeiro Brazil,Brasileira Trans. Aéreas Lineas,0,19,6,June,1951-06-06,2,17,89.47368421052632,0.10526315789473684,2,Douglas,2,1951-06
1977,Qtr 2,June,3,Brazil,Embraer C 95 BandeiranteFAB2157,Natal Brazil,Force Air Brazilian - Military,0,18,6,June,1977-06-03,18,0,0.0,1.0,18,Embraer,18,1977-06
1984,Qtr 2,June,28,Brazil,Embraer 110C BandeirantePP SBC,Near Sao Pedro d' Aldeia Brazil,Regional Aéreas Lineas TAM,0,18,6,June,1984-06-28,18,0,0.0,1.0,18,Embraer 110C,18,1984-06
1985,Qtr 2,June,23,Brazil,Embraer 110P BandeirantePT GJN,Juara Brazil,TABA,0,17,6,June,1985-06-23,17,0,0.0,1.0,17,Embraer 110P,17,1985-06
2003,Qtr 2,June,11,Brazil,Embraer 820C NavajoPT EHH,Belo Horizonte Brazil,Taxi Air Astro,0,4,6,June,2003-06-11,4,0,0.0,1.0,4,Embraer 820C,4,2003-06
1982,Qtr 2,June,12,Brazil,Fairchild Hiller FH,Tabatinga Brazil,TABA,0,44,6,June,1982-06-12,44,0,0.0,1.0,44,Fairchild,44,1982-06
1990,Qtr 2,June,6,Brazil,Fairchild FH 227BPT,Near Altamira Brazil,TABA,0,42,6,June,1990-06-06,23,19,45.23809523809524,0.5476190476190477,23,Fairchild,23,1990-06
1975,Qtr 2,June,17,Brazil,Hawker Siddeley HS 748,Pedro Alfonso Brazil,Varig,3,15,6,June,1975-06-17,1,14,93.33333333333333,0.06666666666666667,4,Hawker Siddeley,4,1975-06
1953,Qtr 2,June,17,Brazil,Lockheed 049 46,Sao Paulo Brazil,Brasil do Panair,0,17,6,June,1953-06-17,17,0,0.0,1.0,17,Lockheed,17,1953-06
1944,Qtr 2,June,20,Brazil,Lockheed 10C ElectraPP VAG,Porto Alegre Brazil,Varig,0,10,6,June,1944-06-20,10,0,0.0,1.0,10,Lockheed 18,10,1944-06
1973,Qtr 2,June,1,Brazil,Sud Aviation SE 210 Caravelle VINPP,Sao Luis Brazil,Cruzeiro,0,23,6,June,1973-06-01,23,0,0.0,1.0,23,Sud Aviation,23,1973-06
1962,Qtr 2,June,4,Bulgaria,Tupolev TU 104BCCCP,Sofia Bulgaria,Aeroflot,0,5,6,June,1962-06-04,5,0,0.0,1.0,5,Tupolev,5,1962-06
1963,Qtr 2,June,10,Burma,Douglas DC 3XY,Mt. Kaolokung Burma,Airways Burma of Union,0,20,6,June,1963-06-10,20,0,0.0,1.0,20,Douglas,20,1963-06
1987,Qtr 2,June,21,Burma,Fokker F 27 Friendship 200XY,Heho Burma,Airways Burma,0,45,6,June,1987-06-21,45,0,0.0,1.0,45,Fokker,45,1987-06
1931,Qtr 2,June,7,Burma,Fokker F VIIBPH,Near Sandoway Burma,Orient Air,0,4,6,June,1931-06-07,4,0,0.0,1.0,4,Fokker,4,1931-06
1965,Qtr 2,June,28,California,Boeing B 707,San Francisco California,Airways World American Pan,0,153,6,June,1965-06-28,0,153,100.0,0.0,0,Boeing,0,1965-06
1965,Qtr 2,June,25,California,Boeing C 135A60,Near Santa Ana California,Force Air U.S. - Military,0,85,6,June,1965-06-25,85,0,0.0,1.0,85,Boeing,85,1965-06
1971,Qtr 2,June,28,California,Douglas DC 3N90627,Garberville California,Park Sea Cove Shelter,0,24,6,June,1971-06-28,17,7,29.166666666666668,0.7083333333333334,17,Douglas,17,1971-06
1940,Qtr 2,June,2,California,Douglas DC 5?,El Segundo California,Company Aircraft Douglas,0,5,6,June,1940-06-02,5,0,0.0,1.0,5,Douglas,5,1940-06
1934,Qtr 2,June,23,California,Lockheed OrionXA BEJ,Burbank California,Service Air Centrales Aerevias,0,1,6,June,1934-06-23,1,0,0.0,1.0,1,Lockheed,1,1934-06
1971,Qtr 2,June,6,California,McDonnell Douglas DC 9,Near Duarte California,Corps Air Marine US - Military / Airwest Hughes,0,51,6,June,1971-06-06,50,1,1.9607843137254901,0.9803921568627451,50,McDonnell Douglas,50,1971-06
2007,Qtr 2,June,25,Cambodia,Antonov AN 24VXU,Near Sihanoukville Cambodia,Air PMT,0,22,6,June,2007-06-25,22,0,0.0,1.0,22,Antonov,22,2007-06
2010,Qtr 2,June,19,Cameroon,CASA 212 AviocarTN AFA,Yangadou Cameroon,Service Aero,0,11,6,June,2010-06-19,11,0,0.0,1.0,11,Casa 212,11,2010-06
1955,Qtr 2,June,3,Cameroon,Douglas C 54AF,Fort Lamy Cameroon,Transport de Aéromaritime Union,0,3,6,June,1955-06-03,3,0,0.0,1.0,3,Douglas,3,1955-06
1961,Qtr 2,June,13,Cameroon,Douglas DC 4TJ,Douala Cameroon,Cameroon Air,0,5,6,June,1961-06-13,5,0,0.0,1.0,5,Douglas,5,1961-06
2010,Qtr 2,June,23,Canada,Beechcraft A100 King AirC FGIN,Quebec Canada,Aéropro,0,7,6,June,2010-06-23,7,0,0.0,1.0,7,Beechcraft A100 King,7,2010-06
1978,Qtr 2,June,26,Canada,McDonnell Douglas DC 9,Toronto Canada,Canada Air,0,107,6,June,1978-06-26,2,105,98.13084112149532,0.018691588785046728,2,McDonnell Douglas,2,1978-06
1998,Qtr 2,June,18,Canada,Swearingen SA 226TC Metroliner IIC,Montreal Canada,Propair,0,11,6,June,1998-06-18,11,0,0.0,1.0,11,Swearingen,11,1998-06
2006,Qtr 2,June,11,Chad,Lockheed C 130 HerculesTT,Abéché Chad,Force Air Chadian - Military,0,7,6,June,2006-06-11,5,2,28.57142857142857,0.7142857142857143,5,Lockheed,5,2006-06
1967,Qtr 2,June,4,Cheshire,Canadair C 4 ArgonautG,Stockport Cheshire,England British Midland Airways,0,84,6,June,1967-06-04,72,12,14.285714285714285,0.8571428571428571,72,Canadair,72,1967-06
1972,Qtr 2,June,13,Chile,Curtiss C 46DCC,Santiago Chile,Austral Flecha Aerolineas,0,3,6,June,1972-06-13,3,0,0.0,1.0,3,Curtiss,3,1972-06
1963,Qtr 2,June,16,Chile,Douglas C 47AFAC,Near Aysen Chile,Force Air Chilean - Military,0,20,6,June,1963-06-16,19,1,5.0,0.95,19,Douglas,19,1963-06
1938,Qtr 2,June,19,Chile,Douglas DC 2NC14272,Mount Mercedario Chile,Airways Grace American Pan,0,4,6,June,1938-06-19,4,0,0.0,1.0,4,Douglas,4,1938-06
1971,Qtr 2,June,17,Chile,Douglas DC 6CP,Near Arica Chile,SAVCO,0,6,6,June,1971-06-17,6,0,0.0,1.0,6,Douglas,6,1971-06
1953,Qtr 2,June,15,Chile,Lockheed 18 LoadstarCC CLD,Near Reo Copiapo Chile,Chile Lan,0,7,6,June,1953-06-15,7,0,0.0,1.0,7,Lockheed 18,7,1953-06
1944,Qtr 2,June,18,China,Douglas C 4771,Kweilin China,Corporation Aviation National China,0,4,6,June,1944-06-18,2,2,50.0,0.5,2,Douglas,2,1944-06
1944,Qtr 2,June,8,China,Douglas C 4785,Kunming China,Corporation Aviation National China,0,6,6,June,1944-06-08,6,0,0.0,1.0,6,Douglas,6,1944-06
1996,Qtr 2,June,21,China,Harbin Yunshuji Y 12,Shanghai China,Airlines) (Feilong Aviation Dragon Flying China,0,12,6,June,1996-06-21,2,10,83.33333333333334,0.16666666666666666,2,Harbin Yunshuji,2,1996-06
2006,Qtr 2,June,3,China,KJ 2000?,Yaocun China,Force Air Chinese - Military,0,40,6,June,2006-06-03,40,0,0.0,1.0,40,KJ,40,2006-06
1948,Qtr 2,June,17,China,PBY Catalina?,Over the Pearl River China,Pacific Cathy,0,26,6,June,1948-06-17,25,1,3.8461538461538463,0.9615384615384616,25,PBY,25,1948-06
1994,Qtr 2,June,6,China,Tupolev TU 154MB,Near Xi'an China,Airlines Northwest China,0,160,6,June,1994-06-06,160,0,0.0,1.0,160,Tupolev,160,1994-06
2000,Qtr 2,June,22,China,Xian Yunshuji Y 7,Shitai China,Airlines Wuhan,7,44,6,June,2000-06-22,44,0,0.0,1.0,51,Xian Yunshuji,51,2000-06
1993,Qtr 2,June,6,Colombia,de Havilland Canada DHC 6 Twin Otter 300HK,El Yopal Colombia,Aerotaca,0,2,6,June,1993-06-06,2,0,0.0,1.0,2,de Havilland Canada,2,1993-06
1989,Qtr 2,June,11,Colombia,de Havilland Canada DHC 6 Twin Otter 300HK,Vereda el Salitre Colombia,Aerotaca,0,22,6,June,1989-06-11,6,16,72.72727272727273,0.2727272727272727,6,de Havilland Canada,6,1989-06
1951,Qtr 2,June,13,Colombia,Douglas C 47AHK,Medellin Colombia,Medellin Aeronautica Sociedad,0,3,6,June,1951-06-13,3,0,0.0,1.0,3,Douglas,3,1951-06
1950,Qtr 2,June,9,Colombia,Douglas DC 3,Near Fonseca Colombia,Mission Tribes New,0,15,6,June,1950-06-09,15,0,0.0,1.0,15,Douglas,15,1950-06
1991,Qtr 2,June,20,Colombia,Douglas DC 6BFHK,Near Malambo Colombia,Colombia Aerosucre,0,18,6,June,1991-06-20,2,16,88.88888888888889,0.1111111111111111,2,Douglas,2,1991-06
1935,Qtr 2,June,24,Colombia,Ford Tri Motor / Ford Tri,Medellin Colombia,SCADTA / Columbiano Aereo Servicio,0,20,6,June,1935-06-24,17,3,15.0,0.85,17,Ford,17,1935-06
1924,Qtr 2,June,8,Colombia,Junkers F 13A16,Barranquilla Colombia,SCADTA,0,5,6,June,1924-06-08,5,0,0.0,1.0,5,Junkers,5,1924-06
2009,Qtr 2,June,30,Comoros,Airbus A310 3247O,Off Mitsamiouli Comoros,Airway Yemenia,0,153,6,June,2009-06-30,152,1,0.6535947712418301,0.9934640522875817,152,Airbus,152,2009-06
2007,Qtr 2,June,21,Congo,Let 410UVP9Q CEU,Near Kamina Congo,Airways Karibu,0,25,6,June,2007-06-21,1,24,96.0,0.04,1,Let,1,2007-06
1997,Qtr 2,June,6,Congo,Vickers Viscount 781D9Q CWL,Near Irumu Congo,Bazair,0,27,6,June,1997-06-06,27,0,0.0,1.0,27,Vickers Viscount,27,1997-06
1971,Qtr 2,June,7,Connecticut,Convair CV 580N5832,New Haven Connecticut,Airlines Allegheny,0,31,6,June,1971-06-07,28,3,9.67741935483871,0.9032258064516129,28,Convair,28,1971-06
1984,Qtr 2,June,4,Connecticut,Learjet 23AN101PP,Windsor Locks Connecticut,Continental Air,0,3,6,June,1984-06-04,3,0,0.0,1.0,3,Learjet,3,1984-06
1953,Qtr 2,June,15,Costa,Douglas DC 3TI,San Ramon Mtns. Costa,RicaLACSA,0,17,6,June,1953-06-15,9,8,47.05882352941176,0.5294117647058824,9,Douglas,9,1953-06
1983,Qtr 2,June,2,Covington/Hebron,McDonnell Douglas DC 9,Cincinnati International Airport Covington/Hebron,Kentucky Air Canada,0,46,6,June,1983-06-02,23,23,50.0,0.5,23,McDonnell Douglas,23,1983-06
1929,Qtr 2,June,13,Cuba,Fokker F XNC9700,Santiago de Cuba Cuba,Airways American Pan,0,5,6,June,1929-06-13,2,3,60.0,0.4,2,Fokker,2,1929-06
1996,Qtr 2,June,6,Democratic,Ilyushin 76MDUR 76539,Kinshasa Democratic,CongoHoseba Republic,0,10,6,June,1996-06-06,10,0,0.0,1.0,10,Ilyushin,10,1996-06
1995,Qtr 2,June,27,Dominican,Convair CV 440N356SA,La Romana Dominican,RepublicSalair,0,2,6,June,1995-06-27,2,0,0.0,1.0,2,Convair,2,1995-06
1952,Qtr 2,June,14,East,Airspeed AS 65 ConsulG,Near Brighton East,England Sussex Morton Air Services,0,8,6,June,1952-06-14,6,2,25.0,0.75,6,Airspeed,6,1952-06
1986,Qtr 2,June,10,Egypt,Fokker F 27 Friendship 500SU,Near Cairo Egypt,Egypt,0,26,6,June,1986-06-10,23,3,11.538461538461538,0.8846153846153846,23,Fokker,23,1986-06
1961,Qtr 2,June,12,Egypt,Lockheed L 188C ElectraPH,Cairo Egypt,Airlines Dutch Royal KLM,0,36,6,June,1961-06-12,20,16,44.44444444444444,0.5555555555555556,20,Lockheed,20,1961-06
1990,Qtr 2,June,10,England,BAC One Eleven 528FLG,Oxfordshire England,Airways British,0,87,6,June,1990-06-10,0,87,100.0,0.0,0,BAC,0,1990-06
1952,Qtr 2,June,24,England,Boeing B 50 Superfortress?,Lakenheath AFB England,Force Air U.S. - Military,0,11,6,June,1952-06-24,11,0,0.0,1.0,11,Boeing,11,1952-06
1945,Qtr 2,June,25,England,Consolidated LB 30A LiberatorJT985,Swanage England,Force Air -Royal Military,0,27,6,June,1945-06-25,27,0,0.0,1.0,27,Consolidated,27,1945-06
1954,Qtr 2,June,19,England,Convair CV 240,Off Folkestone England,Swissair,0,9,6,June,1954-06-19,3,6,66.66666666666666,0.3333333333333333,3,Convair,3,1954-06
1929,Qtr 2,June,17,England,Handley Page W 10G,Off Dungeness England,Airways Imperial,0,13,6,June,1929-06-17,7,6,46.15384615384615,0.5384615384615384,7,Handley Page,7,1929-06
1981,Qtr 2,June,26,England,Hawker Siddeley HS 748G,Nailstone England,Services Air Dan,0,3,6,June,1981-06-26,3,0,0.0,1.0,3,Hawker Siddeley,3,1981-06
1917,Qtr 2,June,17,England?,Zepplin L 48 (air ship)L,Near Yarmouth England?,Unknown Operator,0,16,6,June,1917-06-17,14,2,12.5,0.875,14,Zepplin,14,1917-06
1976,Qtr 2,June,1,Equatorial,Tupolev TU 154ACCCP,Nacias Nguema Equatorial,GuineaAeroflot,0,45,6,June,1976-06-01,45,0,0.0,1.0,45,Tupolev,45,1976-06
2000,Qtr 2,June,23,Florida,Learjet 55N220JC,Boca Raton Florida,Aviation Jet Universal,0,3,6,June,2000-06-23,3,0,0.0,1.0,3,Learjet,3,2000-06
1988,Qtr 2,June,26,France,Airbus A320 111F,Habsheim France,France Air,0,136,6,June,1988-06-26,3,133,97.79411764705883,0.022058823529411766,3,Airbus,3,1988-06
1994,Qtr 2,June,30,France,Airbus A330 321F,Toulouse-Blagnac France,Industrie Airbus,0,7,6,June,1994-06-30,7,0,0.0,1.0,7,Airbus,7,1994-06
2003,Qtr 2,June,22,France,Canadair CRJ 100ERF,Near Brest France,Air Brit,0,24,6,June,2003-06-22,1,23,95.83333333333334,0.041666666666666664,1,Canadair,1,2003-06
1940,Qtr 2,June,20,France,Dewoitine D 338F,Near Ouistreham France,France Air,0,1,6,June,1940-06-20,1,0,0.0,1.0,1,Dewoitine,1,1940-06
1944,Qtr 2,June,6,France,Douglas C 47A,Carentan France,Forces Air Army U.S. - Military,0,22,6,June,1944-06-06,22,0,0.0,1.0,22,Douglas,22,1944-06
1944,Qtr 2,June,6,France,Douglas C 47A42,Barneville France,Forces Air Army U.S. - Military,0,22,6,June,1944-06-06,22,0,0.0,1.0,22,Douglas,22,1944-06
1944,Qtr 2,June,6,France,Douglas C 47A42,Flamanville France,Forces Air Army U.S. - Military,0,22,6,June,1944-06-06,22,0,0.0,1.0,22,Douglas,22,1944-06
1925,Qtr 2,June,25,France,Fokker (KLM) F.IIIH NABM,Landrécies France,Airlines Dutch Royal KLM,0,4,6,June,1925-06-25,4,0,0.0,1.0,4,Fokker (KLM),4,1925-06
1946,Qtr 2,June,29,France,Junkers Ju 52/3mF,Pau France,France Air,0,3,6,June,1946-06-29,2,1,33.33333333333333,0.6666666666666666,2,Junkers,2,1946-06
1947,Qtr 2,June,4,France,Junkers Ju 52F,Near Gemenos France,France Air,0,2,6,June,1947-06-04,2,0,0.0,1.0,2,Junkers,2,1947-06
1973,Qtr 2,June,3,France,Tupolev TU 144CCCP,Goussainville France,Aeroflot,8,6,6,June,1973-06-03,6,0,0.0,1.0,14,Tupolev,14,1973-06
1953,Qtr 2,June,16,French,Douglas DC 3F,Mount Phou-Lassy French,Azur Indo-ChinaAigle,0,34,6,June,1953-06-16,34,0,0.0,1.0,34,Douglas,34,1953-06
2004,Qtr 2,June,8,Gabon,BAe HS 748,Off Libreville Gabon,Express Gabon,0,30,6,June,2004-06-08,19,11,36.666666666666664,0.6333333333333333,19,BAe,19,2004-06
1993,Qtr 2,June,17,Georgia,Antonov AN 26RA,Near Tbilisi Georgia,Airlines Tajikistan,0,41,6,June,1993-06-17,41,0,0.0,1.0,41,Antonov,41,1993-06
1965,Qtr 2,June,15,Georgia,Bell UH 1D / Bell UH1D (helicopters)63,Near Colombus Georgia,Army U.S. - Military / Army U.S. - Military,0,18,6,June,1965-06-15,18,0,0.0,1.0,18,Bell,18,1965-06
1989,Qtr 2,June,29,Georgia,Dassault Falcon 20N125CA,Cartersville Georgia,Calair,0,2,6,June,1989-06-29,2,0,0.0,1.0,2,Dassault Falcon,2,1989-06
1960,Qtr 2,June,10,Georgia,Ilyushin IL 14PCCCP,Nea Tkvarcheli Georgia,Aeroflot,0,31,6,June,1960-06-10,31,0,0.0,1.0,31,Ilyushin,31,1960-06
1953,Qtr 2,June,14,Georgia,Ilyushin IL 2CCCP,Near Zugdidi Georgia,Aeroflot,0,18,6,June,1953-06-14,18,0,0.0,1.0,18,Ilyushin,18,1953-06
1928,Qtr 2,June,14,Germany,AEGKD 74,Frankfurt Germany,Lufthansa Deutsche,0,5,6,June,1928-06-14,5,0,0.0,1.0,5,AEGKD,5,1928-06
1934,Qtr 2,June,22,Germany,Dornier MerkurD 1445,Chausseehausen Germany,Lufthansa Deutsche,0,7,6,June,1934-06-22,1,6,85.71428571428571,0.14285714285714285,1,Dornier,1,1934-06
1931,Qtr 2,June,13,Germany,Dornier MerkurD 1455,Saarbrucken Germany,Lufthansa Deutsche,0,4,6,June,1931-06-13,4,0,0.0,1.0,4,Dornier,4,1931-06
1989,Qtr 2,June,17,Germany,Ilyushin IL 62MKDDR,Berlin Germany,Interflug,1,113,6,June,1989-06-17,20,93,82.30088495575221,0.17699115044247787,21,Ilyushin,21,1989-06
1936,Qtr 2,June,13,Germany,Junkers JU 160D,Hannover Germany,Lufthansa Deutsche,0,6,6,June,1936-06-13,1,5,83.33333333333334,0.16666666666666666,1,Junkers,1,1936-06
2012,Qtr 2,June,2,Ghana,Boeing B 727,Accra Ghana,Air Allied,12,4,6,June,2012-06-02,0,4,100.0,0.0,12,Boeing,12,2012-06
2000,Qtr 2,June,5,Ghana,Fokker F 27 Friendship 600G,Accra Ghana,Airlink Ghana,0,52,6,June,2000-06-05,7,45,86.53846153846155,0.1346153846153846,7,Fokker,7,2000-06
1991,Qtr 2,June,1,Great,GAF Nomad N24AN8071L,Off Matthewtown Great,Inc. Flight InaguaAgape,0,3,6,June,1991-06-01,2,1,33.33333333333333,0.6666666666666666,2,GAF Nomad,2,1991-06
1985,Qtr 2,June,14,Greece,Boeing B 727,Athens Greece,Airlines World Trans,0,153,6,June,1985-06-14,1,152,99.34640522875817,0.006535947712418301,1,Boeing,1,1985-06
1949,Qtr 2,June,6,Greece,Douglas DC 3SX,Malahasa Attica Greece,Explotiation Aeronautical - Tech,0,22,6,June,1949-06-06,22,0,0.0,1.0,22,Douglas,22,1949-06
1962,Qtr 2,June,22,Guadaloupe,Boeing B 707,Basse-Terre Guadaloupe,West Indies Air France,0,112,6,June,1962-06-22,112,0,0.0,1.0,112,Boeing,112,1962-06
1976,Qtr 2,June,4,Guam,Lockheed 188A ElectraRP C1061,Agana Guam,Manila Air,1,45,6,June,1976-06-04,45,0,0.0,1.0,46,Lockheed 18,46,1976-06
1940,Qtr 2,June,14,Gulf,Junkers JU 52/3mgeOH,Off Prangli Island Gulf,Estonia Finland of Aero O-Y,0,9,6,June,1940-06-14,9,0,0.0,1.0,9,Junkers,9,1940-06
1947,Qtr 2,June,21,Gulf,Li 2CCCP,Black Sea Gulf,KarkinitskyAeroflot of,0,29,6,June,1947-06-21,8,21,72.41379310344827,0.27586206896551724,8,Li,8,1947-06
1998,Qtr 2,June,25,Hawaii,Eurocopter AS 350,Mt. Waialeale Hawaii,Tours Helicopter Ohana - Taxi Air,0,6,6,June,1998-06-25,6,0,0.0,1.0,6,Eurocopter,6,1998-06
1983,Qtr 2,June,16,Hawaii,Lockheed P 3B Orion152720,Kauai Hawaii,Navy U.S. - Military,0,14,6,June,1983-06-16,14,0,0.0,1.0,14,Lockheed,14,1983-06
2003,Qtr 2,June,15,Hawaii,McDonnell Douglas 369DN4493M,Volcano Hawaii,Helicopters Tour Paradise,0,4,6,June,2003-06-15,4,0,0.0,1.0,4,McDonnell Douglas,4,2003-06
1967,Qtr 2,June,30,Hong,Sud Aviation SE 210 Caravelle IIIHS,Kai Tak Hong,International KongThai,0,80,6,June,1967-06-30,24,56,70.0,0.3,24,Sud Aviation,24,1967-06
1963,Qtr 2,June,16,Hungary,VEB 14PYR ILL,Bekkessamson Hungary,TAROM,0,31,6,June,1963-06-16,31,0,0.0,1.0,31,VEB,31,1963-06
1933,Qtr 2,June,11,Illinois,Sikorsky S 38B (flying boat)NC,Glenview Illinois,Palwaukee,0,9,6,June,1933-06-11,9,0,0.0,1.0,9,Sikorsky,9,1933-06
1945,Qtr 2,June,29,India,??,Bangalore India,Force Air Indian Royal - Military,36,2,6,June,1945-06-29,2,0,0.0,1.0,38,??,38,1945-06
2009,Qtr 2,June,8,India,Antonov AN 32?,State of Arunachal Pradesh India,Force Air Indian - Military,0,13,6,June,2009-06-08,13,0,0.0,1.0,13,Antonov,13,2009-06
2019,Qtr 2,June,3,India,Antonov An 32K2752,Near Lipo India,Force Air Indian - Military,0,13,6,June,2019-06-03,13,0,0.0,1.0,13,Antonov,13,2019-06
1982,Qtr 2,June,22,India,Boeing B 707,Bombay India,India Air,0,111,6,June,1982-06-22,17,94,84.68468468468468,0.15315315315315314,17,Boeing,17,1982-06
1968,Qtr 2,June,12,India,Boeing B 707,Calcutta India,Airways World American Pan,0,63,6,June,1968-06-12,6,57,90.47619047619048,0.09523809523809523,6,Boeing,6,1968-06
1958,Qtr 2,June,25,India,Douglas C 47AVT,Mohanbari India,Airlines Indian,0,7,6,June,1958-06-25,5,2,28.57142857142857,0.7142857142857143,5,Douglas,5,1958-06
1963,Qtr 2,June,3,India,Douglas C 47VT,Pathankot India,Airlines Indian,0,29,6,June,1963-06-03,29,0,0.0,1.0,29,Douglas,29,1963-06
1979,Qtr 2,June,7,India,Hindustan Aeronautics 748 2MH2178,Near Leh India,Force Air Indian - Military,0,27,6,June,1979-06-07,27,0,0.0,1.0,27,Hindustan Aeronautics,27,1979-06
1972,Qtr 2,June,14,India,McDonnell Douglas DC 8,Near New Delhi India,Lines Air Japan,4,87,6,June,1972-06-14,82,5,5.747126436781609,0.9425287356321839,86,McDonnell Douglas,86,1972-06
1982,Qtr 2,June,24,Indonesia,Boeing B 747G,Mount Galunggung Indonesia,Airways British,0,257,6,June,1982-06-24,0,257,100.0,0.0,0,Boeing,0,1982-06
2008,Qtr 2,June,26,Indonesia,CASA NC 212A,Near Salak Mountain Indonesia,Force Air Indonesian - Military,0,18,6,June,2008-06-26,18,0,0.0,1.0,18,CASA,18,2008-06
1993,Qtr 2,June,16,Indonesia,de Havilland Canada DHC 6 Twin Otter 300PK,Nabire Indonesia,Airlines Nasantara Merpati,0,3,6,June,1993-06-16,1,2,66.66666666666666,0.3333333333333333,1,de Havilland Canada,1,1993-06
2009,Qtr 2,June,29,Indonesia,de Havilland Canada DHC 6 Twin Otter 300PK,Near Wamena Indonesia,Mandiri Aviastar,0,3,6,June,2009-06-29,3,0,0.0,1.0,3,de Havilland Canada,3,2009-06
2012,Qtr 2,June,21,Indonesia,Fokker F 27 Friendship 400MA,Jakarta Indonesia,Force Air Indonesian - Military,4,7,6,June,2012-06-21,7,0,0.0,1.0,11,Fokker,11,2012-06
1994,Qtr 2,June,18,Indonesia,Fokker F 27 Friendship 500FPK,Mt. Kalora Indonesia,Airlines Nusantara Merpati,0,12,6,June,1994-06-18,12,0,0.0,1.0,12,Fokker,12,1994-06
1983,Qtr 2,June,2,Indonesia,Fokker F 28 Fellowship 3000RCPK,Tanjung Karang Indonesia,Airlines Indonesia Garuda,0,61,6,June,1983-06-02,3,58,95.08196721311475,0.04918032786885246,3,Fokker,3,1983-06
2015,Qtr 2,June,30,Indonesia,Lockheed C130 B HerculesA,Medan Indonesia,Force Air Indonesian - Military,19,122,6,June,2015-06-30,122,0,0.0,1.0,141,Lockheed,141,2015-06
2001,Qtr 2,June,15,Indonesia,Transall C 160NGPK,Jayapura Indonesia,Air Manunggal,0,19,6,June,2001-06-15,1,18,94.73684210526315,0.05263157894736842,1,Transall,1,2001-06
1989,Qtr 2,June,18,Iran,Antonov AN 26YA,Zabol Iran,Airlines Afghan Ariana,0,39,6,June,1989-06-18,6,33,84.61538461538461,0.15384615384615385,6,Antonov,6,1989-06
1996,Qtr 2,June,9,Iran,Boeing 727 286EP,Rasht Iran,Air Iran,0,7,6,June,1996-06-09,7,0,0.0,1.0,7,Boeing,7,1996-06
2003,Qtr 2,June,25,Iran,Lockheed C 130 Hercules?,Near Rudshour Iran,Force Air Iran of Republic Islamic - Military,0,7,6,June,2003-06-25,7,0,0.0,1.0,7,Lockheed,7,2003-06
1967,Qtr 2,June,12,Ireland,Bristol 170 Freighter 31EEI APM,Dublin Ireland,Turas Aer,0,2,6,June,1967-06-12,2,0,0.0,1.0,2,Bristol 170 Freighter,2,1967-06
1986,Qtr 2,June,12,Islay,de Havilland Canada DHC 6 Twin Otter 300G,Port Ellen Islay,IslandLoganair,0,16,6,June,1986-06-12,1,15,93.75,0.0625,1,de Havilland Canada,1,1986-06
1946,Qtr 2,June,1,Italy,Douglas C 54,Off Amalfi Italy,Forces Air Army U.S. - Military,0,38,6,June,1946-06-01,30,8,21.052631578947366,0.7894736842105263,30,Douglas,30,1946-06
2003,Qtr 2,June,1,Italy,Gates Learjet 45I ERJC,Milan Italy,Italila Eurojet,0,2,6,June,2003-06-01,2,0,0.0,1.0,2,Gates Learjet,2,2003-06
1949,Qtr 2,June,23,Italy,Lockheed 749 79,Off Bari Italy,Airlines Dutch Royal KLM,0,33,6,June,1949-06-23,33,0,0.0,1.0,33,Lockheed,33,1949-06
1994,Qtr 2,June,26,Ivory,Fokker F 27 Friendship 400MTU,Abidjan Ivory,Ivorie CoastAir,0,17,6,June,1994-06-26,17,0,0.0,1.0,17,Fokker,17,1994-06
2000,Qtr 2,June,27,Japan,Kawasaki C 1A88,Off Shimano Japan,Force Self-Defence Air Japanese - Military,0,5,6,June,2000-06-27,5,0,0.0,1.0,5,Kawasaki,5,2000-06
1996,Qtr 2,June,13,Japan,McDonnell Douglas DC 10,Fukuoka Japan,Airlines Indonesia Garuda,0,275,6,June,1996-06-13,3,272,98.9090909090909,0.01090909090909091,3,McDonnell Douglas,3,1996-06
1973,Qtr 2,June,30,Jordan,Tupolev TU 134ACCCP,Amman Jordan,Aeroflot,7,85,6,June,1973-06-30,2,83,97.6470588235294,0.023529411764705882,9,Tupolev,9,1973-06
1928,Qtr 2,June,22,Kansas,Douglas M 4NC1059,Lebo Kansas,Transport Air National,0,1,6,June,1928-06-22,1,0,0.0,1.0,1,Douglas,1,1928-06
1922,Qtr 2,June,3,Kent,Bleriot Spad 27F ACMH,Off Folkestone Kent,England Cie des Messageries Aeriennes,0,3,6,June,1922-06-03,3,0,0.0,1.0,3,Bleriot Spad,3,1922-06
2018,Qtr 2,June,5,Kenya,Cessna 208B Grand Carivan 5Y CAC,Near Njabini Kenya,SAX Fly,0,10,6,June,2018-06-05,10,0,0.0,1.0,10,Cessna 208B Grand,10,2018-06
1974,Qtr 2,June,27,Khmer,Boeing 307B 1 StratolinerXW,Battambang Khmer,Air RepublicCambodia,0,39,6,June,1974-06-27,19,20,51.28205128205128,0.48717948717948717,19,Boeing,19,1974-06
1969,Qtr 2,June,28,Kyrgyzstan,Ilyushin IL 14CCCP,Near Talas Kyrgyzstan,Aeroflot,0,40,6,June,1969-06-28,40,0,0.0,1.0,40,Ilyushin,40,1969-06
1951,Qtr 2,June,22,Liberia,Lockheed 049 ConstellationN88846,Near Sanoyea Liberia,Airways World American Pan,0,40,6,June,1951-06-22,40,0,0.0,1.0,40,Lockheed,40,1951-06
1970,Qtr 2,June,1,Libya,Tupolev TU 104AOK,Tripoli Libya,Aerolinie Ceskoslovenske,0,13,6,June,1970-06-01,13,0,0.0,1.0,13,Tupolev,13,1970-06
1959,Qtr 2,June,26,Lombardia,Lockheed 1649A StarlinerN7313C,Near Varese Lombardia,20 miles NW of Milan,0,68,6,June,1959-06-26,68,0,0.0,1.0,68,Lockheed 18,68,1959-06
1976,Qtr 2,June,6,Malaysia,GAF Nomad N 22B9M,Off Kota Kinabalu Malaysia,Air Sabah,0,11,6,June,1976-06-06,11,0,0.0,1.0,11,GAF Nomad,11,1976-06
1983,Qtr 2,June,21,Mali,de Havilland Canada DHC 6 Twin Otter 300TZ,Niela Mali,Mali Air,0,7,6,June,1983-06-21,7,0,0.0,1.0,7,de Havilland Canada,7,1983-06
1999,Qtr 2,June,25,Manatoba,de Havilland Canada DHC 3 OtterC,Long Haul Lake Manatoba,Canada Blue Water Aviation Services,0,2,6,June,1999-06-25,1,1,50.0,0.5,1,de Havilland Canada,1,1999-06
1957,Qtr 2,June,22,Maryland,Douglas C 47AN88835,Near Clarksburg Maryland,Airlines Capital,0,3,6,June,1957-06-22,3,0,0.0,1.0,3,Douglas,3,1957-06
1958,Qtr 2,June,27,Massachusetts,Boeing KC 135A56,Near Chicopee Falls Massachusetts,Force Air U.S. - Military,0,15,6,June,1958-06-27,15,0,0.0,1.0,15,Boeing,15,1958-06
2008,Qtr 2,June,18,Massachusetts,de Havilland Canada DHC 6 Twin Otter 100N656WA,Hyannis Massachusetts,Airways Wiggins,0,1,6,June,2008-06-18,1,0,0.0,1.0,1,de Havilland Canada,1,2008-06
1979,Qtr 2,June,17,Massachusetts,de Havilland Canada DHC 6 Twin Otter 300N383EX,Hyannis Massachusetts,England New Air,0,10,6,June,1979-06-17,1,9,90.0,0.1,1,de Havilland Canada,1,1979-06
1930,Qtr 2,June,5,Massachusetts,Ford Tri Motor 5NC9675,Boston Massachusetts,Transport Air Colonial,0,15,6,June,1930-06-05,1,14,93.33333333333333,0.06666666666666667,1,Ford,1,1930-06
1955,Qtr 2,June,18,Mexico,Curtiss C 46XA,Leon Mexico,Voladores Tigres,0,39,6,June,1955-06-18,18,21,53.84615384615385,0.46153846153846156,18,Curtiss,18,1955-06
1967,Qtr 2,June,12,Mexico,Douglas DC 3A,Near La Paz Mexico,Mexico de Aeronaves,2,4,6,June,1967-06-12,3,1,25.0,0.75,5,Douglas,5,1967-06
1958,Qtr 2,June,2,Mexico,Lockheed 749A ConstellationXA MEV,Near Guadalajara Mexico,Mexico de Aeronaves,0,45,6,June,1958-06-02,45,0,0.0,1.0,45,Lockheed 749A,45,1958-06
1973,Qtr 2,June,20,Mexico,McDonnell Douglas DC 9,Near Puerto Vallarta Mexico,Aeromexico,0,27,6,June,1973-06-20,27,0,0.0,1.0,27,McDonnell Douglas,27,1973-06
1994,Qtr 2,June,13,Mexico,Swearingen SA.226TC Metro IIXA SLU,Near Uruapan Mexico,Cuahonte Aerolineas,0,9,6,June,1994-06-13,9,0,0.0,1.0,9,Swearingen SA.226TC Metro,9,1994-06
1929,Qtr 2,June,24,Minnesota,Ford 5 AT,St. Paul Minnesota,Airlines Orient Northwest,0,8,6,June,1929-06-24,1,7,87.5,0.125,1,Ford,1,1929-06
1968,Qtr 2,June,28,Missouri,Douglas DC 3 (C,Vichy Missouri,Inc. Airlines Purdue,0,27,6,June,1968-06-28,1,26,96.29629629629629,0.037037037037037035,1,Douglas,1,1968-06
1997,Qtr 2,June,10,Mongolia,Harbin Yunshuji Y 12 IIJU,Mandalgobi Mongolia,Airlines Mongolian - MIAT,0,12,6,June,1997-06-10,7,5,41.66666666666667,0.5833333333333334,7,Harbin Yunshuji,7,1997-06
2007,Qtr 2,June,13,Mongolia,Mi 8?,Selenge province Mongolia,Ministry Defense Mongolian,0,22,6,June,2007-06-13,15,7,31.818181818181817,0.6818181818181818,15,Mil,15,2007-06
2012,Qtr 2,June,6,Mount,Sikorsly S 58ETOB,Hualla Hualla Mount,Peru Heli Mamarosa Cusco,0,14,6,June,2012-06-06,14,0,0.0,1.0,14,Sikorsky,14,2012-06
2021,Qtr 2,June,10,Myanmar,Beechcraft 1900D4610,Near Pyin Oo Lwin Myanmar,Force Air Myanmar - Military,0,14,6,June,2021-06-10,12,2,14.285714285714285,0.8571428571428571,12,Beechcraft,12,2021-06
2017,Qtr 2,June,7,Myanmar,Shaanxi Y 8F,Off Dawei Myanmar,Force Air Myanmar - Military,0,122,6,June,2017-06-07,122,0,0.0,1.0,122,Shaanxi,122,2017-06
1971,Qtr 2,June,13,U.S. Air Force,Boeing EC,North Pacific OceanMilitary - U.S. Air Force,Unknown Operator,0,24,6,June,1971-06-13,24,0,0.0,1.0,24,Boeing,24,1971-06
1945,Qtr 2,June,30,U.S. Air Force,Boeing TB 29A Super Fortress44,TexasMilitary - U.S. Air Force,Unknown Operator,0,12,6,June,1945-06-30,12,0,0.0,1.0,12,Boeing,12,1945-06
1950,Qtr 2,June,5,Atlantic Ocean off FloridaWestair Transport,Curtiss C 46,Atlantic Ocean off FloridaWestair Transport,Unknown Operator,0,65,6,June,1950-06-05,28,37,56.92307692307692,0.4307692307692308,28,Curtiss,28,1950-06
1959,Qtr 2,June,1,NicaraguaAerolineas Nacionales,Curtiss C 46TI,NicaraguaAerolineas Nacionales,Unknown Operator,0,60,6,June,1959-06-01,60,0,0.0,1.0,60,Curtiss,60,1959-06
1941,Qtr 2,June,3,Atlantic OceanGreat Western and Southern Air Lines,de Havilland DH 84 DragonG,Atlantic OceanGreat Western and Southern Air Lines,Unknown Operator,0,6,6,June,1941-06-03,6,0,0.0,1.0,6,De Havilland,6,1941-06
1948,Qtr 2,June,10,Isle of ManHargreaves Airways,de Havilland DH 89A Dragon RapideG,Isle of ManHargreaves Airways,Unknown Operator,0,8,6,June,1948-06-10,6,2,25.0,0.75,6,De Havilland,6,1948-06
1939,Qtr 2,June,20,Teesdale. United Kingdom British American Air Services,de Havilland DH.89 Dragon RapideG AERE,Forest-in-Teesdale. United Kingdom British American Air Services,Unknown Operator,0,3,6,June,1939-06-20,3,0,0.0,1.0,3,de Havilland DH.89 Dragon,3,1939-06
1945,Qtr 2,June,15,ChinaChina National Aviation Corporation,Douglas C 4781,ChinaChina National Aviation Corporation,Unknown Operator,0,3,6,June,1945-06-15,3,0,0.0,1.0,3,Douglas,3,1945-06
1946,Qtr 2,June,29,Royal Air Force,Douglas C 47BKJ918,Off MalayaMilitary - Royal Air Force,Unknown Operator,0,18,6,June,1946-06-29,18,0,0.0,1.0,18,Douglas,18,1946-06
1956,Qtr 2,June,13,Over North CarolinaPiedmont,Douglas DC 3?,Over North CarolinaPiedmont,Unknown Operator,0,0,6,June,1956-06-13,1,-1,-inf,Unknown,1,Douglas,1,1956-06
1952,Qtr 2,June,13,Baltic SeaSwedish Air Force,Douglas DC 379001,Baltic SeaSwedish Air Force,Unknown Operator,0,8,6,June,1952-06-13,8,0,0.0,1.0,8,Douglas,8,1952-06
1943,Qtr 2,June,1,Off the coast of FranceBritish Overseas Airways,Douglas DC 3G,Off the coast of FranceBritish Overseas Airways,Unknown Operator,0,17,6,June,1943-06-01,17,0,0.0,1.0,17,Douglas,17,1943-06
1950,Qtr 2,June,13,Off BahrainAir France,Douglas DC 4,Off BahrainAir France,Unknown Operator,0,52,6,June,1950-06-13,46,6,11.538461538461538,0.8846153846153846,46,Douglas,46,1950-06
1950,Qtr 2,June,14,BahrainAir France,Douglas DC 4F,BahrainAir France,Unknown Operator,0,53,6,June,1950-06-14,40,13,24.528301886792452,0.7547169811320755,40,Douglas,40,1950-06
1958,Qtr 2,June,10,Ilha Grande Rio de JaneiroAerolenas Argentinas,Douglas DC 6LV,Ilha Grande Rio de JaneiroAerolenas Argentinas,Unknown Operator,0,22,6,June,1958-06-10,0,22,100.0,0.0,0,Douglas,0,1958-06
1977,Qtr 2,June,21,U.S. Navy,Lockheed EC 130Q156176,Off Wake IslandMilitary - U.S. Navy,Unknown Operator,0,16,6,June,1977-06-21,16,0,0.0,1.0,16,Lockheed,16,1977-06
1988,Qtr 2,June,18,Mozambique Air Force,Mil Mi 8 (helicopter)?,Central MozambiqueMilitary - Mozambique Air Force,Unknown Operator,0,25,6,June,1988-06-18,21,4,16.0,0.84,21,Mil,21,1988-06
1941,Qtr 2,June,21,Sea of JapanManchurian Air Lines,Mitsubishi MC 20M,Sea of JapanManchurian Air Lines,Unknown Operator,0,18,6,June,1941-06-21,18,0,0.0,1.0,18,Mitsubishi,18,1941-06
1937,Qtr 2,June,2,Desertores Island Región de Los LagosFuerzs Aerea De Chile,Sirkorsky S 43 (flying boat)2,Desertores Island Región de Los LagosFuerzs Aerea De Chile,Unknown Operator,0,9,6,June,1937-06-02,9,0,0.0,1.0,9,Sikorsky,9,1937-06
1937,Qtr 2,June,20,?ENTA,Travel Air 6000TI 3,?ENTA,Unknown Operator,0,6,6,June,1937-06-20,6,0,0.0,1.0,6,Travel Air,6,1937-06
2003,Qtr 2,June,26,Namibia,Cessna 208B Grand CaravanV5 CAS,Near Rooisand Desert Ranch Namibia,Aviation Comvac,0,4,6,June,2003-06-26,4,0,0.0,1.0,4,Cessna 208B Grand,4,2003-06
2006,Qtr 2,June,21,Napal,de Havilland Canada DHC 6 Twin Otter 3009N,Jumla Napal,Airlines Yeti,0,9,6,June,2006-06-21,9,0,0.0,1.0,9,de Havilland Canada,9,2006-06
1967,Qtr 2,June,3,near,Douglas C54AG APYK,Mt. Canigou near,France Roussillon Air Ferry Ltd,0,88,6,June,1967-06-03,88,0,0.0,1.0,88,Douglas,88,1967-06
1951,Qtr 2,June,30,near,Douglas DC 6BN37543,Rocky Mountain Nat. Park near,Colorado Collins Ft. United Air Lines,0,50,6,June,1951-06-30,50,0,0.0,1.0,50,Douglas,50,1951-06
2013,Qtr 2,June,25,near,MI 172 V5 helicopter?,Gaurikund near,Uttarakhand State Kedarnath,0,20,6,June,2013-06-25,20,0,0.0,1.0,20,MI 172 V5,20,2013-06
1980,Qtr 2,June,12,Nebraska,Swearingen 226TC Metro IIN6505,Valley Nebraska,Wisconsin Air,0,15,6,June,1980-06-12,13,2,13.333333333333334,0.8666666666666667,13,Swearingen 226TC Metro,13,1980-06
1983,Qtr 2,June,28,Nevada,Lockheed C 130H Hercules74,Las Vegas Nevada,Force Air U.S. - Military,0,6,6,June,1983-06-28,6,0,0.0,1.0,6,Lockheed,6,1983-06
1984,Qtr 2,June,19,New,Aerospeciale AS 350DN5784M,Island Beach New,Corp. Helicopters Raco - Taxi JerseyAir,0,3,6,June,1984-06-19,3,0,0.0,1.0,3,Aerospeciale,3,1984-06
1975,Qtr 2,June,24,New,Boeing B 727,JFK Airport New,New York York Eastern Air Lines,0,124,6,June,1975-06-24,113,11,8.870967741935484,0.9112903225806451,113,Boeing,113,1975-06
1934,Qtr 2,June,9,New,Curtiss Condor T 32NC12354,Mongaup Mountain New,Airways YorkAmerican,0,7,6,June,1934-06-09,7,0,0.0,1.0,7,Curtiss Condor,7,1934-06
1995,Qtr 2,June,9,New,de Havilland Canada DHC 8,Near Palmerston North New,Zealand New ZealandAnsett,0,21,6,June,1995-06-09,5,16,76.19047619047619,0.23809523809523808,5,de Havilland Canada,5,1995-06
1956,Qtr 2,June,20,New,Lockheed 1049E 55 Super ConstellationYV,Asbury Park New,Venezolana Aeropostal JerseyLinea,0,74,6,June,1956-06-20,74,0,0.0,1.0,74,Lockheed,74,1956-06
2003,Qtr 2,June,6,New,Piper PA 31,Christchurch New,Ltd Zealand New Adventures Air - ZealandCharter,0,10,6,June,2003-06-06,8,2,20.0,0.8,8,Piper,8,2003-06
1978,Qtr 2,June,23,Newfoundland,Beech Queen Air A80C GGAL,Saint John's Newfoundland,Aviation Gander,0,10,6,June,1978-06-23,10,0,0.0,1.0,10,Beech Queen Air,10,1978-06
2009,Qtr 2,June,7,Newfoundland,Britten Norman BN,Near Port Hope Simpson Newfoundland,Canada Strait Air,0,1,6,June,2009-06-07,1,0,0.0,1.0,1,Britten,1,2009-06
1991,Qtr 2,June,26,Nigeria,BAC One Eleven 402AP5N,Near Sokotu Nigeria,Air Okada,0,53,6,June,1991-06-26,4,49,92.45283018867924,0.07547169811320754,4,BAC,4,1991-06
1956,Qtr 2,June,24,Nigeria,Canadair C 4 ArgonautG,Kano Nigeria,Airways Overseas British,0,45,6,June,1956-06-24,32,13,28.888888888888886,0.7111111111111111,32,Canadair,32,1956-06
1946,Qtr 2,June,9,Nigeria,Douglas C 47 DakotaKG747,Near Abeokuta Nigeria,Force Air -Royal Military,0,18,6,June,1946-06-09,18,0,0.0,1.0,18,Douglas,18,1946-06
1961,Qtr 2,June,17,Nigeria,Douglas C 54B,Near Kano Nigeria,Luftreederei Deutsche Continentale,0,7,6,June,1961-06-17,1,6,85.71428571428571,0.14285714285714285,1,Douglas,1,1961-06
2012,Qtr 2,June,3,Nigeria,McDonnell Douglas MD 835N,Lagos Nigeria,Air Dana,10,153,6,June,2012-06-03,153,0,0.0,1.0,163,McDonnell Douglas,163,2012-06
1995,Qtr 2,June,24,Nigeria,Tupolev TU 134ARA,Lagos Nigeria,Services Air Harka,0,80,6,June,1995-06-24,16,64,80.0,0.2,16,Tupolev,16,1995-06
1952,Qtr 2,June,25,North,Avro Shackleton MR 1VP261,Off Northumberland North,Force Air Royal - SeaMilitary,0,13,6,June,1952-06-25,11,2,15.384615384615385,0.8461538461538461,11,Avro Shackleton,11,1952-06
1967,Qtr 2,June,23,North,Bell UH 1B / Sikorsky CH53A helicopters638572/153305,Near Jacksonville North,Corps Marine U.S. - Corps/Military Marine U.S. - CarolinaMilitary,0,35,6,June,1967-06-23,22,13,37.142857142857146,0.6285714285714286,22,Bell,22,1967-06
1943,Qtr 2,June,7,North,Douglas C 47A,Red Springs North,Forces Air Army U.S. - CarolinaMilitary,0,20,6,June,1943-06-07,20,0,0.0,1.0,20,Douglas,20,1943-06
1917,Qtr 2,June,14,North,Zeppelin L 43 (airship)?,Off Vlieland Island North,Navy German - SeaMilitary,0,24,6,June,1917-06-14,24,0,0.0,1.0,24,Zeppelin,24,1917-06
1990,Qtr 2,June,6,Northwest,de Havilland Canada DHC 6 Twin Otter 300C,Thistle Lake Northwest,Canada Territory Ptarmigan Airways,0,2,6,June,1990-06-06,2,0,0.0,1.0,2,de Havilland Canada,2,1990-06
1936,Qtr 2,June,16,Norway,Junkers JU 52/3mLN,Mt. Lihesten Norway,Luftfartskole Norske Den,0,7,6,June,1936-06-16,7,0,0.0,1.0,7,Junkers,7,1936-06
1978,Qtr 2,June,26,Norway,Sikorsky S 61NLN,Off Bergen Norway,Service Helikopter,0,18,6,June,1978-06-26,18,0,0.0,1.0,18,Sikorsky,18,1978-06
1969,Qtr 2,June,4,Nuevo,Boeing B 727,Near Salinas Victoria Nuevo,Mexico Leon Compania Mexicana de Aviacion,0,79,6,June,1969-06-04,79,0,0.0,1.0,79,Boeing,79,1969-06
1975,Qtr 2,June,26,Ohio,Beechcraft E18SN791A,Toledo Ohio,Aviation Hamilton,0,2,6,June,1975-06-26,2,0,0.0,1.0,2,Beechcraft,2,1975-06
1920,Qtr 2,June,6,Ohio,De Havilland DH 4204,Cleveland Ohio,Service Mail Aerial US,0,1,6,June,1920-06-06,1,0,0.0,1.0,1,De Havilland,1,1920-06
1931,Qtr 2,June,11,Ohio,Lockheed Vega 2NC857E,Walbridge Ohio,Service Flying Rubner,0,3,6,June,1931-06-11,2,1,33.33333333333333,0.6666666666666666,2,Lockheed Vega,2,1931-06
1929,Qtr 2,June,29,Ohio,Travel Air 4000NC5435,Columbus Ohio,Lines Air Continental,0,1,6,June,1929-06-29,1,0,0.0,1.0,1,Travel Air,1,1929-06
1943,Qtr 2,June,14,OLD,B 17C Flying Fortress12406,Near Mackay OLD,Australia Military - U.S. Army Air Forces,0,41,6,June,1943-06-14,40,1,2.4390243902439024,0.975609756097561,40,B,40,1943-06
1959,Qtr 2,June,12,Ontario,Noorduyn NorsemanCF BHX,Sandy Lake Ontario,Tranair,0,8,6,June,1959-06-12,8,0,0.0,1.0,8,Noorduyn,8,1959-06
1992,Qtr 2,June,6,Panama,Boeing B 737,Tucuti Panama,(Panama) COPA,0,47,6,June,1992-06-06,47,0,0.0,1.0,47,Boeing,47,1992-06
1946,Qtr 2,June,9,Panama,Douglas C 54D,Taboga Island Panama,Forces Air Army U.S. - Military,0,23,6,June,1946-06-09,23,0,0.0,1.0,23,Douglas,23,1946-06
1993,Qtr 2,June,9,Papua,Britten Norman BN,Gulgubip Papua,Air GuineaSouthwest New,0,11,6,June,1993-06-09,9,2,18.181818181818183,0.8181818181818182,9,Britten,9,1993-06
1999,Qtr 2,June,17,Papua,Embraer 110P2 BandeiranteP2 ALX,Goroka Papua,GuineaAirlink New,0,17,6,June,1999-06-17,17,0,0.0,1.0,17,Embraer 110P2,17,1999-06
1955,Qtr 2,June,16,Paraguay,Lockheed 049 46,Near Asuncion Paraguay,Brasil do Panair,0,24,6,June,1955-06-16,16,8,33.33333333333333,0.6666666666666666,16,Lockheed,16,1955-06
1967,Qtr 2,June,23,Pennsylvania,BAC One Eleven 204AFN1116J,Blossburg Pennsylvania,Airlines Mohawk,0,34,6,June,1967-06-23,34,0,0.0,1.0,34,BAC One Eleven,34,1967-06
1948,Qtr 2,June,17,Pennsylvania,Douglas DC 6NC37506,Mount Carmel Pennsylvania,Lines Air United,0,43,6,June,1948-06-17,43,0,0.0,1.0,43,Douglas,43,1948-06
1987,Qtr 2,June,18,Peru,Antonov AN 26FAP,Near Montelillo Peru,Force Air Peruvian - Military,0,46,6,June,1987-06-18,46,0,0.0,1.0,46,Antonov,46,1987-06
1989,Qtr 2,June,22,Peru,de Havilland Canada DHC 5D BuffaloFAP,Near Tarma Peru,Peru del Aérea Fuerza,0,62,6,June,1989-06-22,62,0,0.0,1.0,62,de Havilland Canada,62,1989-06
1959,Qtr 2,June,23,Peru,Douglas DC 4HK,Cerros Baco Peru,Avianca,0,14,6,June,1959-06-23,14,0,0.0,1.0,14,Douglas,14,1959-06
1970,Qtr 2,June,10,Peru,Fokker F 27 Friendship 400MTC,Near Huaricanga Peru,LADE - Military,0,8,6,June,1970-06-10,5,3,37.5,0.625,5,Fokker,5,1970-06
1975,Qtr 2,June,3,Philippines,BAC One Eleven 524FFRP,Manila Philippines,Lines Air Philippine,0,64,6,June,1975-06-03,1,63,98.4375,0.015625,1,BAC,1,1975-06
1958,Qtr 2,June,2,Philippines,Boeing 377 Stratocruiser 10 26N1023V,Manila Philippines,Airways World American Pan,0,57,6,June,1958-06-02,1,56,98.24561403508771,0.017543859649122806,1,Boeing 377 Stratocruiser,1,1958-06
1999,Qtr 2,June,9,Philippines,Britten Norman BN,Coron Philippines,Airways Pacific,0,1,6,June,1999-06-09,1,0,0.0,1.0,1,Britten,1,1999-06
1966,Qtr 2,June,29,Philippines,Douglas DC 3PI,Sablayan Philippines,Lines Air Philippine,0,26,6,June,1966-06-29,24,2,7.6923076923076925,0.9230769230769231,24,Douglas,24,1966-06
1970,Qtr 2,June,2,Philippines,Fokker F 27 Friendship 100PI,Roxas Philippines,Lines Air Philippine,0,44,6,June,1970-06-02,1,43,97.72727272727273,0.022727272727272728,1,Fokker,1,1970-06
1987,Qtr 2,June,26,Philippines,Hawker Siddeley HS 748,Near Baguio Philippines,Lines Air Philippine,0,50,6,June,1987-06-26,50,0,0.0,1.0,50,Hawker Siddeley,50,1987-06
1992,Qtr 2,June,7,Puerto,CASA 212 Aviocar 200N355CA,Mayaguez Puerto,Eagle RicoAmerican,0,5,6,June,1992-06-07,5,0,0.0,1.0,5,CASA 212 Aviocar,5,1992-06
1949,Qtr 2,June,7,Puerto,Curtiss C 46D,San Juan Puerto,Freight RicoStrato,0,81,6,June,1949-06-07,53,28,34.5679012345679,0.654320987654321,53,Curtiss,53,1949-06
1972,Qtr 2,June,24,Puerto,de Havilland DH 114 Heron 2BN554PR,Ponce Puerto,RicoPrinair,0,20,6,June,1972-06-24,5,15,75.0,0.25,5,De Havilland,5,1972-06
1966,Qtr 2,June,20,Unknown,Curtis C 46E,Lac Peribonka QC,Canada Norair,0,2,6,June,1966-06-20,2,0,0.0,1.0,2,Curtiss,2,1966-06
1960,Qtr 2,June,10,Qld.,Fokker F 27 Friendship 100VH,Off Mackay Qld.,Airlines Australia AustraliaTrans,0,29,6,June,1960-06-10,29,0,0.0,1.0,29,Fokker,29,1960-06
1957,Qtr 2,June,24,Queensland,L Hudson?,Horn Island Queensland,Australia Adastra Airways,0,0,6,June,1957-06-24,6,-6,-inf,Unknown,6,L,6,1957-06
1996,Qtr 2,June,12,Queensland,Sikorsky S 70 / Sikorsky S,Near Rollingstone Queensland,Aviation Army Australian - AustraliaMilitary,0,28,6,June,1996-06-12,18,10,35.714285714285715,0.6428571428571429,18,Sikorsky,18,1996-06
1941,Qtr 2,June,18,Romania,Douglas DC 3YR,Bucharest Romania,LARES,0,18,6,June,1941-06-18,0,18,100.0,0.0,0,Douglas,0,1941-06
1995,Qtr 2,June,16,Russia,Antonov 2RCCCP 68142,Volgograd Russia,Air Volga,0,12,6,June,1995-06-16,12,0,0.0,1.0,12,Antonov,12,1995-06
1962,Qtr 2,June,28,Russia,Antonov AN 10ACCCP11186,Near Adler Russia,Aeroflot,0,81,6,June,1962-06-28,81,0,0.0,1.0,81,Antonov,81,1962-06
1992,Qtr 2,June,22,Russia,Antonov AN 12CCCP,Norlisk Russia,Airlines Krasnoyarsk,0,12,6,June,1992-06-22,10,2,16.666666666666664,0.8333333333333334,10,Antonov,10,1992-06
1991,Qtr 2,June,26,Russia,Antonov AN 24CCCP,Gulf of Finland Russia,Polet AKF,0,10,6,June,1991-06-26,10,0,0.0,1.0,10,Antonov,10,1991-06
1995,Qtr 2,June,16,Russia,Antonov AN 2RA,Herputchi Russia,Aeroflot,0,14,6,June,1995-06-16,13,1,7.142857142857142,0.9285714285714286,13,Antonov,13,1995-06
2012,Qtr 2,June,11,Russia,Antonov An 2RRA,Near Serov Russia,flight Illegal,0,13,6,June,2012-06-11,13,0,0.0,1.0,13,Antonov,13,2012-06
1958,Qtr 2,June,9,Russia,Ilyushin IL 12CCCP,Magadan Oblast Russia,Aeroflot,0,24,6,June,1958-06-09,24,0,0.0,1.0,24,Ilyushin,24,1958-06
1981,Qtr 2,June,14,Russia,Ilyushin IL 14CCCP,Ust-Barguzin Russia,Aeroflot,0,48,6,June,1981-06-14,48,0,0.0,1.0,48,Ilyushin,48,1981-06
1969,Qtr 2,June,23,Russia,Ilyushin IL 14M / Antonov An,Near Poroslitsy Russia,Aeroflot,0,120,6,June,1969-06-23,120,0,0.0,1.0,120,Ilyushin,120,1969-06
1957,Qtr 2,June,14,Russia,Ilyushin P 14SP,Near Moscow Russia,Airlines Polish Lot,0,13,6,June,1957-06-14,9,4,30.76923076923077,0.6923076923076923,9,Ilyushin,9,1957-06
2011,Qtr 2,June,20,Russia,Tupolev Tu 134RA,Petrozavodsk Russia,Airlines Rus,0,52,6,June,2011-06-20,47,5,9.615384615384617,0.9038461538461539,47,Tupolev,47,2011-06
1980,Qtr 2,June,12,Russia,Yakovlev YAK 40CCCP,Near Dushanbe Russia,Aeroflot,0,29,6,June,1980-06-12,29,0,0.0,1.0,29,Yakovlev,29,1980-06
1959,Qtr 2,June,30,Ryukyu,North American F 100D,Ishikawa City Ryukyu,Okinawa Island Military - U.S. Air Force,17,1,6,June,1959-06-30,0,1,100.0,0.0,17,North American,17,1959-06
1967,Qtr 2,June,11,Saudi,Douglas DC 3HZ,Jedda Saudi,Airlines Arabian ArabiaSaudi,0,18,6,June,1967-06-11,17,1,5.555555555555555,0.9444444444444444,17,Douglas,17,1967-06
1967,Qtr 2,June,24,Saudi,Douglas DC 3HZ,Khamis Mushait Saudi,Airlines Arabian ArabiaSaudi,0,17,6,June,1967-06-24,16,1,5.88235294117647,0.9411764705882353,16,Douglas,16,1967-06
1964,Qtr 2,June,13,Saudia,Douglas C 47AHZ,Jeddah Saudia,Saudia Arabia ArabiaJeddah Saudi Arabian Airlines,0,2,6,June,1964-06-13,2,0,0.0,1.0,2,Douglas,2,1964-06
1994,Qtr 2,June,2,Scotland,Boeing Vertol Chinook HC 2 (helicopter)ZD576,Near Campbeltown Scotland,Force Air Royal - Military,0,29,6,June,1994-06-02,29,0,0.0,1.0,29,Boeing Vertol Chinook,29,1994-06
2007,Qtr 2,June,3,Sierra,Mi 8?,Freetown Sierra,Airlilnes LeoneParamount,0,22,6,June,2007-06-03,21,1,4.545454545454546,0.9545454545454546,21,Mil,21,2007-06
2004,Qtr 2,June,28,Sierra,Mi 8MTV,Near Yengema Sierra,Charter UTair - Nations LeoneUnited,0,24,6,June,2004-06-28,24,0,0.0,1.0,24,Mil,24,2004-06
1954,Qtr 2,June,3,Slovenia,Douglas C 47AOO,Near Maribor Slovenia,Sabena,0,4,6,June,1954-06-03,1,3,75.0,0.25,1,Douglas,1,1954-06
1989,Qtr 2,June,28,Somalia,Fokker F 27 Friendship 600RF6O,Near Borana Somalia,Airlines Somali,0,30,6,June,1989-06-28,30,0,0.0,1.0,30,Fokker,30,1989-06
1968,Qtr 2,June,25,South,Bell UH 1H / Bell UH,Near Bearcat South,Army U.S. - VietnamMilitary,0,29,6,June,1968-06-25,29,0,0.0,1.0,29,Bell,29,1968-06
1972,Qtr 2,June,13,South,Boeing Vertol CH 47 (helicopter)?,Near an Loc South,Force Air Vietnamese - VietnamMilitary,0,47,6,June,1972-06-13,47,0,0.0,1.0,47,Boeing Vertol,47,1972-06
1972,Qtr 2,June,15,South,Convair CV 880,Near Pleiku South,Airways Pacific VietnamCathay,0,81,6,June,1972-06-15,81,0,0.0,1.0,81,Convair,81,1972-06
1982,Qtr 2,June,1,South,Fairchild C 12356,Near Songnam-si South,Force Air Korea South of Republic - KoreaMilitary,0,53,6,June,1982-06-01,53,0,0.0,1.0,53,Fairchild,53,1982-06
2002,Qtr 2,June,1,South,Hawker Siddeley HS 748,George South,Charter - Aviation AfricaAirquarius,0,3,6,June,2002-06-01,3,0,0.0,1.0,3,Hawker Siddeley,3,2002-06
1967,Qtr 2,June,17,South,Lockheed C 130B60,An Khe South,Force Air U.S. - VietnamMilitary,0,56,6,June,1967-06-17,35,21,37.5,0.625,35,Lockheed,35,1967-06
2017,Qtr 2,June,28,South,Socata TB1 10 TobagoVH,Mount Gambier South,Flight AustraliaAngel,0,3,6,June,2017-06-28,3,0,0.0,1.0,3,Socata,3,2017-06
1929,Qtr 2,June,14,Spain,Breguet 14F AFEJ,Barcelona Spain,Aeropostale,0,2,6,June,1929-06-14,1,1,50.0,0.5,1,Breguet,1,1929-06
1964,Qtr 2,June,21,Spain,Douglas DC 3EC,Off Palma de Mallorca Spain,TASSA,0,28,6,June,1964-06-21,1,27,96.42857142857143,0.03571428571428571,1,Douglas,1,1964-06
1925,Qtr 2,June,26,Spain,Lioré et,Alicante Spain,Aeriens Express Grands,0,2,6,June,1925-06-26,2,0,0.0,1.0,2,Lioré,2,1925-06
1968,Qtr 2,June,18,Spain,Piaggio PD 808I,San Sebastian Spain,Piaggio Rinaldo,0,6,6,June,1968-06-18,6,0,0.0,1.0,6,Piaggio,6,1968-06
2008,Qtr 2,June,10,Sudan,Airbus A 310,Khartoum Sudan,Airways Sudan,0,214,6,June,2008-06-10,32,182,85.04672897196261,0.14953271028037382,32,Airbus,32,2008-06
2008,Qtr 2,June,27,Sudan,Antonov 12BKST ARN,Near Malakal Sudan,Cargo Air Juba,0,8,6,June,2008-06-27,7,1,12.5,0.875,7,Antonov,7,2008-06
1999,Qtr 2,June,3,Sudan,Antonov 32?,Near Khartoum Sudan,Force Air Sudan - Military,0,50,6,June,1999-06-03,50,0,0.0,1.0,50,Antonov,50,1999-06
2005,Qtr 2,June,2,Sudan,Antonov AN 24BST,Khartoom Sudan,Aviation Marsland,0,42,6,June,2005-06-02,7,35,83.33333333333334,0.16666666666666666,7,Antonov,7,2005-06
2008,Qtr 2,June,30,Sudan,Ilysushin Il 76TDST,Near Khartoum Sudan,Aviaition Ababeel,0,4,6,June,2008-06-30,4,0,0.0,1.0,4,Ilyushin,4,2008-06
1943,Qtr 2,June,16,Sudan,Lockheed Hudson VIFK 459,Khartoum Sudan,Airways Overseas British,0,17,6,June,1943-06-16,17,0,0.0,1.0,17,Lockheed Hudson,17,1943-06
1943,Qtr 2,June,30,Sudan,Lockheed Hudson VIFK 618,Khartoum Sudan,Airways Overseas British,0,16,6,June,1943-06-30,16,0,0.0,1.0,16,Lockheed Hudson,16,1943-06
1989,Qtr 2,June,7,Surinam,McDonnell Douglas DC 8 Super 62N1809E,Near Paramaribo Surinam,Airways Surinam,0,187,6,June,1989-06-07,176,11,5.88235294117647,0.9411764705882353,176,McDonnell Douglas,176,1989-06
1936,Qtr 2,June,9,Sweden,Fokker F XXIISE,Malmo Sweden,Aerotransport B A,0,15,6,June,1936-06-09,1,14,93.33333333333333,0.06666666666666667,1,Fokker,1,1936-06
1957,Qtr 2,June,18,Switzerland,Douglas C 47BHB,Bodensee Switzerland,Swissair,0,9,6,June,1957-06-18,9,0,0.0,1.0,9,Douglas,9,1957-06
1947,Qtr 2,June,19,Syria,Lockheed 049 46,Al Mayadin Syria,Airways World American Pan,0,36,6,June,1947-06-19,14,22,61.111111111111114,0.3888888888888889,14,Lockheed,14,1947-06
1989,Qtr 2,June,27,Taiwan,Cessna 404 Titan Courier IIB 12206,Kaohsiung Taiwan,Airlines Formosa,0,13,6,June,1989-06-27,12,1,7.6923076923076925,0.9230769230769231,12,Cessna 404 Titan Courier,12,1989-06
1964,Qtr 2,June,20,Taiwan,Curtiss C 46,Taichung Taiwan,Transport Air Civil,0,57,6,June,1964-06-20,57,0,0.0,1.0,57,Curtiss,57,1964-06
1983,Qtr 2,June,6,Taiwan,Fairchild C 199G?,Off Quemoy Taiwan,Force Air China of Republic - Military,0,47,6,June,1983-06-06,47,0,0.0,1.0,47,Fairchild,47,1983-06
1938,Qtr 2,June,8,Tanzania,De Havilland DH 85VP,Near Singida Tanzania,Airways Wilson,0,3,6,June,1938-06-08,3,0,0.0,1.0,3,De Havilland,3,1938-06
2008,Qtr 2,June,8,Texas,Bell 407N416PH,Huntsville Texas,Medical Air PHI,0,4,6,June,2008-06-08,4,0,0.0,1.0,4,Bell,4,2008-06
1951,Qtr 2,June,3,Texas,Fairchild C 8245,New Boston Texas,Force Air U.S. - Military,0,10,6,June,1951-06-03,10,0,0.0,1.0,10,Fairchild,10,1951-06
2008,Qtr 2,June,20,Thailand,Bell UH 1N?,Bannang Sata Thailand,Army Thai - Military,0,10,6,June,2008-06-20,10,0,0.0,1.0,10,Bell,10,2008-06
1939,Qtr 2,June,10,The,Koolhoven FK.43PH AJK,Vlissingen The,Airlines Dutch Royal NetherlandsKLM,0,3,6,June,1939-06-10,3,0,0.0,1.0,3,Koolhoven,3,1939-06
1953,Qtr 2,June,18,Tokyo,Douglas C 124A Globemaster II51,Tachikawa AFB Tokyo,Japan Military - U.S. Air Force,0,129,6,June,1953-06-18,129,0,0.0,1.0,129,Douglas,129,1953-06
1976,Qtr 2,June,27,Uganda,Airbus A300F BVGG,Entebbe Uganda,France Air,0,258,6,June,1976-06-27,7,251,97.28682170542635,0.027131782945736434,7,Airbus,7,1976-06
2014,Qtr 2,June,14,Ukraine,Ilyushin 76MD76777,Lugansk Ukraine,Force Air Ukraine - Military,0,49,6,June,2014-06-14,49,0,0.0,1.0,49,Ilyushin,49,2014-06
1977,Qtr 2,June,20,Uruguay,Embraer 110C BandeiranteCX BJE,Salto-Nueva Hesperides Uruguay,Uruguaya Aérea Fuerza,0,15,6,June,1977-06-20,12,3,20.0,0.8,12,Embraer 110C,12,1977-06
1962,Qtr 2,June,30,USSRAeroflot,Tupolev TU 104ACCCP,Near Krasnoyarsk USSRAeroflot,Unknown Operator,0,84,6,June,1962-06-30,84,0,0.0,1.0,84,Tupolev,84,1962-06
1987,Qtr 2,June,19,USSRAeroflot,Yakovlev YAK 40CCCP,Berdiansk USSRAeroflot,Unknown Operator,0,29,6,June,1987-06-19,8,21,72.41379310344827,0.27586206896551724,8,Yakovlev,8,1987-06
1982,Qtr 2,June,28,USSRAeroflot,Yakovlev YAK 42CCCP,Southern Belarus USSRAeroflot,Unknown Operator,0,132,6,June,1982-06-28,132,0,0.0,1.0,132,Yakovlev,132,1982-06
1962,Qtr 2,June,3,Val-de-Marne,Boeing B 707,Villeneuve-le-Roi Val-de-Marne,France Air France,0,132,6,June,1962-06-03,130,2,1.5151515151515151,0.9848484848484849,130,Boeing,130,1962-06
1948,Qtr 2,June,26,Venezuela,Douglas DC 3YV,Maiquetia Venezuela,Venezolana Aeropostal Linea,0,17,6,June,1948-06-26,1,16,94.11764705882352,0.058823529411764705,1,Douglas,1,1948-06
1972,Qtr 2,June,5,Vietnam,Curtiss C 46AEM2,Near Pleiku Vietnam,America Air,0,32,6,June,1972-06-05,32,0,0.0,1.0,32,Curtiss,32,1972-06
1954,Qtr 2,June,8,Vietnam,Douglas C 47,Da Nang Vietnam,Orient d'Extrême Aériens Tr. de Soc.,0,4,6,June,1954-06-08,4,0,0.0,1.0,4,Douglas,4,1954-06
1947,Qtr 2,June,13,Virginia,Douglas DC 4 (C,Leesburg Virginia,Airlines Central Pennsylvania,0,50,6,June,1947-06-13,50,0,0.0,1.0,50,Douglas,50,1947-06
1994,Qtr 2,June,18,Virginia,Learjet 25DXA BBA,Chantilly Virginia,TAESA,0,12,6,June,1994-06-18,12,0,0.0,1.0,12,Learjet,12,1994-06
1933,Qtr 2,June,4,Virginia,Pitcairns PA 6?,Bowling Green Virginia,Transport Air Eastern,0,1,6,June,1933-06-04,1,0,0.0,1.0,1,Pitcairns,1,1933-06
1958,Qtr 2,June,4,West,Douglas DC 3N49553,Martinsburg West,Airlines VirginiaCapital,0,3,6,June,1958-06-04,1,2,66.66666666666666,0.3333333333333333,1,Douglas,1,1958-06
1963,Qtr 2,June,23,West,Fairchild C 119CP,Near Augustdorf West,Force Air Belgian Royal - GermanyMilitary,0,47,6,June,1963-06-23,38,9,19.148936170212767,0.8085106382978723,38,Fairchild,38,1963-06
1972,Qtr 2,June,29,Wisconsin,Convair CV 580/De Hav. Twin Otter 100N90858/N4043B,Appleton Wisconsin,Wisconsin Air / Airlines Central North,0,13,6,June,1972-06-29,13,0,0.0,1.0,13,Convair,13,1972-06
2007,Qtr 2,June,4,Wisconson,Cessna 550 Citation IIN550BP,Near Milwaukee Wisconson,System Health Michigan of University,0,6,6,June,2007-06-04,6,0,0.0,1.0,6,Cessna 550 Citation,6,2007-06
1951,Qtr 2,June,29,Yugoslavia,Junkers 52/3mYU ACE,Near Rijeka Yugoslavia,Airlines Yugoslav JAT,0,14,6,June,1951-06-29,14,0,0.0,1.0,14,Junkers,14,1951-06
1991,Qtr 1,March,23,Navoi,Antonov AN 24BCCCP,Navoi,UzbekistanAeroflot,0,63,3,March,1991-03-23,34,29,46.03174603174603,0.5396825396825397,34,Antonov,34,1991-03
1956,Qtr 1,March,31,Unknown,Douglas C 47AL2,Korat -,Force Air Thai Royal,0,19,3,March,1956-03-31,19,0,0.0,1.0,19,Douglas,19,1956-03
1960,Qtr 1,March,17,Unknown,Lockheed 188C ElectraN121US,Near Cannelton 10,Indiana City Tell of SE mile Northwest Orient Airlines,0,63,3,March,1960-03-17,63,0,0.0,1.0,63,Lockheed 18,63,1960-03
1998,Qtr 1,March,19,Afghanistan,Boeing B 727,Near Charasyab Afghanistan,Airlines Afghan Ariana,0,45,3,March,1998-03-19,45,0,0.0,1.0,45,Boeing,45,1998-03
1983,Qtr 1,March,10,Afghanistan,de Havilland Canada DHC 6 Twin Otter 300YA,Near Shach Goan Afghanistan,Airlines Afghan Bakhtar,0,19,3,March,1983-03-10,19,0,0.0,1.0,19,de Havilland Canada,19,1983-03
1990,Qtr 1,March,27,Afghanistan,Ilyushin IL 76MDCCCP,Kabul Afghanistan,Aeroflot,0,11,3,March,1990-03-27,11,0,0.0,1.0,11,Ilyushin,11,1990-03
2012,Qtr 1,March,16,Afghanistan,Sikorsky S 70A,Kabul Afghanistan,(NATO) Army Turkish - Military,4,12,3,March,2012-03-16,12,0,0.0,1.0,16,Sikorsky,16,2012-03
2013,Qtr 1,March,8,Alaska,Beechcraft 1900CN116AX,Near Dillingham Alaska,Cargo Air Ace,0,2,3,March,2013-03-08,2,0,0.0,1.0,2,Beechcraft,2,2013-03
1993,Qtr 1,March,31,Alaska,Boeing B 747,Anchorage Alaska,Lines Air Japan,0,5,3,March,1993-03-31,0,5,100.0,0.0,0,Boeing,0,1993-03
1981,Qtr 1,March,15,Alaska,Boeing RC 135S61,Shemya AFB Alaska,Force Air U.S. - Military,0,24,3,March,1981-03-15,6,18,75.0,0.25,6,Boeing,6,1981-03
1976,Qtr 1,March,7,Alaska,Cessna 207N91142,Igiugig Alaska,Airlines Alaska Western Kodiak,0,4,3,March,1976-03-07,4,0,0.0,1.0,4,Cessna,4,1976-03
1969,Qtr 1,March,13,Alaska,de Havilland DHC 6N4901,Minchumina Alaska,Airlines Consolidated Wien,0,5,3,March,1969-03-13,1,4,80.0,0.2,1,De Havilland,1,1969-03
1948,Qtr 1,March,12,Alaska,Douglas DC 4 (C,Mt. Sanford Alaska,Airlines Orient Northwest,0,30,3,March,1948-03-12,30,0,0.0,1.0,30,Douglas,30,1948-03
2021,Qtr 1,March,28,Alaska,Eurocopter AS350B3 EcureuilN351SH,Near Butte Alaska,Helicopters Soloy,0,6,3,March,2021-03-28,5,1,16.666666666666664,0.8333333333333334,5,Eurocopter,5,2021-03
1966,Qtr 1,March,10,Alaska,Grumman G 21ACF,Reef Island Alaska,Western Pacific,0,7,3,March,1966-03-10,6,1,14.285714285714285,0.8571428571428571,6,Grumman,6,1966-03
1962,Qtr 1,March,15,Alaska,Lockheed 1049H Super ConstellationN6911C,Adak Alaska,Line Tiger Flying,0,7,3,March,1962-03-15,1,6,85.71428571428571,0.14285714285714285,1,Lockheed 1049H Super,1,1962-03
2005,Qtr 1,March,31,Albania,Lockheed Hercules MC 130H87,Near Rovie Albania,Force Air U.S. - Military,0,9,3,March,2005-03-31,9,0,0.0,1.0,9,Lockheed Hercules,9,2005-03
2003,Qtr 1,March,6,Algeria,Boeing B 737,Tamanrasset Algeria,Algerie Air,0,103,3,March,2003-03-06,102,1,0.9708737864077669,0.9902912621359223,102,Boeing,102,2003-03
1997,Qtr 1,March,12,Angola,Antonov AN 12BD2,Lucapa Angola,ALADA,0,16,3,March,1997-03-12,16,0,0.0,1.0,16,Antonov,16,1997-03
2000,Qtr 1,March,25,Angola,Antonov AN 32D2,Huambo Angola,Uralex,0,33,3,March,2000-03-25,3,30,90.9090909090909,0.09090909090909091,3,Antonov,3,2000-03
1990,Qtr 1,March,27,Angola,CASA 212 Aviocar 300T 410,Near Kuito Angola,Force Air Angolan - Military,0,25,3,March,1990-03-27,25,0,0.0,1.0,25,CASA 212 Aviocar,25,1990-03
1979,Qtr 1,March,26,Angola,Ilyushin IL 18DDM,Luanda Angola,Interflug,0,10,3,March,1979-03-26,10,0,0.0,1.0,10,Ilyushin,10,1979-03
1991,Qtr 1,March,16,Angola,Lockheed L 100,Malanje Angola,Transafrik,0,9,3,March,1991-03-16,9,0,0.0,1.0,9,Lockheed,9,1991-03
2015,Qtr 1,March,9,Argentina,Both Eurocopter AS350B3LQ CGK,Villa Castelli Argentina,Private,0,10,3,March,2015-03-09,10,0,0.0,1.0,10,Both Eurocopter,10,2015-03
1951,Qtr 1,March,26,Argentina,Douglas DC 3LV,Rio Grande Argentina,Argentinas Aerolineas,2,24,3,March,1951-03-26,11,13,54.166666666666664,0.4583333333333333,13,Douglas,13,1951-03
1933,Qtr 1,March,11,Argentina,Fairchild FC 2WNC9723,Near Mendoza Argentina,Airways Grace American Pan,0,2,3,March,1933-03-11,2,0,0.0,1.0,2,Fairchild,2,1933-03
1975,Qtr 1,March,16,Argentina,Fokker F 27 Friendship 400MTC,Near Barito Argentina,Force Air Argentine - Military,0,55,3,March,1975-03-16,55,0,0.0,1.0,55,Fokker,55,1975-03
1970,Qtr 1,March,26,Arizona,Piper PA 32N4121R,Colorado City Arizona,Airlines Canyon Grand,0,6,3,March,1970-03-26,6,0,0.0,1.0,6,Piper,6,1970-03
1931,Qtr 1,March,21,Australia,Avro 10VH UMF,New South Wales Australia,Airways National Australian,0,8,3,March,1931-03-21,8,0,0.0,1.0,8,Avro,8,1931-03
1994,Qtr 1,March,21,Australia,Britten Norman BN,Weipa Australia,Services Air Aurukun,0,6,3,March,1994-03-21,6,0,0.0,1.0,6,Britten,6,1994-03
1942,Qtr 1,March,3,Australia,Consolidated B 24 Liberator40,Off Broome Australia,Force Air Army U.S. - Military,0,21,3,March,1942-03-03,20,1,4.761904761904762,0.9523809523809523,20,Consolidated,20,1942-03
1938,Qtr 1,March,8,Australia,De Havilland DH 60VH,Somerton Australia,Airways National Australian,0,1,3,March,1938-03-08,1,0,0.0,1.0,1,De Havilland,1,1938-03
1954,Qtr 1,March,14,Australia,Douglas C 47AVH,Off Mackay Australia,Airlines Queensland,0,2,3,March,1954-03-14,2,0,0.0,1.0,2,Douglas,2,1954-03
1942,Qtr 1,March,3,Australia,Douglas DC 3PK,Wyndham Australia,KNILM,0,12,3,March,1942-03-03,8,4,33.33333333333333,0.6666666666666666,8,Douglas,8,1942-03
1949,Qtr 1,March,10,Australia,Lockheed 18 LodestarVH BAG,Coolangatta Australia,Airlines Queensland,0,22,3,March,1949-03-10,22,0,0.0,1.0,22,Lockheed 18,22,1949-03
2004,Qtr 1,March,4,Azerbaijan Bakou,Ilyushin II 76UR,Bakou Azerbaijan Bakou,Azerbaijan Azov Avia Airlines,0,7,3,March,2004-03-04,3,4,57.14285714285714,0.42857142857142855,3,Ilyushin,3,2004-03
2016,Qtr 1,March,9,Bangladesh,Antonov AN 26 S2,Cox's Bazar Bangladesh,Ltd. Aviation True,0,4,3,March,2016-03-09,3,1,25.0,0.75,3,Antonov,3,2016-03
1917,Qtr 1,March,4,Belgium,Airship?,Near Gent Belgium,Army German - Military,0,20,3,March,1917-03-04,20,0,0.0,1.0,20,Airship?,20,1917-03
1933,Qtr 1,March,28,Belgium,Armstrong Whitworth Argosy IIG AACI,Near Dixmude Belgium,Airways Imperial,0,15,3,March,1933-03-28,15,0,0.0,1.0,15,Armstrong Whitworth Argosy,15,1933-03
1939,Qtr 1,March,14,Belgium,Junkers JU 52OO,Haren Belgium,Sabena,0,3,3,March,1939-03-14,3,0,0.0,1.0,3,Junkers,3,1939-03
1915,Qtr 1,March,5,Belgium,Zeppelin L 8 (airship)?,Tienen Belgium,Navy German - Military,0,41,3,March,1915-03-05,17,24,58.536585365853654,0.4146341463414634,17,Zeppelin,17,1915-03
1992,Qtr 1,March,2,Bolivia,Curtiss C 46TCP,Beni Bolivia,Rita Santa Frigorifico,0,5,3,March,1992-03-02,5,0,0.0,1.0,5,Curtiss,5,1992-03
1984,Qtr 1,March,24,Bolivia,Douglas C 54CP,Near Rurrenabaque Bolivia,Reyes Frigorifico,0,5,3,March,1984-03-24,5,0,0.0,1.0,5,Douglas,5,1984-03
1957,Qtr 1,March,18,Bolivia,Douglas DC 3CP,Near Sayari Bolivia,Boliviano Aereo Lloyd,0,19,3,March,1957-03-18,19,0,0.0,1.0,19,Douglas,19,1957-03
1984,Qtr 1,March,16,Bolivia,Fairchild F 27MCP,San Borja Bolivia,Boliviano Aereo Lloyd,0,23,3,March,1984-03-16,23,0,0.0,1.0,23,Fairchild,23,1984-03
1983,Qtr 1,March,9,Brazil,Bell 212PT HJN,Off Macae Brazil,Aereo Taxi Aeroleo,0,11,3,March,1983-03-09,11,0,0.0,1.0,11,Bell,11,1983-03
1989,Qtr 1,March,21,Brazil,Boeing B 707,Guarulhos Brazil,Transbrasil,18,3,3,March,1989-03-21,3,0,0.0,1.0,21,Boeing,21,1989-03
1953,Qtr 1,March,27,Brazil,de Havilland DH 114 Heron 1BPP,Itapebi Brazil,Salvador Aéreos Transportes,0,14,3,March,1953-03-27,14,0,0.0,1.0,14,De Havilland,14,1953-03
1961,Qtr 1,March,25,Brazil,Douglas C 47DLC,Near Natal Brazil,Force Air Brazilian - Military,0,28,3,March,1961-03-25,23,5,17.857142857142858,0.8214285714285714,23,Douglas,23,1961-03
1951,Qtr 1,March,22,Brazil,Douglas DC 3PP,Off Florianopolis Brazil,Cruzeiro,0,14,3,March,1951-03-22,3,11,78.57142857142857,0.21428571428571427,3,Douglas,3,1951-03
1948,Qtr 1,March,13,Brazil,Douglas DC 3PP,Sierra Cristais Brazil,Cruzeiro,0,6,3,March,1948-03-13,6,0,0.0,1.0,6,Douglas,6,1948-03
1955,Qtr 1,March,6,Brazil,Douglas DC 3PP,Vitoria da Conquista Brazil,REAL,0,21,3,March,1955-03-06,5,16,76.19047619047619,0.23809523809523808,5,Douglas,5,1955-03
1993,Qtr 1,March,23,Brazil,Embraer EMB 110 BandeirantePP,Near Tangara de Serra Brazil,Aereas Linhas Oeste,0,6,3,March,1993-03-23,6,0,0.0,1.0,6,Embraer,6,1993-03
1970,Qtr 1,March,14,Brazil,Fairchild Hiller FH,Belem Bay Brazil,Aereos Transportes Paraense,0,40,3,March,1970-03-14,38,2,5.0,0.95,38,Fairchild,38,1970-03
2006,Qtr 1,March,31,Brazil,Let L410UVP E20PT,Rio Bonito Brazil,Air Team,0,19,3,March,2006-03-31,19,0,0.0,1.0,19,Let,19,2006-03
2007,Qtr 1,March,14,Brazil,Rockwell 500S Shrike CommanderPP SEC,Fazenda Nossa Senhora de Lourdes Brazil,Aéreo Taxi AéreoBahia Taxi AéreoBahia Taxi Bahia,0,4,3,March,2007-03-14,4,0,0.0,1.0,4,Rockwell 500S Shrike,4,2007-03
1980,Qtr 1,March,21,Brazil,Sikorsky S 76PT,Off Macae Brazil,VOTEC,0,14,3,March,1980-03-21,14,0,0.0,1.0,14,Sikorsky,14,1980-03
1978,Qtr 1,March,16,Bulgaria,Tupolev TU 134LZ,Vrastsa Bulgaria,Airlines Bulgarian Balkan,0,73,3,March,1978-03-16,73,0,0.0,1.0,73,Tupolev,73,1978-03
1978,Qtr 1,March,25,Burma,Fokker F 27 Friendship 200XY,Okaraba Burma,Airways Burma,0,48,3,March,1978-03-25,48,0,0.0,1.0,48,Fokker,48,1978-03
1991,Qtr 1,March,16,CADuncan,Hawker Siddeley DH,San Diego CADuncan,Sales Aircraft,0,10,3,March,1991-03-16,10,0,0.0,1.0,10,Hawker,10,1991-03
1938,Qtr 1,March,1,Cailifornia,Douglas DC 2,Near Wawona Cailifornia,Air Western and Continental Trans,0,9,3,March,1938-03-01,9,0,0.0,1.0,9,Douglas,9,1938-03
1979,Qtr 1,March,10,California,Aerospatiale Nord 262A 33N418SA,Off Marina del Rey California,Inc. Lines Aire Swift,0,7,3,March,1979-03-10,3,4,57.14285714285714,0.42857142857142855,3,Aerospatiale Nord,3,1979-03
1971,Qtr 1,March,31,California,Boeing B 720,Ontario California,Airlines Western,0,5,3,March,1971-03-31,5,0,0.0,1.0,5,Boeing,5,1971-03
1978,Qtr 1,March,22,California,Cessna T207AN7354U,Near Riverside California,Air Havasu Lake,0,6,3,March,1978-03-22,6,0,0.0,1.0,6,Cessna,6,1978-03
1974,Qtr 1,March,13,California,Convair CV 440N4819C,Bishop California,Airlines Pacific Sierra,0,36,3,March,1974-03-13,36,0,0.0,1.0,36,Convair,36,1974-03
1946,Qtr 1,March,19,California,Douglas C 47B45,Hobart Mills California,Forces Air Army U.S. - Military,0,26,3,March,1946-03-19,26,0,0.0,1.0,26,Douglas,26,1946-03
1946,Qtr 1,March,3,California,Douglas DC 3,Live Oak Springs California,Airlines American,0,27,3,March,1946-03-03,27,0,0.0,1.0,27,Douglas,27,1946-03
1953,Qtr 1,March,20,California,Douglas DC 4 (C,Alvarado California,Lines Air Transocean,0,35,3,March,1953-03-20,35,0,0.0,1.0,35,Douglas,35,1953-03
1987,Qtr 1,March,21,California,F 4C Phantom jet fighter64,Mount San Gorgonio California,Guard National Air California,0,2,3,March,1987-03-21,2,0,0.0,1.0,2,F,2,1987-03
1932,Qtr 1,March,19,California,Fokker F 10ANC652E,Calimesa California,Airways American,0,7,3,March,1932-03-19,7,0,0.0,1.0,7,Fokker,7,1932-03
1929,Qtr 1,March,30,California,Fokker F VIIANC7888,Near Beaumont California,Airlines Standard New,0,4,3,March,1929-03-30,4,0,0.0,1.0,4,Fokker,4,1929-03
1991,Qtr 1,March,21,California,Lockheed P 3C / Lockheed P,Off San Diego California,Navy U.S. - Military / Navy U.S. - Military,0,27,3,March,1991-03-21,27,0,0.0,1.0,27,Lockheed,27,1991-03
1933,Qtr 1,March,25,California,Lockheed Orion 9NC12226,Hayward California,Airlines Varney,11,3,3,March,1933-03-25,3,0,0.0,1.0,14,Lockheed Orion,14,1933-03
2000,Qtr 1,March,5,Calilfornia,Boeing B 737,Burbank Calilfornia,Airlines Southwest,0,142,3,March,2000-03-05,0,142,100.0,0.0,0,Boeing,0,2000-03
1962,Qtr 1,March,4,Cameroon,Douglas DC 7CG,Douala Cameroon,Airways Caledonian,0,111,3,March,1962-03-04,111,0,0.0,1.0,111,Douglas,111,1962-03
2000,Qtr 1,March,17,Canada,Douglas C 47A,Ennadai Lake Canada,Services Air North Points,0,2,3,March,2000-03-17,2,0,0.0,1.0,2,Douglas,2,2000-03
1977,Qtr 1,March,27,Canary,Boeing B 747,Tenerife Canary,KLM / Airways World American IslandsPan,0,644,3,March,1977-03-27,583,61,9.472049689440993,0.90527950310559,583,Boeing,583,1977-03
1950,Qtr 1,March,12,Cardiff,Avro 689 Tudor 5G AKBY,Llandow Airport Cardiff,Wales Fairflight Ltd.,0,83,3,March,1950-03-12,80,3,3.614457831325301,0.963855421686747,80,Avro 689 Tudor,80,1950-03
1959,Qtr 1,March,29,Central,Nord 2501 NoratlasF BGZB,Near Bangui Central,Transport de Aeromaritime RepublicUnion African,0,9,3,March,1959-03-29,9,0,0.0,1.0,9,Nord 2501,9,1959-03
1986,Qtr 1,March,27,Central,Sepecat Jaguar A?,Bangui Central,Force Air French - RepublicMilitary African,35,0,3,March,1986-03-27,0,0,Unknown,Unknown,35,Sepecat Jaguar,35,1986-03
1936,Qtr 1,March,14,Chile,Fairchild FC 219,Ovalle Chile,Chile Lan,0,5,3,March,1936-03-14,5,0,0.0,1.0,5,Fairchild,5,1936-03
1946,Qtr 1,March,17,China,??,Near Nanking China,Force Air Chinese - Military,0,20,3,March,1946-03-17,20,0,0.0,1.0,20,??,20,1946-03
1946,Qtr 1,March,18,China,?139,Between Chungking and Shanghai China,Corporation Aviation National China,0,0,3,March,1946-03-18,0,0,Unknown,Unknown,0,?139,0,1946-03
1943,Qtr 1,March,13,China,Douglas C 5349,Himalaya China,Corporation Aviation National China,0,3,3,March,1943-03-13,3,0,0.0,1.0,3,Douglas,3,1943-03
1943,Qtr 1,March,11,China,Douglas C 5353,Luishui China,Corporation Aviation National China,0,3,3,March,1943-03-11,3,0,0.0,1.0,3,Douglas,3,1943-03
1942,Qtr 1,March,14,China,Douglas DC 2,Kunming China,Corporation Aviation National China,0,17,3,March,1942-03-14,13,4,23.52941176470588,0.7647058823529411,13,Douglas,13,1942-03
1936,Qtr 1,March,5,China,Ford 5 AT,Near Tengya China,Corporation Aviation National China,0,6,3,March,1936-03-05,0,6,100.0,0.0,0,Ford,0,1936-03
1979,Qtr 1,March,14,China,Hawker Siddeley Trident 2EB 274,Bejing China,CAAC,32,12,3,March,1979-03-14,12,0,0.0,1.0,44,Hawker Siddeley Trident,44,1979-03
1946,Qtr 1,March,23,Cocos,Avro 691 Lancastrian 1G AGLX,Off Ceylon Cocos,Indian Ocean Islands British Overseas Airways /Qantas,0,10,3,March,1946-03-23,10,0,0.0,1.0,10,Avro 691 Lancastrian,10,1946-03
1960,Qtr 1,March,15,Colombia,Consolidated PBY 5A CatalinaHK,El Refugio Colombia,Aviada de Interamericana Agencia,0,13,3,March,1960-03-15,6,7,53.84615384615385,0.46153846153846156,6,Consolidated,6,1960-03
1984,Qtr 1,March,13,Colombia,Curtiss C 46AHK,Barranquilla Colombia,Colombia Aerosucre,0,6,3,March,1984-03-13,4,2,33.33333333333333,0.6666666666666666,4,Curtiss,4,1984-03
1960,Qtr 1,March,19,Colombia,Curtiss C 46HK,Cordoba Colombia,SAMSA,0,46,3,March,1960-03-19,25,21,45.65217391304348,0.5434782608695652,25,Curtiss,25,1960-03
1947,Qtr 1,March,8,Colombia,Douglas C 47,Cordillera Colombia,VIARCO,0,9,3,March,1947-03-08,9,0,0.0,1.0,9,Douglas,9,1947-03
1955,Qtr 1,March,9,Colombia,Douglas C 47AHK,Trujillo Colombia,Avianca,0,8,3,March,1955-03-09,8,0,0.0,1.0,8,Douglas,8,1955-03
1951,Qtr 1,March,21,Colombia,Douglas C 47HK,Corozal Colombia,LANSA,0,29,3,March,1951-03-21,29,0,0.0,1.0,29,Douglas,29,1951-03
1965,Qtr 1,March,22,Colombia,Douglas C 47HK,Sugar Loaf Mountain Colombia,Avianca,0,28,3,March,1965-03-22,28,0,0.0,1.0,28,Douglas,28,1965-03
1948,Qtr 1,March,15,Colombia,Douglas DC 3 (C47,Villa Pinzon Colombia,Aviada de Interamericana Agencia,0,14,3,March,1948-03-15,14,0,0.0,1.0,14,Douglas,14,1948-03
1999,Qtr 1,March,18,Colombia,Douglas DC 3C (C,Near Tame Colombia,Colombia ALIANSA,8,8,3,March,1999-03-18,8,0,0.0,1.0,16,Douglas,16,1999-03
1964,Qtr 1,March,8,Colombia,Douglas DC 3HK,Bogota Colombia,Santander de Aereo Taxi,0,28,3,March,1964-03-08,28,0,0.0,1.0,28,Douglas,28,1964-03
1957,Qtr 1,March,9,Colombia,Douglas DC 3HK,El Soldado Colombia,Avianca,0,15,3,March,1957-03-09,15,0,0.0,1.0,15,Douglas,15,1957-03
2019,Qtr 1,March,9,Colombia,Douglas DC 3HK,Vereda La Bendicion Colombia,Colombia Aereo Laser,0,14,3,March,2019-03-09,14,0,0.0,1.0,14,Douglas,14,2019-03
1985,Qtr 1,March,28,Colombia,Fokker F 28 Fellowship 3000FAC,Near Florencia Colombia,Satena,0,46,3,March,1985-03-28,46,0,0.0,1.0,46,Fokker,46,1985-03
1939,Qtr 1,March,16,Colombia,Junkers JU 86?,Manzanares Colombia,Lufthansa Deutsche,0,8,3,March,1939-03-16,8,0,0.0,1.0,8,Junkers,8,1939-03
1947,Qtr 1,March,17,Colombia,Lockheed 18 LodestarYS 28,Near Medellin Colombia,TACA,0,8,3,March,1947-03-17,8,0,0.0,1.0,8,Lockheed 18,8,1947-03
1934,Qtr 1,March,10,Colombia,Sikorsky S 38 Flying BoatNC,Pereira Colombia,(Scadta) Airways American Pan,0,6,3,March,1934-03-10,5,1,16.666666666666664,0.8333333333333334,5,Sikorsky,5,1934-03
1982,Qtr 1,March,26,Colombia,Vickers Viscount 745DHK 2382,Queate Colombia,Colombia Aeropesca,0,21,3,March,1982-03-26,21,0,0.0,1.0,21,Vickers Viscount,21,1982-03
1991,Qtr 1,March,3,Colorado,Boeing B 737,Near Colorado Springs Colorado,Lines Air United,0,25,3,March,1991-03-03,25,0,0.0,1.0,25,Boeing,25,1991-03
2001,Qtr 1,March,29,Colorado,Grummand Gulfstream IIIN303GA,Near Aspen Colorado,Charter Private - Inc. Jetwingsco,0,18,3,March,2001-03-29,18,0,0.0,1.0,18,Grummand Gulfstream,18,2001-03
1981,Qtr 1,March,10,Comoro,Dassault Breguet Atlantique29,Moroni Comoro,Aviation Naval French - IslandsMilitary,0,18,3,March,1981-03-10,18,0,0.0,1.0,18,Dassault,18,1981-03
2011,Qtr 1,March,21,Congo,Antonov 12BPTN AGK,Pointe-Noire Congo,Cargo Air Trans,14,9,3,March,2011-03-21,9,0,0.0,1.0,23,Antonov,23,2011-03
1992,Qtr 1,March,12,Congo,de Havilland Canada DHC 6 Twin Otter 300TN,Etsouali Congo,Congo Lina,0,8,3,March,1992-03-12,3,5,62.5,0.375,3,de Havilland Canada,3,1992-03
2013,Qtr 1,March,4,Congo,Fokker 509Q CBD,Goma Congo,(CAA) Aviation d' Africaine Compagnie,0,10,3,March,2013-03-04,7,3,30.0,0.7,7,Fokker,7,2013-03
1953,Qtr 1,March,4,Connecticut,Curtiss C 46FN4717N,Windsor Locks Connecticut,Airways Slick,0,2,3,March,1953-03-04,2,0,0.0,1.0,2,Curtiss,2,1953-03
1948,Qtr 1,March,27,Corsica,Vickers 604 Viking 1BVT CEL,Monte Cardo Corsica,France Indian National Airlines,0,19,3,March,1948-03-27,19,0,0.0,1.0,19,Vickers 604 Viking,19,1948-03
2002,Qtr 1,March,14,Cuba,Antonov AN 2CU,Near Placetas Cuba,Aerotaxi - Charter,0,17,3,March,2002-03-14,17,0,0.0,1.0,17,Antonov,17,2002-03
1962,Qtr 1,March,27,Cuba,Ilyushin IL 14CU,Santiago de Cuba Cuba,Aviacion de Cubana,0,22,3,March,1962-03-27,22,0,0.0,1.0,22,Ilyushin,22,1962-03
1946,Qtr 1,March,5,Czechoslovakia,Junkers JU 52/3mOK,Near Prague Czechoslovakia,Aerolinie Ceskoslovenske,0,15,3,March,1946-03-05,12,3,20.0,0.8,12,Junkers,12,1946-03
2016,Qtr 1,March,15,Ecuador,IAI Attava 201 E 206,Fatima Pastaza Ecuador,Army Ecuador - Military,0,22,3,March,2016-03-15,22,0,0.0,1.0,22,IAI Attava,22,2016-03
1966,Qtr 1,March,18,Egypt,Antonov AN 24BSU,Cairo Egypt,Airlines Arab United,0,30,3,March,1966-03-18,30,0,0.0,1.0,30,Antonov,30,1966-03
1935,Qtr 1,March,15,Egypt,de Havilland Dragon 1SU ABI,El Arish Egypt,Misrair,0,6,3,March,1935-03-15,3,3,50.0,0.5,3,de Havilland Dragon,3,1935-03
1988,Qtr 1,March,31,Egypt,Douglas DC 8,Cairo Egypt,Airlines Arax,0,4,3,March,1988-03-31,4,0,0.0,1.0,4,Douglas,4,1988-03
1969,Qtr 1,March,20,Egypt,Ilyushin IL 18DSU,Near Aswan Egypt,Airlines Arab United,0,105,3,March,1969-03-20,100,5,4.761904761904762,0.9523809523809523,100,Ilyushin,100,1969-03
1958,Qtr 1,March,7,Egypt,Vickers 628 Viking 1BSU AGN,Menzalah Lake Egypt,Misrair,0,26,3,March,1958-03-07,8,18,69.23076923076923,0.3076923076923077,8,Vickers 628 Viking,8,1958-03
1957,Qtr 1,March,5,England,Blackburn Beverley C Mark 1XH117,Drayton England,Force Air -Royal Military,2,22,3,March,1957-03-05,18,4,18.181818181818183,0.8181818181818182,20,Blackburn Beverley C Mark,20,1957-03
1951,Qtr 1,March,27,England,Douglas C 47A,Manchester England,Charter Transport Air,0,3,3,March,1951-03-27,2,1,33.33333333333333,0.6666666666666666,2,Douglas,2,1951-03
1956,Qtr 1,March,28,England,Douglas C 47BG,Largs England,Starways,0,3,3,March,1956-03-28,1,2,66.66666666666666,0.3333333333333333,1,Douglas,1,1956-03
1957,Qtr 1,March,14,England,Vickers Viscount 701G ALWE,Manchester England,Airways European British,2,20,3,March,1957-03-14,20,0,0.0,1.0,22,Vickers Viscount,22,1957-03
2019,Qtr 1,March,10,Ethiopia,Boeing 737 Max 8ET AVJ,Bishoftu Ethiopia,Airlines Ethiopian,0,157,3,March,2019-03-10,157,0,0.0,1.0,157,Boeing 737 Max,157,2019-03
1982,Qtr 1,March,19,Florida,Beechcraft Bonanza F35N567LT,Leesburg Florida,Private,0,3,3,March,1982-03-19,3,0,0.0,1.0,3,Beechcraft Bonanza,3,1982-03
1958,Qtr 1,March,25,Florida,Douglas DC 7,Miami Florida,Airlines Braniff,0,24,3,March,1958-03-25,9,15,62.5,0.375,9,Douglas,9,1958-03
1994,Qtr 1,March,18,Florida,Grumman G 73T Turbo MallardN150FB,Key West Florida,Airlines International Chalk's,0,2,3,March,1994-03-18,2,0,0.0,1.0,2,Grumman,2,1994-03
2015,Qtr 1,March,24,France,Airbus A320 211D,Near Digne-Les-Bains France,Germanwings,0,150,3,March,2015-03-24,150,0,0.0,1.0,150,Airbus,150,2015-03
1938,Qtr 1,March,23,France,Dewoitine D 338F,Corsavy France,France Air,0,8,3,March,1938-03-23,8,0,0.0,1.0,8,Dewoitine,8,1938-03
1954,Qtr 1,March,4,France,Douglas C 47A,Near St. Etienne de Tinee France,Force Air U.S. - Military,0,20,3,March,1954-03-04,20,0,0.0,1.0,20,Douglas,20,1954-03
1947,Qtr 1,March,14,France,Douglas DC 3 (C,Mt. Moucherolles France,France Air,0,23,3,March,1947-03-14,23,0,0.0,1.0,23,Douglas,23,1947-03
1988,Qtr 1,March,4,France,Fairchild FH 227BF,Near Fontainebleau France,Transregional Arien Transport,0,23,3,March,1988-03-04,23,0,0.0,1.0,23,Fairchild,23,1988-03
1928,Qtr 1,March,11,France,Farman F 60 GoliathF,Off Cape Griz Nez France,Union Air,0,2,3,March,1928-03-11,2,0,0.0,1.0,2,Farman,2,1928-03
1948,Qtr 1,March,2,France,Junkers Ju 52/3mF,Off Perpignan France,Aériens Transports de Société,0,4,3,March,1948-03-02,4,0,0.0,1.0,4,Junkers,4,1948-03
1950,Qtr 1,March,28,France,Latecoere 631 (sea plane)F WANU,Off Cap-Ferret France,SEMAF,0,12,3,March,1950-03-28,12,0,0.0,1.0,12,Latecoere 631 (sea,12,1950-03
1962,Qtr 1,March,8,France,Lockheed C 130A Hercules55,Near Alencon France,Force Air U.S. - Military,0,15,3,March,1962-03-08,15,0,0.0,1.0,15,Lockheed,15,1962-03
1974,Qtr 1,March,3,France,McDonnell Douglas DC 10,Near Ermenonville France,(THY) Airlines Turkish,0,346,3,March,1974-03-03,346,0,0.0,1.0,346,McDonnell Douglas,346,1974-03
1973,Qtr 1,March,5,France,MD Douglas DC 9,Near Nantes France,Transportes SA Espana/Spantax de Aereas Lineas,0,182,3,March,1973-03-05,68,114,62.637362637362635,0.37362637362637363,68,Douglas,68,1973-03
1937,Qtr 1,March,24,France,Short S 23 (flying boat)G,Near Ouroux France,Airways Imperial,0,6,3,March,1937-03-24,5,1,16.666666666666664,0.8333333333333334,5,Short,5,1937-03
1952,Qtr 1,March,3,France,SNCASE LanguedocF BCUM,Nice France,France Air,0,38,3,March,1952-03-03,38,0,0.0,1.0,38,SNCASE,38,1952-03
1952,Qtr 1,March,24,French,Lockheed 18 LodestarF ARTE,Near Gao French,Tropicaux Tr. de Aérienne AfricaSociété West,0,21,3,March,1952-03-24,17,4,19.047619047619047,0.8095238095238095,17,Lockheed 18,17,1952-03
1937,Qtr 1,March,12,Gambia,Heinkel He 111V2D,Bathurst Gambia,Lufthansa Deutsche,0,4,3,March,1937-03-12,4,0,0.0,1.0,4,Heinkel,4,1937-03
1959,Qtr 1,March,30,Georgia,Curtiss C 46AN7840B,Alma Georgia,Airlines Riddle,0,2,3,March,1959-03-30,2,0,0.0,1.0,2,Curtiss,2,1959-03
1925,Qtr 1,March,22,Georgia,Junkers F 13R,Near Tiflis Georgia,USSRZakavia,0,5,3,March,1925-03-22,5,0,0.0,1.0,5,Junkers,5,1925-03
2001,Qtr 1,March,3,Georgia,Short 36093 1336,Unadilla Georgia,Guard National Army Florida - Military,0,21,3,March,2001-03-03,21,0,0.0,1.0,21,Short,21,2001-03
1949,Qtr 1,March,15,Germany,Avro 685 York IG AHFI,Berlin Germany,Skyways,0,3,3,March,1949-03-15,3,0,0.0,1.0,3,Avro 685 York,3,1949-03
1952,Qtr 1,March,22,Germany,Douglas DC 6PH,Frankfurt Germany,Airlines Dutch Royal KLM,0,47,3,March,1952-03-22,45,2,4.25531914893617,0.9574468085106383,45,Douglas,45,1952-03
1961,Qtr 1,March,28,Germany,Ilyushin IL 18OK,Forcheim Germany,Aerolinie Ceskoslovenske,0,52,3,March,1961-03-28,52,0,0.0,1.0,52,Ilyushin,52,1961-03
1935,Qtr 1,March,29,Germany,Junkers F 13D,Off Samland Germany,Lufthansa Deutsche,0,5,3,March,1935-03-29,5,0,0.0,1.0,5,Junkers,5,1935-03
1926,Qtr 1,March,8,Germany,Junkers F 13D,Staaken Germany,Lufthansa Deutche,0,1,3,March,1926-03-08,1,0,0.0,1.0,1,Junkers,1,1926-03
1937,Qtr 1,March,26,Germany,Junkers JU 52/3mD,Wetnum Germany,Lufthansa Deutsche,0,6,3,March,1937-03-26,0,6,100.0,0.0,0,Junkers,0,1937-03
1935,Qtr 1,March,7,Germany,Rochrbach RolandD AJYP,Schievelbein Germany,Deruluft,0,3,3,March,1935-03-07,0,3,100.0,0.0,0,Rochrbach,0,1935-03
1992,Qtr 1,March,24,Greece,Boeing 707 321CST,Athens Greece,Cargo Air Star Golden,0,7,3,March,1992-03-24,7,0,0.0,1.0,7,Boeing,7,1992-03
1966,Qtr 1,March,10,Greece,Douglas DC 6AOD,Athens Greece,Airways Mediterranean Trans,0,5,3,March,1966-03-10,5,0,0.0,1.0,5,Douglas,5,1966-03
1968,Qtr 1,March,6,Guadeloupe,Boeing B 707,Basse-Terre Guadeloupe,West Indies Air France,0,63,3,March,1968-03-06,63,0,0.0,1.0,63,Boeing,63,1968-03
2022,Qtr 1,March,22,Guangxi,Boeing 737 89P WLB,Wuzhou Guangxi,China China Eastern Airlines,0,132,3,March,2022-03-22,132,0,0.0,1.0,132,Boeing,132,2022-03
2007,Qtr 1,March,8,Hawaii,Aerospatiale AS350BA RotocraftN354NT,Princeville Hawaii,Airways Heli-USA,0,7,3,March,2007-03-08,4,3,42.857142857142854,0.5714285714285714,4,Aerospatiale AS350BA,4,2007-03
1955,Qtr 1,March,22,Hawaii,Douglas R6D 1 (C,Oahu Hawaii,Navy U.S. - Military,0,66,3,March,1955-03-22,66,0,0.0,1.0,66,Douglas,66,1955-03
1990,Qtr 1,March,21,Honduras,Lockheed L 188CF ElectraHR,Las Mesitas Honduras,Honduras TAN,0,3,3,March,1990-03-21,3,0,0.0,1.0,3,Lockheed,3,1990-03
1951,Qtr 1,March,11,Hong,Douglas DC 4HS,Mt. Butler Hong,Airways Overseas KongPacific,0,24,3,March,1951-03-11,24,0,0.0,1.0,24,Douglas,24,1951-03
1948,Qtr 1,March,7,Iceland,Avro AnsonTF RVL,Near Skalafell Iceland,Airlines Icelandic Loftleidir,0,4,3,March,1948-03-07,4,0,0.0,1.0,4,Avro,4,1948-03
1982,Qtr 1,March,19,Illinois,Boeing KC 135C58,Near Woodstock Illinois,Force Air U.S. - Military,0,27,3,March,1982-03-19,27,0,0.0,1.0,27,Boeing,27,1982-03
1948,Qtr 1,March,10,Illinois,Douglas DC 4NC37478,Chicago Illinois,Lines Air Delta,0,13,3,March,1948-03-10,12,1,7.6923076923076925,0.9230769230769231,12,Douglas,12,1948-03
1934,Qtr 1,March,6,Illinois,Fairchild Pilgrim 100ANC710Y,Petersburg Illinois,Airways American,0,4,3,March,1934-03-06,4,0,0.0,1.0,4,Fairchild Pilgrim,4,1934-03
1932,Qtr 1,March,8,Illinois,Stinson SM 6000BNC11122,Saint Louis Illinois,Lines Air Century,0,5,3,March,1932-03-08,3,2,40.0,0.6,3,Stinson,3,1932-03
1999,Qtr 1,March,7,India,Antonov AN 32 TransportK2673,New Delhi India,Force Air Indian - Military,3,19,3,March,1999-03-07,19,0,0.0,1.0,22,Antonov,22,1999-03
1994,Qtr 1,March,8,India,Boeing 737 2R4CVT,New Delhi India,Sahara,0,4,3,March,1994-03-08,4,0,0.0,1.0,4,Boeing,4,1994-03
1953,Qtr 1,March,14,India,Convair CV 240,Kalasahar India,Airways Orient,0,16,3,March,1953-03-14,16,0,0.0,1.0,16,Convair,16,1953-03
1956,Qtr 1,March,31,India,Douglas C 47AVT,Indapur India,Operators Air National,0,3,3,March,1956-03-31,3,0,0.0,1.0,3,Douglas,3,1956-03
1959,Qtr 1,March,12,India,Douglas C 47AVT,Tobu India,Airlines Indian,0,7,3,March,1959-03-12,5,2,28.57142857142857,0.7142857142857143,5,Douglas,5,1959-03
1971,Qtr 1,March,26,India,Douglas DC 3VT,Gauhati India,Jamair,0,15,3,March,1971-03-26,15,0,0.0,1.0,15,Douglas,15,1971-03
1959,Qtr 1,March,29,India,Douglas DC 3VT,Near Silchar India,Airlines Indian,0,24,3,March,1959-03-29,24,0,0.0,1.0,24,Douglas,24,1959-03
1956,Qtr 1,March,21,India,Douglas DC 3VT,Tezpur India,Airlines Indian,0,21,3,March,1956-03-21,2,19,90.47619047619048,0.09523809523809523,2,Douglas,2,1956-03
1964,Qtr 1,March,4,India,Fairchild C 119?,Barrackpore India,Force Air Indian - Military,0,22,3,March,1964-03-04,22,0,0.0,1.0,22,Fairchild,22,1964-03
1973,Qtr 1,March,15,India,HAL 748,Hyderabad India,Airlines Indian,0,3,3,March,1973-03-15,3,0,0.0,1.0,3,HAL,3,1973-03
1991,Qtr 1,March,25,India,Hindustan Aeronautics 748 2H1513,Near Bangalore India,Force Air Indian - Military,0,28,3,March,1991-03-25,28,0,0.0,1.0,28,Hindustan Aeronautics,28,1991-03
1990,Qtr 1,March,1,India,MiG 23?,Near Meerut India,Force Air Indian - Military,50,1,3,March,1990-03-01,0,1,100.0,0.0,50,MiG,50,1990-03
1938,Qtr 1,March,7,India,Potez 621F ANQR,Datia India,France Air,0,7,3,March,1938-03-07,7,0,0.0,1.0,7,Potez,7,1938-03
1920,Qtr 1,March,10,Indiana,De Havilland DH 465,New Paris Indiana,Service Mail Aerial US,0,1,3,March,1920-03-10,1,0,0.0,1.0,1,De Havilland,1,1920-03
1989,Qtr 1,March,15,Indiana,NAMC YS 11A,West Lafayette Indiana,Air Pacific Mid,0,2,3,March,1989-03-15,2,0,0.0,1.0,2,NAMC,2,1989-03
2007,Qtr 1,March,7,Indonesia,Boeing B 737,Yogyakarta Indonesia,Airlines Indonesia Garuda,0,140,3,March,2007-03-07,22,118,84.28571428571429,0.15714285714285714,22,Boeing,22,2007-03
1986,Qtr 1,March,20,Indonesia,CASA 212 Aviocar 100PK NCF,Near Naha Indonesia,Airlines Nusantara Merpati,0,16,3,March,1986-03-20,2,14,87.5,0.125,2,CASA 212 Aviocar,2,1986-03
1977,Qtr 1,March,29,Indonesia,de Havilland Canada DHC 6 Twin Otter 300PK,Bainaha Valley Indonesia,Airlines Nusantara Merpati,0,23,3,March,1977-03-29,15,8,34.78260869565217,0.6521739130434783,15,de Havilland Canada,15,1977-03
2003,Qtr 1,March,27,Indonesia,de Havilland Canada DHC 6 Twin OtterPK,Mulia Indonesia,Regional Air PT,0,16,3,March,2003-03-27,4,12,75.0,0.25,4,de Havilland Canada,4,2003-03
2001,Qtr 1,March,26,Indonesia,Fokker F 27 Friendship 500FPK,Jadura Indonesia,Airlines Nusantara Merpati,0,3,3,March,2001-03-26,3,0,0.0,1.0,3,Fokker,3,2001-03
1982,Qtr 1,March,20,Indonesia,Fokker F 28 Fellowship 1000PK,Branti Airport Indonesia,Airlines Indonesia Garuda,0,27,3,March,1982-03-20,27,0,0.0,1.0,27,Fokker,27,1982-03
2003,Qtr 1,March,28,Iowa,Beech A36N1636W,New Vienna Iowa,Charter - Club Flying Hancock Morris,0,3,3,March,2003-03-28,3,0,0.0,1.0,3,Beech,3,2003-03
1951,Qtr 1,March,2,Iowa,Douglas DC 3N19928,Sioux City Iowa,Airlines Continent Mid,0,25,3,March,1951-03-02,16,9,36.0,0.64,16,Douglas,16,1951-03
1974,Qtr 1,March,15,Iran,Aerospatiale Caravelle 10B3OY STK,Tehran Iran,Airways Sterling,0,96,3,March,1974-03-15,15,81,84.375,0.15625,15,Aerospatiale Caravelle,15,1974-03
1963,Qtr 1,March,15,Iran,Avro 685 York C1OD ACZ,Near Karai Iran,Airlines East Middle,0,4,3,March,1963-03-15,4,0,0.0,1.0,4,Avro 685 York,4,1963-03
2018,Qtr 1,March,11,Iran,Canadair CL 600,81 miles SW o fShahre Kurd Iran,Aviation Mc,0,11,3,March,2018-03-11,11,0,0.0,1.0,11,Canadair,11,2018-03
1997,Qtr 1,March,13,Iran,Lockheed C 130HF?,Near Mashhad Iran,Force Air Iranian - Military,0,88,3,March,1997-03-13,88,0,0.0,1.0,88,Lockheed,88,1997-03
1932,Qtr 1,March,29,Iraq,Farman F 190F,Rutbah Wells Iraq,Orient Air,0,3,3,March,1932-03-29,3,0,0.0,1.0,3,Farman,3,1932-03
1968,Qtr 1,March,24,Ireland,Vickers Viscount 803EI AOM,Off Wexford Harbor Ireland,Lingus Aer,0,61,3,March,1968-03-24,61,0,0.0,1.0,61,Vickers Viscount,61,1968-03
2002,Qtr 1,March,9,Italy,Antonov 2TPLY AVD,Monte Rotondo Italy,Prekés Svedijos,0,3,3,March,2002-03-09,3,0,0.0,1.0,3,Antonov,3,2002-03
1967,Qtr 1,March,11,Italy,de Havilland Canada DHC 6 Twin Otter 100I,Mt Visenti Italy,Aeralpi,0,5,3,March,1967-03-11,4,1,20.0,0.8,4,de Havilland Canada,4,1967-03
1963,Qtr 1,March,20,Italy,de Havilland Comet 4CSA R,Monte Matto Italy,Flight Royal Arabian Saudi,0,18,3,March,1963-03-20,18,0,0.0,1.0,18,de Havilland Comet,18,1963-03
1947,Qtr 1,March,8,Italy,Douglas C 47BKK122,L'isola di Ischia Italy,Force Air Royal - Military,0,13,3,March,1947-03-08,13,0,0.0,1.0,13,Douglas,13,1947-03
1963,Qtr 1,March,30,Italy,Douglas DC 3I,Near Sora Italy,Itavia,0,11,3,March,1963-03-30,11,0,0.0,1.0,11,Douglas,11,1963-03
1962,Qtr 1,March,8,Italy,Douglas DC 6BI,Rome Italy,Mediterranea Aerea Societa,0,5,3,March,1962-03-08,5,0,0.0,1.0,5,Douglas,5,1962-03
1977,Qtr 1,March,3,Italy,Lockheed C 130HMM61995,Near Cascina Italy,Force Air Italian - Military,0,44,3,March,1977-03-03,44,0,0.0,1.0,44,Lockheed,44,1977-03
1940,Qtr 1,March,16,Italy,Savoia Marchetti SM 73I SUTO,Stromboli Island Italy,Littoria Ala,0,14,3,March,1940-03-16,14,0,0.0,1.0,14,Savoia Marchetti SM,14,1940-03
1964,Qtr 1,March,28,Italy,Vickers Viscount 785DI LAKE,Mt. Vesuvius Italy,Alitalia,0,45,3,March,1964-03-28,45,0,0.0,1.0,45,Vickers Viscount,45,1964-03
1957,Qtr 1,March,4,Japan,Curtiss C 46D,Near Miho AB Japan,Force Air Japanese,0,17,3,March,1957-03-04,17,0,0.0,1.0,17,Curtiss,17,1957-03
1960,Qtr 1,March,16,Japan,Douglas DC 3JA,Nagoya Japan,Airways Nippon All,0,40,3,March,1960-03-16,5,35,87.5,0.125,5,Douglas,5,1960-03
1963,Qtr 1,March,23,Japan,H 21B?,Misaki Mountain Japan,Force Defense Self Air Japan - Military,0,10,3,March,1963-03-23,10,0,0.0,1.0,10,H,10,1963-03
1966,Qtr 1,March,4,Japan,McDonnell Douglas DC 8,Near Tokyo Japan,Lines Air Pacific Canadian,0,72,3,March,1966-03-04,64,8,11.11111111111111,0.8888888888888888,64,McDonnell Douglas,64,1966-03
2009,Qtr 1,March,23,Japan,McDonnell Douglas MD 11N526FE,Tokyo Japan,Fed,0,2,3,March,2009-03-23,2,0,0.0,1.0,2,McDonnell Douglas,2,2009-03
1931,Qtr 1,March,31,Kansas,Fokker F10A TrimotorNC 999,Bazaar Kansas,Air Western and Continental Trans,0,8,3,March,1931-03-31,8,0,0.0,1.0,8,Fokker F10A,8,1931-03
2007,Qtr 1,March,11,Kauai,Mc Donnell Douglas 369FF RotocraftN911VC,Hanea Kauai,Hawaii Inter-Island,0,5,3,March,2007-03-11,1,4,80.0,0.2,1,McDonnell Douglas,1,2007-03
1987,Qtr 1,March,6,Kazakhstan,Antonov AN 26CCCP,Near Almaty Kazakhstan,Aeroflot,0,9,3,March,1987-03-06,9,0,0.0,1.0,9,Antonov,9,1987-03
1998,Qtr 1,March,10,Kenya,Boeing 707 336CSU,Mombasa Kenya,Memphis Air,0,6,3,March,1998-03-10,6,0,0.0,1.0,6,Boeing,6,1998-03
1994,Qtr 1,March,14,Kenya,Lockheed C 130H Hercules69,Off Malindi Kenya,Force Air U.S. - Military,0,8,3,March,1994-03-14,8,0,0.0,1.0,8,Lockheed,8,1994-03
1967,Qtr 1,March,5,Liberia,McDonnell Douglas DC 8,Monrovia Liberia,Varig,5,90,3,March,1967-03-05,51,39,43.333333333333336,0.5666666666666667,56,McDonnell Douglas,56,1967-03
1948,Qtr 1,March,2,London,Douglas DC 3OO,Heathrow Airport London,England Sabena,0,22,3,March,1948-03-02,20,2,9.090909090909092,0.9090909090909091,20,Douglas,20,1948-03
1978,Qtr 1,March,1,Los,McDonnell Douglas DC 10,LAX Los,California Angeles Continental Airlines,0,200,3,March,1978-03-01,2,198,99.0,0.01,2,McDonnell Douglas,2,1978-03
1969,Qtr 1,March,20,Louisiana,Douglas DC 3N142D,New Orleans Louisiana,Airways Avion,0,27,3,March,1969-03-20,16,11,40.74074074074074,0.5925925925925926,16,Douglas,16,1969-03
1967,Qtr 1,March,30,Louisiana,McDonnell Douglas DC 8,New Orleans Louisiana,Lines Air Delta,13,6,3,March,1967-03-30,6,0,0.0,1.0,19,McDonnell Douglas,19,1967-03
1993,Qtr 1,March,5,Macedonia,Fokker 100PH KXL,Skopje Macedonia,Macedonian Palair,0,97,3,March,1993-03-05,83,14,14.432989690721648,0.8556701030927835,83,Fokker,83,1993-03
1954,Qtr 1,March,19,Maryland,Fairchild C 110F51,Near Lothian Maryland,Force Air U.S. - Military,0,18,3,March,1954-03-19,18,0,0.0,1.0,18,Fairchild,18,1954-03
1964,Qtr 1,March,10,Massachutes,Douglas DC 4N384,Boston Massachutes,Cargo - Airways Slick,0,3,3,March,1964-03-10,3,0,0.0,1.0,3,Douglas,3,1964-03
1955,Qtr 1,March,7,Mexic,Lockheed 18 LodeStarXB ZEH,Near Cuidad de Valles Mexic,Private,0,6,3,March,1955-03-07,6,0,0.0,1.0,6,Lockheed 18,6,1955-03
1986,Qtr 1,March,31,Mexico,Boeing B 727,Maravatio Mexico,Mexicana,0,167,3,March,1986-03-31,167,0,0.0,1.0,167,Boeing,167,1986-03
1998,Qtr 1,March,31,Mexico,Convair CV 240,Near Mexico City Mexico,Carga de Mexicana Aérea Linea,0,4,3,March,1998-03-31,2,2,50.0,0.5,2,Convair,2,1998-03
1955,Qtr 1,March,8,Mexico,Douglas DC 3XA,Mascota Mexico,Mexicana,0,26,3,March,1955-03-08,26,0,0.0,1.0,26,Douglas,26,1955-03
1954,Qtr 1,March,26,Mexico,Douglas DC 3XA,Monterrey Mexico,Mexico de Aeronaves,0,18,3,March,1954-03-26,18,0,0.0,1.0,18,Douglas,18,1954-03
1936,Qtr 1,March,26,Mexico,Ford 5 AT,Amemeca Mexico,Mexicana,0,14,3,March,1936-03-26,14,0,0.0,1.0,14,Ford,14,1936-03
1987,Qtr 1,March,4,Michigan,CASA 212 Aviocar 200N160FB,Detroit Michigan,Airlink Northwest,0,22,3,March,1987-03-04,9,13,59.09090909090909,0.4090909090909091,9,CASA 212 Aviocar,9,1987-03
1986,Qtr 1,March,13,Michigan,Embraer 110P1 BandeiranteN1356P,Alpena Michigan,Airlines Simmons,0,9,3,March,1986-03-13,3,6,66.66666666666666,0.3333333333333333,3,Embraer 110P1,3,1986-03
1950,Qtr 1,March,7,Minnesota,Martin 202N93050,Minneapolis Minnesota,Airlines Orient Northwest,2,13,3,March,1950-03-07,13,0,0.0,1.0,15,Martin,15,1950-03
1979,Qtr 1,March,1,Mississippi,Beech BE 70N777AE,Gulfport Mississippi,Airways Universal,0,8,3,March,1979-03-01,8,0,0.0,1.0,8,Beech,8,1979-03
1955,Qtr 1,March,20,Missouri,Convair CV 240,Springfield Missouri,Airlines American,0,35,3,March,1955-03-20,13,22,62.857142857142854,0.37142857142857144,13,Convair,13,1955-03
1968,Qtr 1,March,27,Missouri,McDonnell Douglas DC 9 and Cessna 150FN970Z/N8669G,St. Louis Missouri,Private / Lines Air Ozark,0,51,3,March,1968-03-27,2,49,96.07843137254902,0.0392156862745098,2,McDonnell Douglas,2,1968-03
1964,Qtr 1,March,12,Montana,Douglas DC 3CN61442,Miles City Montana,Airlines Frontier,0,5,3,March,1964-03-12,5,0,0.0,1.0,5,Douglas,5,1964-03
2009,Qtr 1,March,22,Montana,Pilatus PC 12/45N128CM,Butte Montana,Leasing Cap Eagle,0,14,3,March,2009-03-22,14,0,0.0,1.0,14,Pilatus,14,2009-03
1927,Qtr 1,March,20,Morocco,Breguet 14F ALRA,Rabat Morocco,Aeriens Express Grands,0,1,3,March,1927-03-20,1,0,0.0,1.0,1,Breguet,1,1927-03
1965,Qtr 1,March,31,Morocco,Convair CV 440,Off Tangier Morocco,Airlines Iberia,0,53,3,March,1965-03-31,50,3,5.660377358490567,0.9433962264150944,50,Convair,50,1965-03
1986,Qtr 1,March,30,Mozambique,Antonov AN 26042,Near Pemba Mozambique,Force Air Mozambique - Military,0,54,3,March,1986-03-30,49,5,9.25925925925926,0.9074074074074074,49,Antonov,49,1986-03
1966,Qtr 1,March,5,Mt.,Boeing B 707,Near Gotemba City Mt.,Japan Fuji British Overseas Airways,0,124,3,March,1966-03-05,124,0,0.0,1.0,124,Boeing,124,1966-03
1988,Qtr 1,March,17,Unknown,Boeing B 727,Near Cucuta N,Colombia Santander of AVIANCA,0,143,3,March,1988-03-17,143,0,0.0,1.0,143,Boeing,143,1988-03
1922,Qtr 1,March,22,North Atlantic OceanAero Limited,Aeromarine Model 85 (flying boat)?,North Atlantic OceanAero Limited,Unknown Operator,0,6,3,March,1922-03-22,5,1,16.666666666666664,0.8333333333333334,5,Aeromarine Model 85 (flying,5,1922-03
1990,Qtr 1,March,23,Santiago de CubaCubana de Aviacion,Antonov AN 26CU,Santiago de CubaCubana de Aviacion,Unknown Operator,0,46,3,March,1990-03-23,4,42,91.30434782608695,0.08695652173913043,4,Antonov,4,1990-03
2014,Qtr 1,March,8,South Indian OceanMalaysia Airlines,Boeing 777 2009M,South Indian OceanMalaysia Airlines,Unknown Operator,0,239,3,March,2014-03-08,239,0,0.0,1.0,239,Boeing,239,2014-03
1957,Qtr 1,March,22,U.S. Air Force,Boeing C 97C50,Over the North Pacific OceanMilitary - U.S. Air Force,Unknown Operator,0,67,3,March,1957-03-22,67,0,0.0,1.0,67,Boeing,67,1957-03
1955,Qtr 1,March,26,Off the Oregon coastPan American World Airways,Boeing 377 Stratocruiser 10 26N1032V,Off the Oregon coastPan American World Airways,Unknown Operator,0,23,3,March,1955-03-26,4,19,82.6086956521739,0.17391304347826086,4,Boeing 377 Stratocruiser,4,1955-03
1984,Qtr 1,March,31,Off BiminiState Airlines,Cessna 402BN44NC,Off BiminiState Airlines,Unknown Operator,0,6,3,March,1984-03-31,6,0,0.0,1.0,6,Cessna,6,1984-03
1944,Qtr 1,March,22,U.S. Army,Consolidated B 24 Liberator?,New GuineaMilitary - U.S. Army,Unknown Operator,0,21,3,March,1944-03-22,21,0,0.0,1.0,21,Consolidated,21,1944-03
1951,Qtr 1,March,23,U.S. Air Force,Douglas C 124A Globemaster49,Over the North AtlanticMilitary - U.S. Air Force,Unknown Operator,0,53,3,March,1951-03-23,53,0,0.0,1.0,53,Douglas,53,1951-03
1964,Qtr 1,March,28,Facilities Management Co.,Douglas C 54A,North Pacific OceanPrivate - Facilities Management Co.,Unknown Operator,0,9,3,March,1964-03-28,9,0,0.0,1.0,9,Douglas,9,1964-03
1964,Qtr 1,March,8,Near Chicago IllinoisSnow Valley Ski Lines,Douglas DC 3N410D,Near Chicago IllinoisSnow Valley Ski Lines,Unknown Operator,0,30,3,March,1964-03-08,1,29,96.66666666666667,0.03333333333333333,1,Douglas,1,1964-03
1969,Qtr 1,March,8,Atlantic OceanContinental Air Transport,Douglas DC 4N3821,Atlantic OceanContinental Air Transport,Unknown Operator,0,3,3,March,1969-03-08,3,0,0.0,1.0,3,Douglas,3,1969-03
1940,Qtr 1,March,1,Gulf of OmanImperial Airways,Handley Page HP 42G,Gulf of OmanImperial Airways,Unknown Operator,0,8,3,March,1940-03-01,8,0,0.0,1.0,8,Handley Page,8,1940-03
1976,Qtr 1,March,2,Southeastern BoliviaTAM (Bolivia),IAI Arava 201TAM 76,Southeastern BoliviaTAM (Bolivia),Unknown Operator,0,22,3,March,1976-03-02,19,3,13.636363636363635,0.8636363636363636,19,IAI Arava,19,1976-03
1994,Qtr 1,March,17,Iranian Air Force,Lockheed Hercules C 1305,Near NagMilitary - Iranian Air Force,Unknown Operator,0,32,3,March,1994-03-17,32,0,0.0,1.0,32,Lockheed Hercules,32,1994-03
1983,Qtr 1,March,11,Barquisimeto VenezuelaAvensa,McDonnell Douglas DC 9,Barquisimeto VenezuelaAvensa,Unknown Operator,0,50,3,March,1983-03-11,23,27,54.0,0.46,23,McDonnell Douglas,23,1983-03
1962,Qtr 1,March,20,French Air Force,Nord 2501 Noratlas204,AlgeriaMilitary - French Air Force,Unknown Operator,0,11,3,March,1962-03-20,11,0,0.0,1.0,11,Nord 2501,11,1962-03
1917,Qtr 1,March,30,German Navy,Schutte Lanz S,Off Northern GermanyMilitary - German Navy,Unknown Operator,0,23,3,March,1917-03-30,23,0,0.0,1.0,23,Schutte,23,1917-03
2018,Qtr 1,March,12,Nepal,de Havilland Canada DHC 8,Kathmandu Nepal,Airlines US-Bangla,0,71,3,March,2018-03-12,51,20,28.169014084507044,0.7183098591549296,51,de Havilland Canada,51,2018-03
1958,Qtr 1,March,24,Nepal,Douglas DC 3VT,Near Kathmandu Nepal,Airlines Indian,0,20,3,March,1958-03-24,20,0,0.0,1.0,20,Douglas,20,1958-03
2008,Qtr 1,March,3,Nepal,Mi 17?,Near Bethani Nepal,Mission Nations United,0,10,3,March,2008-03-03,10,0,0.0,1.0,10,Mil,10,2008-03
2004,Qtr 1,March,16,Nevada,Beechcraft 1900CN27RA,Tonopah Nevada,Force Air States United - Military,0,5,3,March,2004-03-16,5,0,0.0,1.0,5,Beechcraft,5,2004-03
1964,Qtr 1,March,1,Nevada,Lockheed 049 ConstellationN86504,Near Zephyr Cove Nevada,Airlines Paradise,0,85,3,March,1964-03-01,85,0,0.0,1.0,85,Lockheed,85,1964-03
1962,Qtr 1,March,1,New,Boeing B 707,Jamaica Bay New,New York York American Airlines,0,95,3,March,1962-03-01,95,0,0.0,1.0,95,Boeing,95,1962-03
1920,Qtr 1,March,30,New,De Havilland DH 472,Newark New,Service Mail Aerial JerseyUS,0,1,3,March,1920-03-30,1,0,0.0,1.0,1,De Havilland,1,1920-03
2018,Qtr 1,March,11,New,Eurocopter AS 350B2N350LH,New York New,Helicopters YorkLiberty,0,6,3,March,2018-03-11,5,1,16.666666666666664,0.8333333333333334,5,Eurocopter AS,5,2018-03
1972,Qtr 1,March,3,New,Fairchild Hiller FH,Albany New,Airlines YorkMohawk,1,48,3,March,1972-03-03,16,32,66.66666666666666,0.3333333333333333,17,Fairchild,17,1972-03
1992,Qtr 1,March,22,New,Fokker F 28 Fellowship 4000N485US,La Guardia Airport New,New York York USAir,0,51,3,March,1992-03-22,27,24,47.05882352941176,0.5294117647058824,27,Fokker,27,1992-03
1929,Qtr 1,March,17,New,Ford 5 AT,Newark New,Airlines Western JerseyColonial,0,15,3,March,1929-03-17,14,1,6.666666666666667,0.9333333333333333,14,Ford,14,1929-03
1983,Qtr 1,March,30,New,Learjet 25N51CA,Newark New,Airlines JerseyCentral,0,2,3,March,1983-03-30,2,0,0.0,1.0,2,Learjet,2,1983-03
1958,Qtr 1,March,22,New,Lockheed 18 LodestarN300E,Grants New,MexicoPrivate,0,4,3,March,1958-03-22,4,0,0.0,1.0,4,Lockheed 18,4,1958-03
1949,Qtr 1,March,18,New,Lockheed 18 LodestarZK AKX,Near Waikanae New,Airways National Zealand ZealandNew,0,15,3,March,1949-03-18,15,0,0.0,1.0,15,Lockheed 18,15,1949-03
1994,Qtr 1,March,2,New,McDonnell Douglas MD 82N18835,New York New,Airlines YorkContinental,0,116,3,March,1994-03-02,0,116,100.0,0.0,0,McDonnell Douglas,0,1994-03
1953,Qtr 1,March,18,Newfoundland,Convair RB 36H51,Random Island Newfoundland,Force Air U.S. - Military,0,23,3,March,1953-03-18,23,0,0.0,1.0,23,Convair,23,1953-03
1986,Qtr 1,March,24,Newfoundland,de Havilland Canada DHC 3 OtterC,Goose Bay Newfoundland,Canada Goose Bay Air Services,0,5,3,March,1986-03-24,4,1,20.0,0.8,4,de Havilland Canada,4,1986-03
1999,Qtr 1,March,19,Newfoundland,de Havilland Canada DHC 6 Twin Otter 300C,Davis Inlet Newfoundland,Canada Provincial Airlines,0,2,3,March,1999-03-19,1,1,50.0,0.5,1,de Havilland Canada,1,1999-03
1965,Qtr 1,March,18,Newfoundland,Douglas DC,Trinity Bay Newfoundland,Canada Miami Aviaition/Air Manila,0,2,3,March,1965-03-18,2,0,0.0,1.0,2,Douglas,2,1965-03
2009,Qtr 1,March,12,Newfoundland,Sikorsky S 92AC,Off St. Johns Newfoundland,Helicopters Cougar,0,18,3,March,2009-03-12,17,1,5.555555555555555,0.9444444444444444,17,Sikorsky,17,2009-03
1953,Qtr 1,March,18,Newfoundlandu.s.,Boeing B 29 Superfortress44,Stephenville Newfoundlandu.s.,Force Air,0,10,3,March,1953-03-18,10,0,0.0,1.0,10,Boeing,10,1953-03
1959,Qtr 1,March,5,Nicaragua,Vickers Viscount 763YS 09C,Managua Nicaragua,TACA,0,19,3,March,1959-03-05,15,4,21.052631578947366,0.7894736842105263,15,Vickers Viscount,15,1959-03
1977,Qtr 1,March,4,Niger,McDonnell Douglas DC 8,Niamey Niger,Airways National Overseas,0,4,3,March,1977-03-04,2,2,50.0,0.5,2,McDonnell Douglas,2,1977-03
1978,Qtr 1,March,2,Nigeria,Fokker F 28 Fellowship 1000 / MiG,Kano Nigeria,Airways Nigeria,0,18,3,March,1978-03-02,18,0,0.0,1.0,18,Fokker,18,1978-03
1964,Qtr 1,March,20,North,Piper PA 23N4320P,Near Danbury North,Taxi Air CarolinaCommercial,0,3,3,March,1964-03-20,3,0,0.0,1.0,3,Piper,3,1964-03
1982,Qtr 1,March,11,Norway,de Havilland Canada DHC 6 Twin Otter 300LN,Mehamn Norway,Flyveselksap Wideroe's,0,15,3,March,1982-03-11,15,0,0.0,1.0,15,de Havilland Canada,15,1982-03
1941,Qtr 1,March,1,Norway,Junkers JU 52/3mD,Trontheim Norway,Lufthansa Deutsche,0,12,3,March,1941-03-01,3,9,75.0,0.25,3,Junkers,3,1941-03
1965,Qtr 1,March,17,Nova,Handley Page HPR 7 Herald 211CF,Musquodoboit Nova,Canada Scotia Eastern Provincial Airways,0,8,3,March,1965-03-17,8,0,0.0,1.0,8,Handley Page,8,1965-03
1945,Qtr 1,March,27,off,Douglas C 47A,Coral Sea off,Force Air U.S. - AustraliaMilitary,0,24,3,March,1945-03-27,24,0,0.0,1.0,24,Douglas,24,1945-03
1932,Qtr 1,March,31,Ohio,Boeing 95NC191E,Bedford Ohio,Transport Air National,0,1,3,March,1932-03-31,1,0,0.0,1.0,1,Boeing,1,1932-03
1967,Qtr 1,March,5,Ohio,Convair CV 580N73130,Near Marseille Ohio,Airlines Central Lake,0,38,3,March,1967-03-05,38,0,0.0,1.0,38,Convair,38,1967-03
1967,Qtr 1,March,9,Ohio,MD Douglas DC 9,Urbana Ohio,Private / Airlines World Trans,0,26,3,March,1967-03-09,26,0,0.0,1.0,26,Douglas,26,1967-03
1932,Qtr 1,March,21,Ohio,Northrop Alpha 3NC966Y,Steubenville Ohio,Air Western and Continental Trans,0,1,3,March,1932-03-21,1,0,0.0,1.0,1,Northrop Alpha,1,1932-03
1958,Qtr 1,March,7,Okinawa,Fairchild R4Q / Dougas AD 6 skyraider129741/135350,Off Ryukyu Islands Okinawa,Corps Marine U.S. - Corps/Military Marine U.S. - Military,0,26,3,March,1958-03-07,26,0,0.0,1.0,26,Fairchild R4Q / Dougas,26,1958-03
1939,Qtr 1,March,26,Oklahoma,Douglas DC 2,Oklahoma City Oklahoma,Airlines Braniff,0,12,3,March,1939-03-26,8,4,33.33333333333333,0.6666666666666666,8,Douglas,8,1939-03
1989,Qtr 1,March,10,Ontario,Fokker F 28 Fellowship 1000C,Dryden Ontario,Canada Air Ontario,0,69,3,March,1989-03-10,24,45,65.21739130434783,0.34782608695652173,24,Fokker,24,1989-03
1967,Qtr 1,March,10,Oregon,Fairchild F 27N2712,Near Klamath Falls Oregon,Airlines Coast West,0,4,3,March,1967-03-10,4,0,0.0,1.0,4,Fairchild,4,1967-03
1987,Qtr 1,March,30,Pakistan,Antonov AN 26?,Near Parachinar Pakistan,Force Air Republican Afghan - Military,0,40,3,March,1987-03-30,40,0,0.0,1.0,40,Antonov,40,1987-03
1967,Qtr 1,March,8,Pakistan,AT L98 CarvairF BMHU,Karachi Pakistan,Transport Air Compagnie,7,6,3,March,1967-03-08,4,2,33.33333333333333,0.6666666666666666,11,AT L98,11,1967-03
1953,Qtr 1,March,3,Pakistan,de Havilland DH106 Comet 1ACF CUN,Karachi Pakistan,Lines Air Pacific Canadian,0,11,3,March,1953-03-03,11,0,0.0,1.0,11,de Havilland DH106 Comet,11,1953-03
1965,Qtr 1,March,26,Pakistan,Douglas C 47AP,Lowery Pass Pakistan,Airlines International Pakistan,0,26,3,March,1965-03-26,22,4,15.384615384615385,0.8461538461538461,22,Douglas,22,1965-03
2000,Qtr 1,March,17,Panama,de Havilland Canada DHC 6 Twin Otter 300HP,Near Kuna Yala Panama,Aeroperlas,0,10,3,March,2000-03-17,10,0,0.0,1.0,10,de Havilland Canada,10,2000-03
1966,Qtr 1,March,20,Paraguay,Curtiss C 46FN1245N,Asuncion Paraguay,Americanos Servicios,0,2,3,March,1966-03-20,2,0,0.0,1.0,2,Curtiss,2,1966-03
1924,Qtr 1,March,7,Pennsylvania,De Havilland DH 4327,Grampian Pennsylvania,Service Mail Aerial US,0,1,3,March,1924-03-07,1,0,0.0,1.0,1,De Havilland,1,1924-03
1937,Qtr 1,March,25,Pennsylvania,Douglas DC 2,Clifton Pennsylvania,Air Western and Continental Trans,0,13,3,March,1937-03-25,13,0,0.0,1.0,13,Douglas,13,1937-03
1998,Qtr 1,March,28,Peru,Antonov AN 32OB,Piura Peru,Peru del Aérea Fuerza,1,55,3,March,1998-03-28,22,33,60.0,0.4,23,Antonov,23,1998-03
1989,Qtr 1,March,10,Peru,Britten Norman BN 2A TrislanderOB,Lima Peru,Condor Aero,0,10,3,March,1989-03-10,10,0,0.0,1.0,10,Britten Norman,10,1989-03
1934,Qtr 1,March,22,Peru,Ford 5 AT,Near Lima Peru,Airlines Grace American Pan,0,15,3,March,1934-03-22,3,12,80.0,0.2,3,Ford,3,1934-03
1996,Qtr 1,March,9,Peru,Mil Mi 17EP561,Near Mesones Muro Peru,Aviation Army Peruvian - Military,0,23,3,March,1996-03-09,23,0,0.0,1.0,23,Mil,23,1996-03
1962,Qtr 1,March,15,Philippine,Lockheed 1049H Super ConstellationN6921C,Western Pacific Ocean Philippine,Line Tiger SeaFlying,0,107,3,March,1962-03-15,107,0,0.0,1.0,107,Lockheed 1049H Super,107,1962-03
1998,Qtr 1,March,22,Philippines,Airbus A.320 214RP,Bacolod Philippines,Lines Air Philippine,3,127,3,March,1998-03-22,0,127,100.0,0.0,3,Airbus,3,1998-03
1957,Qtr 1,March,17,Philippines,Douglas C 47,Near Cebu Philippines,Force Air Philippine - Military,0,25,3,March,1957-03-17,24,1,4.0,0.96,24,Douglas,24,1957-03
1952,Qtr 1,March,10,Philippines,Douglas C 47A,Cebu Philippines,Lines Air Philippine,0,3,3,March,1952-03-10,3,0,0.0,1.0,3,Douglas,3,1952-03
1952,Qtr 1,March,30,Philippines,Douglas DC 3PI,Baguio Philippines,Lines Air Philippine,0,29,3,March,1952-03-30,10,19,65.51724137931035,0.3448275862068966,10,Douglas,10,1952-03
1965,Qtr 1,March,8,Philippines,Douglas DC 3PI,Libmanan Philippines,Airways) Orient (Filipinas Fairways,0,12,3,March,1965-03-08,10,2,16.666666666666664,0.8333333333333334,10,Douglas,10,1965-03
1963,Qtr 1,March,2,Philippines,Douglas DC 3PI,Near Davao City Philippines,Lines Air Philippine,0,27,3,March,1963-03-02,27,0,0.0,1.0,27,Douglas,27,1963-03
1968,Qtr 1,March,8,Philippines,Fairchild F 27PI,Off Panay Island Philippines,Manila Air,0,14,3,March,1968-03-08,14,0,0.0,1.0,14,Fairchild,14,1968-03
2020,Qtr 1,March,29,Philippines,IAI 1124A Westwind IIRP C5880,Manila Philippines,Inc. Air Lion,0,8,3,March,2020-03-29,8,0,0.0,1.0,8,IAI 1124A Westwind,8,2020-03
1981,Qtr 1,March,26,Poland,Antonov AN 24BSP,Redzikowo Poland,Airlines Polish Lot,0,52,3,March,1981-03-26,1,51,98.07692307692307,0.019230769230769232,1,Antonov,1,1981-03
1980,Qtr 1,March,14,Poland,Ilyushin IL 62SP,Near Warsaw Poland,Airlines Polish Lot,0,87,3,March,1980-03-14,87,0,0.0,1.0,87,Ilyushin,87,1980-03
1979,Qtr 1,March,29,Unknown,Fairchild F 27CF,Ste. Foy PQ,Canada Quebecair,0,24,3,March,1979-03-29,17,7,29.166666666666668,0.7083333333333334,17,Fairchild,17,1979-03
2005,Qtr 1,March,26,Providencia,Let 410UVP,El Embrujo Providencia,Colombia Island West Caribbean Airways,0,14,3,March,2005-03-26,8,6,42.857142857142854,0.5714285714285714,8,Let,8,2005-03
1965,Qtr 1,March,23,Puerto,Canadair CP 107 MK,Off San Juan Puerto,Force Air Canadian Royal - RicoMilitary,0,16,3,March,1965-03-23,16,0,0.0,1.0,16,Canadair,16,1965-03
2012,Qtr 1,March,15,Puerto,Convair CV 340N153JR,Near San Juan Puerto,Express One RicoJet,0,2,3,March,2012-03-15,2,0,0.0,1.0,2,Convair,2,2012-03
1969,Qtr 1,March,5,Puerto,de Havilland DH 114 Heron 2DN563PR,San Juan Puerto,RicoPrinair,0,19,3,March,1969-03-05,19,0,0.0,1.0,19,De Havilland,19,1969-03
1979,Qtr 1,March,14,Qatar,Boeing B 727,Near Doha Airport Qatar,Airlines Jordanian Royal Alia,0,64,3,March,1979-03-14,45,19,29.6875,0.703125,45,Boeing,45,1979-03
1927,Qtr 1,March,24,Qld,de Havilland DH 9CG,Tambo Qld,Australia Qantas,0,3,3,March,1927-03-24,3,0,0.0,1.0,3,De Havilland,3,1927-03
1952,Qtr 1,March,22,Quebec,Douglas C 47,Near Gaspe Quebec,Canada Maritime Central Airways,0,4,3,March,1952-03-22,4,0,0.0,1.0,4,Douglas,4,1952-03
2016,Qtr 1,March,29,Quebec,Mitsubishi MU 2B 60 MarquiseN246W,Magdelen Islands Quebec,Canada Marquise Aviation Corp.,0,7,3,March,2016-03-29,7,0,0.0,1.0,7,Mitsubishi,7,2016-03
1943,Qtr 1,March,27,Queensland,Douglas C 47,Archerfield Aerodrome Queensland,Australia Military - Royal Australian Air Force,0,24,3,March,1943-03-27,24,0,0.0,1.0,24,Douglas,24,1943-03
2002,Qtr 1,March,17,Republic,Let 410UVP EJ2,Off Djibouti Republic,Airlines DjiboutiDjibouti of,0,4,3,March,2002-03-17,4,0,0.0,1.0,4,Let,4,2002-03
1968,Qtr 1,March,9,Reunion,Douglas DC6B43748,Near Saint Denis Reunion,Force Air French - Military,0,20,3,March,1968-03-09,19,1,5.0,0.95,19,Douglas,19,1968-03
1995,Qtr 1,March,31,Romania,Airbus A310 324YR,Near Balotesti Romania,Romane) Aeriene (Transporturile Tarom,0,60,3,March,1995-03-31,60,0,0.0,1.0,60,Airbus,60,1995-03
1976,Qtr 1,March,1,Romania,Ilyushin II 14PYR,Sibiu Romania,TAROM,0,9,3,March,1976-03-01,6,3,33.33333333333333,0.6666666666666666,6,Ilyushin,6,1976-03
1952,Qtr 1,March,26,Russia,??,Moscow Russia,Aeroflot,0,70,3,March,1952-03-26,70,0,0.0,1.0,70,??,70,1952-03
1994,Qtr 1,March,23,Russia,Airbus A310 304F,Near Mezhdurechensk Russia,Airways International Russian Aeroflot,0,75,3,March,1994-03-23,75,0,0.0,1.0,75,Airbus,75,1994-03
2005,Qtr 1,March,16,Russia,Antonov 24RA 46489,Varandey Russia,Airlines Regional,0,52,3,March,2005-03-16,28,24,46.15384615384615,0.5384615384615384,28,Antonov,28,2005-03
1995,Qtr 1,March,16,Russia,Antonov 26BRA 26084,Ossora Russia,Aeroflot,0,10,3,March,1995-03-16,9,1,10.0,0.9,9,Antonov,9,1995-03
1986,Qtr 1,March,2,Russia,Antonov AN 24BCCCP,Near Bugulma Russia,Aeroflot,0,38,3,March,1986-03-02,38,0,0.0,1.0,38,Antonov,38,1986-03
1965,Qtr 1,March,20,Russia,Antonov AN 24CCCP,Khanty Russia,Aeroflot,0,47,3,March,1965-03-20,43,4,8.51063829787234,0.9148936170212766,43,Antonov,43,1965-03
1997,Qtr 1,March,18,Russia,Antonov AN 24RVRA,Cherkessk Russia,Airlines Stavropol,0,50,3,March,1997-03-18,50,0,0.0,1.0,50,Antonov,50,1997-03
1975,Qtr 1,March,18,Russia,Antonov AN 2CCCP,Near Terney Russia,Aeroflot,0,12,3,March,1975-03-18,7,5,41.66666666666667,0.5833333333333334,7,Antonov,7,1975-03
2016,Qtr 1,March,19,Russia,Boeing 737 8KN (WL)A6,Rostov-on-Don Russia,Flydubai,0,62,3,March,2016-03-19,62,0,0.0,1.0,62,Boeing,62,2016-03
1967,Qtr 1,March,12,Russia,Ilyushin IL 14PCCCP,Near Yakutsk Russia,Aeroflot,0,19,3,March,1967-03-12,15,4,21.052631578947366,0.7894736842105263,15,Ilyushin,15,1967-03
1976,Qtr 1,March,6,Russia,Ilyushin IL 18ECCCP,Near Voronezh Russia,Aeroflot,7,111,3,March,1976-03-06,111,0,0.0,1.0,118,Ilyushin,118,1976-03
2003,Qtr 1,March,1,Russia,Let L 410UVPFLARF,Near Barki Russia,skydiving - Kabanov - Private,0,25,3,March,2003-03-01,11,14,56.00000000000001,0.44,11,Let,11,2003-03
1965,Qtr 1,March,2,Russia,Li 2CCCP,Near Aradan Russia,Aeroflot,0,31,3,March,1965-03-02,31,0,0.0,1.0,31,Li,31,1965-03
1951,Qtr 1,March,25,Russia,Lisunov LI 2CCCP,Irkutsk Russia,Aeroflot,0,13,3,March,1951-03-25,12,1,7.6923076923076925,0.9230769230769231,12,Lisunov,12,1951-03
1968,Qtr 1,March,27,Russia,MiG 15 UTI?,Near Moscow Russia,Force Air Russian - Military,0,2,3,March,1968-03-27,2,0,0.0,1.0,2,MiG,2,1968-03
2007,Qtr 1,March,17,Russia,Tuolev 134AKRA 65021,Samara Russia,Airlines UTAir,0,57,3,March,2007-03-17,6,51,89.47368421052632,0.10526315789473684,6,Tupolev,6,2007-03
1979,Qtr 1,March,17,Russia,Tupolev TU 104BCCCP,Near Moscow Russia,Aeroflot,0,119,3,March,1979-03-17,58,61,51.26050420168067,0.48739495798319327,58,Tupolev,58,1979-03
1965,Qtr 1,March,8,Russia,Tupolev Tu 124VCCCP,Kuibyshev Russia,Aeroflot,0,30,3,March,1965-03-08,30,0,0.0,1.0,30,Tupolev,30,1965-03
1977,Qtr 1,March,30,Russia,Yakovlev YAK 40CCCP,Near Zhadanof Russia,Aeroflot,0,27,3,March,1977-03-30,8,19,70.37037037037037,0.2962962962962963,8,Yakovlev,8,1977-03
2000,Qtr 1,March,9,Russia,Yakovlev YAK 40RA,Moscow Russia,Airlines Vologodskiye,0,9,3,March,2000-03-09,9,0,0.0,1.0,9,Yakovlev,9,2000-03
1991,Qtr 1,March,21,Saudi,Lockheed C 130H469,Ras-al-Mishab Saudi,Force Air Saudi Royal - ArabiaMilitary,0,98,3,March,1991-03-21,98,0,0.0,1.0,98,Lockheed,98,1991-03
2001,Qtr 1,March,15,Saudi,Tupolev 154MRA 85619,Medina Saudi,Airlines ArabiaVnukovo,0,174,3,March,2001-03-15,3,171,98.27586206896551,0.017241379310344827,3,Tupolev,3,2001-03
1990,Qtr 1,March,12,Sierre,Sikorsky S 58ET (helilcopter)EC,Off Freetown Sierre,LeoneHelicsa,0,13,3,March,1990-03-12,11,2,15.384615384615385,0.8461538461538461,11,Sikorsky,11,1990-03
1954,Qtr 1,March,13,Singapore,Lockheed 749A 79,Kallang Airport Singapore,Airways Overseas British,0,40,3,March,1954-03-13,33,7,17.5,0.825,33,Lockheed,33,1954-03
2007,Qtr 1,March,23,Somalia,Ilushin Il 76TDEW,Mogadishu Somalia,Airlines Transaviaexport,0,11,3,March,2007-03-23,11,0,0.0,1.0,11,Ilyushin,11,2007-03
1954,Qtr 1,March,13,South,C 46?,Dien Bien Phu South,Azur VietnamAigle,0,0,3,March,1954-03-13,0,0,Unknown,Unknown,0,C,0,1954-03
1967,Qtr 1,March,10,South,Douglas C 47J99844,Near Phan Rang South,Navy U.S. - VietnamMilitary,0,25,3,March,1967-03-10,25,0,0.0,1.0,25,Douglas,25,1967-03
1973,Qtr 1,March,19,South,Douglas C 54DXV,Ben Me Thuot South,Vietnam) (South Vietnam VietnamAir,0,62,3,March,1973-03-19,62,0,0.0,1.0,62,Douglas,62,1973-03
1962,Qtr 1,March,6,South,Douglas DC 3ZS,Near Seymour South,Airways African AfricaSouth,0,7,3,March,1962-03-06,2,5,71.42857142857143,0.2857142857142857,2,Douglas,2,1962-03
1975,Qtr 1,March,12,South,Douglas DC 4XV,Pleiku South,Vietnam) (South Vietnam VietnamAir,0,26,3,March,1975-03-12,26,0,0.0,1.0,26,Douglas,26,1975-03
1988,Qtr 1,March,1,South,Embraer 110P1 BandeiranteZS LGP,Near Johannesburg South,(Comair) Airways AfricaCommercial,0,17,3,March,1988-03-01,17,0,0.0,1.0,17,Embraer 110P1,17,1988-03
1968,Qtr 1,March,5,South,Fairchild C 123K54,Near Khe Sanh South,Force Air U.S. - VietnamMilitary,0,49,3,March,1968-03-05,49,0,0.0,1.0,49,Fairchild,49,1968-03
1970,Qtr 1,March,16,South,Lockheed EC 121P145927,Near Da Nang South,Navy U.S. - VietnamMilitary,0,31,3,March,1970-03-16,23,8,25.806451612903224,0.7419354838709677,23,Lockheed,23,1970-03
1941,Qtr 1,March,28,South,Lockheed 18 LodestarZS AST,Elands Bay South,Airways African AfricaSouth,0,10,3,March,1941-03-28,10,0,0.0,1.0,10,Lockheed 18,10,1941-03
1972,Qtr 1,March,19,South,McDonnell Douglas DC 9,Shamsam Mountains South,YemenEgyptair,0,22,3,March,1972-03-19,22,0,0.0,1.0,22,McDonnell Douglas,22,1972-03
1984,Qtr 1,March,24,South,Sikorsky CH 53D157132,Near Hunghae South,Corps Marine U.S. - KoreaMilitary,0,29,3,March,1984-03-24,29,0,0.0,1.0,29,Sikorsky,29,1984-03
1989,Qtr 1,March,20,South,Sikorsky CH 53D157140,Pohang South,Corps Marine U.S. - KoreaMilitary,0,34,3,March,1989-03-20,19,15,44.11764705882353,0.5588235294117647,19,Sikorsky,19,1989-03
1967,Qtr 1,March,13,South,Vickers Viscount 818ZS CVA,Off East London South,Airways African AfricaSouth,0,25,3,March,1967-03-13,25,0,0.0,1.0,25,Vickers Viscount,25,1967-03
1986,Qtr 1,March,25,Soviet,Antonov An 12APCCCP,Omsk Soviet,Mashinostroyeniya Obshchestvo UnionMinisterstvo,0,9,3,March,1986-03-25,9,0,0.0,1.0,9,Antonov,9,1986-03
1959,Qtr 1,March,13,Spain,Bristol 170 Freighter 21EEC ADH,Mahon Spain,Aviaco,0,18,3,March,1959-03-13,1,17,94.44444444444444,0.05555555555555555,1,Bristol 170 Freighter,1,1959-03
2000,Qtr 1,March,22,Spain,CASA 212 DE Aviocar 200TM,Herreira Spain,Aire del Ejército - Military,0,7,3,March,2000-03-22,7,0,0.0,1.0,7,CASA,7,2000-03
2000,Qtr 1,March,24,Sri,Antonov AN 12 (freighter)RA,Kadirana Sri,Cabs LankaSky,2,8,3,March,2000-03-24,6,2,25.0,0.75,8,Antonov,8,2000-03
2000,Qtr 1,March,30,Sri,Antonov An 26UR,Near Anuradhapura Sri,Force Air Lankan Sri - LankaMilitary,0,40,3,March,2000-03-30,40,0,0.0,1.0,40,Antonov,40,2000-03
1947,Qtr 1,March,18,Sri,Avro York C1MW198,Negombo Sri,Force Air Royal - LankaMilitary,0,15,3,March,1947-03-18,11,4,26.666666666666668,0.7333333333333333,11,Avro York,11,1947-03
2001,Qtr 1,March,24,St.,de Havilland Canada DHC 6 Twin OtterF,Gustavia St.,French West Indies Barthélémy Air Caraibes,1,19,3,March,2001-03-24,19,0,0.0,1.0,20,de Havilland Canada,20,2001-03
1975,Qtr 1,March,18,Sudan,de Havilland Canada DHC 6 Twin Otter 100ST,Singa Sudan,Airways Sudan,0,6,3,March,1975-03-18,5,1,16.666666666666664,0.8333333333333334,5,de Havilland Canada,5,1975-03
2021,Qtr 1,March,2,Sudan,Let L 410UVP,Pieri Sudan,Airlines Supreme Sudan South,0,10,3,March,2021-03-02,10,0,0.0,1.0,10,Let,10,2021-03
1970,Qtr 1,March,6,Switzerland,Handley Page Jetstream 1D INAH,St. Moritz Switzerland,Flug Bavaria,0,11,3,March,1970-03-06,11,0,0.0,1.0,11,Handley Page Jetstream,11,1970-03
2018,Qtr 1,March,6,Syria,Antonov An 26RF,Latakia Syria,Force Air Russian - Military,0,39,3,March,2018-03-06,39,0,0.0,1.0,39,Antonov,39,2018-03
1998,Qtr 1,March,18,Taiwan,Saab340BB 12255,Off Hsinchu Taiwan,Airlines Formosa,0,13,3,March,1998-03-18,13,0,0.0,1.0,13,Saab340BB,13,1998-03
1953,Qtr 1,March,29,Tanganyika,Vickers 616 Viking 1BVP YEY,Mtara Tanganyika,Airways African Central,0,13,3,March,1953-03-29,13,0,0.0,1.0,13,Vickers 616 Viking,13,1953-03
2005,Qtr 1,March,23,Tanzania,Ilyushin IL 76TDER,Off Mwanza Tanzania,Transport Air,0,8,3,March,2005-03-23,8,0,0.0,1.0,8,Ilyushin,8,2005-03
1946,Qtr 1,March,10,Tasmania,Douglas DC 3 (C,Off Hobart Tasmania,Airways National Australian,0,25,3,March,1946-03-10,25,0,0.0,1.0,25,Douglas,25,1946-03
1963,Qtr 1,March,5,Tennesee,Piper PA 24,Camden Tennesee,Private,0,4,3,March,1963-03-05,4,0,0.0,1.0,4,Piper,4,1963-03
1988,Qtr 1,March,8,Tennessee,Sikorsky UH 60A / Sikorsky UH,Near Clarksville Tennessee,Army U.S. - Military,0,17,3,March,1988-03-08,17,0,0.0,1.0,17,Sikorsky,17,1988-03
2004,Qtr 1,March,21,Texas,Bell 407N502MT,Pyote Texas,Corp. Med-Trans - Ambulance Air,0,5,3,March,2004-03-21,4,1,20.0,0.8,4,Bell,4,2004-03
1952,Qtr 1,March,12,Texas,Boeing B 29 / Boeing B,Near Sequin Texas,Force Air U.S. / Force Air U.S. - Military,0,15,3,March,1952-03-12,15,0,0.0,1.0,15,Boeing,15,1952-03
1958,Qtr 1,March,27,Texas,Douglas C 124C / Fairchild C,Bridgeport Texas,Force Air U.S. - Force/Military Air U.S. - Military,0,18,3,March,1958-03-27,18,0,0.0,1.0,18,Douglas,18,1958-03
1985,Qtr 1,March,12,Texas,Lockheed C 130E Hercules64,Fort Hood Texas,Force Air U.S. - Military,0,6,3,March,1985-03-12,6,0,0.0,1.0,6,Lockheed,6,1985-03
1989,Qtr 1,March,18,Texas,McDonnell Douglas DC 9,Carswell AFB Texas,Airlines International Evergreen,0,2,3,March,1989-03-18,2,0,0.0,1.0,2,McDonnell Douglas,2,1989-03
1980,Qtr 1,March,21,Texas,Piper PA 28,Houston Texas,Commuter Eagle,0,10,3,March,1980-03-21,7,3,30.0,0.7,7,Piper,7,1980-03
2001,Qtr 1,March,3,Thailand,Boeing B 737,Bangkok Thailand,Airways Thai,0,5,3,March,2001-03-03,1,4,80.0,0.2,1,Boeing,1,2001-03
1950,Qtr 1,March,25,Turkey,Douglas DC 3TC,Ankara Turkey,Yollairi Hava Devlet,0,15,3,March,1950-03-25,15,0,0.0,1.0,15,Douglas,15,1950-03
1962,Qtr 1,March,8,Turkey,Fairchild F 27TC,Mt. Medetsiz Turkey,(THY) Airlines Turkish,0,11,3,March,1962-03-08,11,0,0.0,1.0,11,Fairchild,11,1962-03
1980,Qtr 1,March,14,Turkey,Lockheed C 130H74,Near Yenice Turkey,Force Air U.S. - Military,0,18,3,March,1980-03-14,18,0,0.0,1.0,18,Lockheed,18,1980-03
2017,Qtr 1,March,10,Turkey,Sikorsky S 76CTC,Istanbul Turkey,Aviation Swan,0,7,3,March,2017-03-10,7,0,0.0,1.0,7,Sikorsky,7,2017-03
1963,Qtr 1,March,5,Turkmenistan,Ilyushin IL 18VCCCP,Ashgabat Turkmenistan,Aeroflot,0,54,3,March,1963-03-05,12,42,77.77777777777779,0.2222222222222222,12,Ilyushin,12,1963-03
1996,Qtr 1,March,12,Turkmenistan,Mil Mi 8T (helicopter)EZ,Karabogazgol Bay Turkmenistan,Air Akhal,0,12,3,March,1996-03-12,12,0,0.0,1.0,12,Mil,12,1996-03
2009,Qtr 1,March,9,Uganda,Ilyushin Il 76TS9,Lake Victoria Uganda,Aerolift,0,11,3,March,2009-03-09,11,0,0.0,1.0,11,Ilyushin,11,2009-03
1971,Qtr 1,March,31,Ukraine,Antonov AN 10CCCP,Vorochilovgrad Ukraine,Aeroflot,0,65,3,March,1971-03-31,65,0,0.0,1.0,65,Antonov,65,1971-03
1972,Qtr 1,March,14,United,Aerospatiale Caravelle Super 10BOY STL,Near Al Fujayrah United,Airways EmiratesSterling Arab,0,112,3,March,1972-03-14,112,0,0.0,1.0,112,Aerospatiale Caravelle Super,112,1972-03
2005,Qtr 1,March,15,United,Pilatus Britten Norman BN,Off Campbeltown United,KingdomLoganair,0,2,3,March,2005-03-15,2,0,0.0,1.0,2,Pilatus,2,2005-03
1947,Qtr 1,March,5,USSRAeroflot,Doublas C 47CCCP,Near Georgia USSRAeroflot,Unknown Operator,0,23,3,March,1947-03-05,23,0,0.0,1.0,23,Douglas,23,1947-03
1973,Qtr 1,March,3,USSRBalkan,Ilyushin IL 18VLZ,Moscow USSRBalkan,Airlines Bulgarian,0,25,3,March,1973-03-03,25,0,0.0,1.0,25,Ilyushin,25,1973-03
1978,Qtr 1,March,3,Venezuela,British Aerospace 748 2AYV 45C,Off Caracas Venezuela,Venezolana Aeropostal Linea - LAV,0,47,3,March,1978-03-03,47,0,0.0,1.0,47,British Aerospace 748,47,1978-03
2005,Qtr 1,March,8,Venezuela,Cessna 500 Citation IYV 21CP,Chrallave Venezuela,Global Air,0,2,3,March,2005-03-08,2,0,0.0,1.0,2,Cessna 500 Citation,2,2005-03
1961,Qtr 1,March,9,Venezuela,Douglas DC 3YV,Near Caracas Venezuela,Venezolana Aeropostal Linea,0,12,3,March,1961-03-09,12,0,0.0,1.0,12,Douglas,12,1961-03
1952,Qtr 1,March,29,Venezuela,Douglas DC 3YV,Near San Felipe Venezuela,TACA,0,12,3,March,1952-03-29,12,0,0.0,1.0,12,Douglas,12,1952-03
1991,Qtr 1,March,5,Venezuela,McDonnell Douglas DC 9,La Puerta Venezuela,Venezolana Aeropostal Linea,0,45,3,March,1991-03-05,45,0,0.0,1.0,45,McDonnell Douglas,45,1991-03
1974,Qtr 1,March,8,Vietnam,Antonov An 24XW,Hanoi Vietnam,Airlines Lao Pathet,0,18,3,March,1974-03-08,18,0,0.0,1.0,18,Antonov,18,1974-03
1950,Qtr 1,March,10,Vietnam,Bristol 170 Freighter 21F BECR,Saigon Vietnam,Aeriens Transport de Indochinoise Societe,0,4,3,March,1950-03-10,4,0,0.0,1.0,4,Bristol 170 Freighter,4,1950-03
1953,Qtr 1,March,17,Vietnam,Douglas DC 3F,Off Da Nang Vietnam,Azur Aigle,0,8,3,March,1953-03-17,8,0,0.0,1.0,8,Douglas,8,1953-03
1963,Qtr 1,March,15,Volcano,Douglas DC 6BCP,Near Tacora Volcano,Peru Lloyd Aereo Boliviano,0,39,3,March,1963-03-15,39,0,0.0,1.0,39,Douglas,39,1963-03
1987,Qtr 1,March,13,Washington,Boeing KC 13560,Spokane Washington,Force Air U.S. - Military,1,6,3,March,1987-03-13,6,0,0.0,1.0,7,Boeing,7,1987-03
1939,Qtr 1,March,18,Washington,Boeing 307 StratolinerNX19901,Near Adler Washington,Company Aircraft Boeing,0,10,3,March,1939-03-18,10,0,0.0,1.0,10,Boeing 307,10,1939-03
1957,Qtr 1,March,2,Washington,Douglas C 54BN90449,Blyn Washington,Airlines Alaska,0,5,3,March,1957-03-02,5,0,0.0,1.0,5,Douglas,5,1957-03
1994,Qtr 1,March,18,Washington,Douglas DC 3CN3433Y,Spokane Washington,Salair,0,2,3,March,1994-03-18,2,0,0.0,1.0,2,Douglas,2,1994-03
1975,Qtr 1,March,20,Washington,Lockheed C 141A (L.300)64,Near Quilcene Washington,Force Air U.S. - Military,0,16,3,March,1975-03-20,16,0,0.0,1.0,16,Lockheed,16,1975-03
2014,Qtr 1,March,18,Washington,Urocopter AS350 B2N250FB,Seattle Washington,TV KOMO / Inc Helicopters,0,2,3,March,2014-03-18,2,0,0.0,1.0,2,Urocopter AS350,2,2014-03
1977,Qtr 1,March,1,Yemen,Douglas DC 37O,Off Aden Yemen,Alyemda,0,21,3,March,1977-03-01,19,2,9.523809523809524,0.9047619047619048,19,Douglas,19,1977-03
2017,Qtr 1,March,27,Zimbabwe,Britten Norman BN2 IslanderC9,Mautaer Zimbabwe,Charter Air ETA,0,6,3,March,2017-03-27,6,0,0.0,1.0,6,Britten,6,2017-03
1969,Qtr 1,March,16,Zulia,McDonnell Douglas DC 9,Maracaibo Zulia,Venezuela Venezolana Internacional de Aviacion,71,84,3,March,1969-03-16,84,0,0.0,1.0,155,McDonnell Douglas,155,1969-03
1951,Qtr 2,May,18,Rancharia,Douglas DC 3PP,Rancharia,BrazilVASP,0,7,5,May,1951-05-18,7,0,0.0,1.0,7,Douglas,7,1951-05
1929,Qtr 2,May,18,Tököl,Fokker F IIIH,Tököl,HungaryMALERT Pest,0,2,5,May,1929-05-18,2,0,0.0,1.0,2,Fokker,2,1929-05
2024,Qtr 2,May,21,Myanmar,Boeing 777-312ER9V-SWM,Over Irrawaddy Basin,Singapore Airllines,0,229,5,May,2024-05-21,1,228,99.56331877729258,0.004366812227074236,1,Boeing,1,2024-05
2010,Qtr 2,May,17,Afghanistan,Antonv An 24BYA,Salang pass Afghanistan,Airlines Pamir,0,44,5,May,2010-05-17,44,0,0.0,1.0,44,Antonov,44,2010-05
1964,Qtr 2,May,20,Air,de Havilland Canada DHC 3 OtterPI,Sibuco Point Air,Lines,0,11,5,May,1964-05-20,11,0,0.0,1.0,11,de Havilland Canada,11,1964-05
1991,Qtr 2,May,13,Airzona,Cessna 207AN6280H,Grand Canyon Airzona,Inc. Canyon Grand Air - Taxi Air,0,7,5,May,1991-05-13,7,0,0.0,1.0,7,Cessna,7,1991-05
2003,Qtr 2,May,28,Alaska,Cessna 185N70176,Talkeetna Alaska,Taxi Air - Service Air Mc,0,4,5,May,2003-05-28,4,0,0.0,1.0,4,Cessna,4,2003-05
1979,Qtr 2,May,25,Alaska,de Havilland Canada DHC 4A CaribouN581PA,Bullen Point Alaska,Airmotive Sea,0,3,5,May,1979-05-25,3,0,0.0,1.0,3,de Havilland Canada,3,1979-05
1955,Qtr 2,May,26,Alberta,Avro 685 York C 1CF,Edmonton Alberta,Canada Associated Airways,0,2,5,May,1955-05-26,2,0,0.0,1.0,2,Avro 685 York,2,1955-05
1958,Qtr 2,May,31,Algeria,Douglas DC 3F,SW of Algiers Algeria,France Air,0,15,5,May,1958-05-31,15,0,0.0,1.0,15,Douglas,15,1958-05
1961,Qtr 2,May,10,Algeria,Lockheed 1649A StarlinerF BHBM,Ghadames Algeria,France Air,0,78,5,May,1961-05-10,78,0,0.0,1.0,78,Lockheed 18,78,1961-05
1927,Qtr 2,May,2,Algeria,SPCA Meteore 63F AIFN,Algiers Algeria,Union Air,0,3,5,May,1927-05-02,1,2,66.66666666666666,0.3333333333333333,1,SPCA Meteore,1,1927-05
1972,Qtr 2,May,21,Angola,Fokker F 27 Friendship 200CR,Lobito Angola,Airlines Angola DTA,0,25,5,May,1972-05-21,22,3,12.0,0.88,22,Fokker,22,1972-05
1981,Qtr 2,May,16,Angola,Lockheed L 100,Near Menongue Angola,Airlines Angola TAAG,0,4,5,May,1981-05-16,4,0,0.0,1.0,4,Lockheed,4,1981-05
1959,Qtr 2,May,15,Aregntina,Douglas DC 3LV,Off Mar del Plata Aregntina,Argentinas Aerolineas,0,10,5,May,1959-05-15,10,0,0.0,1.0,10,Douglas,10,1959-05
1981,Qtr 2,May,7,Argentina,BAC One Eleven 529FRLV,Rio de la Plata Argentina,(Argentina) Aeras Lineas Austral,0,31,5,May,1981-05-07,31,0,0.0,1.0,31,BAC,31,1981-05
2005,Qtr 2,May,16,Argentina,Beech 65 A80 QueenaireCC,El Portezulo Argentina,Charter - Carlos Don Aereos Transportes,0,10,5,May,2005-05-16,10,0,0.0,1.0,10,Beech,10,2005-05
1960,Qtr 2,May,18,Argentina,Curtiss C 46LV,El Sosneado Argentina,Transport Air Transamerican,0,9,5,May,1960-05-18,9,0,0.0,1.0,9,Curtiss,9,1960-05
2001,Qtr 2,May,17,Argentina,Fokker F 27 Friendship 400MTC,Mendoza Argentina,Argentina Aérea Fuerza,0,5,5,May,2001-05-17,5,0,0.0,1.0,5,Fokker,5,2001-05
1930,Qtr 2,May,10,Argentina,Latecoere 28F AJPD,Buenos Aires Argentina,Aeropostale,0,4,5,May,1930-05-10,3,1,25.0,0.75,3,Latecoere,3,1930-05
2011,Qtr 2,May,18,Argentina,Saab 340ALV CEJ,Near Prahuaniyeu Argentina,Aereas Lineas SOL,0,22,5,May,2011-05-18,22,0,0.0,1.0,22,Saab,22,2011-05
1957,Qtr 2,May,13,Argentina,Vickers 615 Viking 1BT 3,Near San Carlos de Bariloche Argentina,Estado del Aereas Lineas,0,16,5,May,1957-05-13,16,0,0.0,1.0,16,Vickers 615 Viking,16,1957-05
1982,Qtr 2,May,12,Arkansas,Lockheed C 130E Hercules64,Judsonia Arkansas,Force Air U.S. - Military,0,7,5,May,1982-05-12,7,0,0.0,1.0,7,Lockheed,7,1982-05
1936,Qtr 2,May,16,Australia,De Havilland DH 60 MothVH,Mount Waverley Australia,Airways Holymans,0,2,5,May,1936-05-16,2,0,0.0,1.0,2,De Havilland,2,1936-05
1931,Qtr 2,May,22,Australia,Junkers W 34VH,Wampit Australia,Airways Guiena,0,1,5,May,1931-05-22,1,0,0.0,1.0,1,Junkers,1,1931-05
2000,Qtr 2,May,31,Australia,Piper PA 31,Off Whyalla Australia,Airlines Whyalla,0,8,5,May,2000-05-31,8,0,0.0,1.0,8,Piper,8,2000-05
1950,Qtr 2,May,18,Azores,Boeing B 2944,Lagens Air Force Base Azores,Force Air U.S. - Military,0,16,5,May,1950-05-18,16,0,0.0,1.0,16,Boeing,16,1950-05
1953,Qtr 2,May,11,Unknown,Consolidated PBY 5A CatalinaCF,Prince Rupert BC,Canada Canadian Pacific Air Lines,0,19,5,May,1953-05-11,2,17,89.47368421052632,0.10526315789473684,2,Consolidated,2,1953-05
1938,Qtr 2,May,27,Unknown,Fairchild 51CF AUX,Alberno Canal BC,Canada Ginger Coote Airways,0,1,5,May,1938-05-27,1,0,0.0,1.0,1,Fairchild,1,1938-05
1948,Qtr 2,May,13,Belgian,Douglas DC 4,Near Magazini Belgian,(Zaire)Sabena Congo,0,32,5,May,1948-05-13,31,1,3.125,0.96875,31,Douglas,31,1948-05
1987,Qtr 2,May,20,Bolivia,de Havilland Canada DHC 6 Twin Otter 300CP,Santa Cruz Bolivia,Aereos Transportes YPFB,0,16,5,May,1987-05-20,14,2,12.5,0.875,14,de Havilland Canada,14,1987-05
1982,Qtr 2,May,25,Brazil,Boeing B 737,Brazilia Brazil,VASP,0,118,5,May,1982-05-25,2,116,98.30508474576271,0.01694915254237288,2,Boeing,2,1982-05
1962,Qtr 2,May,9,Brazil,Convair CV 240,Vitoria Brazil,Cruzeiro,0,25,5,May,1962-05-09,23,2,8.0,0.92,23,Convair,23,1962-05
1963,Qtr 2,May,3,Brazil,Convair CV 340,Sao Paulo Brazil,Cruzeiro,0,50,5,May,1963-05-03,37,13,26.0,0.74,37,Convair,37,1963-05
1952,Qtr 2,May,24,Brazil,Curtiss C 46APP,Near Manaus Brazil,Nacional Aéreo Loide,0,6,5,May,1952-05-24,6,0,0.0,1.0,6,Curtiss,6,1952-05
1958,Qtr 2,May,31,Brazil,Curtiss C 46DPP,Rio de Janeiro Brazil,Aéreos Transportes Paraense,0,4,5,May,1958-05-31,4,0,0.0,1.0,4,Curtiss,4,1958-05
1964,Qtr 2,May,27,Brazil,Douglas C 47,Itapecerica da Serra Brazil,VASP,0,3,5,May,1964-05-27,3,0,0.0,1.0,3,Douglas,3,1964-05
1954,Qtr 2,May,31,Brazil,Douglas DC 3PP,Cipo Mountain Brazil,Nacionales Aereos Transportes,0,19,5,May,1954-05-31,19,0,0.0,1.0,19,Douglas,19,1954-05
1950,Qtr 2,May,30,Brazil,Douglas DC 3PP,Near Ilheus Brazil,Brasil Aerovias,0,15,5,May,1950-05-30,13,2,13.333333333333334,0.8666666666666667,13,Douglas,13,1950-05
1952,Qtr 2,May,13,Brazil,Douglas DC 3PP,Sao Paulo Brazil,VASP,0,22,5,May,1952-05-13,5,17,77.27272727272727,0.22727272727272727,5,Douglas,5,1952-05
1994,Qtr 2,May,7,Brazil,Embraer 110 BandeirantePT GJW,Sao Gabriel Brazil,Aero Taxi Rico,0,16,5,May,1994-05-07,8,8,50.0,0.5,8,Embraer 110,8,1994-05
2004,Qtr 2,May,14,Brazil,Embraer 120ER BrasiliaPT WRO,Near Manaus Brazil,Aereas Linhas Rico,0,33,5,May,2004-05-14,33,0,0.0,1.0,33,Embraer 120ER,33,2004-05
1938,Qtr 2,May,22,Brazil,Junkers JU 52/3mPP,Sao Paulo Brazil,Sul do Cruzeiro,0,17,5,May,1938-05-22,6,11,64.70588235294117,0.35294117647058826,6,Junkers,6,1938-05
1972,Qtr 2,May,29,Brazil,Lockheed 049 ConstellationPP PDG,Cruzeiro do Sul Acre Brazil,Exportacao e Importacao Amazonese,0,18,5,May,1972-05-29,9,9,50.0,0.5,9,Lockheed,9,1972-05
1928,Qtr 2,May,7,Brazil Florianopolis,Latecoere 26F AIMQ,Florianopolis Brazil Florianopolis,BrazilFlorianopolis,0,5,5,May,1928-05-07,1,4,80.0,0.2,1,Latecoere,1,1928-05
1996,Qtr 2,May,9,British,de Havilland Canada DHC 3 OtterC,Near Terrace British,Canada Columbia Buffalo Narrows Airways,0,2,5,May,1996-05-09,2,0,0.0,1.0,2,de Havilland Canada,2,1996-05
1962,Qtr 2,May,8,Burma,Douglas C 47UB,Near Mong Pa Liao Burma,Force Air Burma of Union - Military,0,32,5,May,1962-05-08,32,0,0.0,1.0,32,Douglas,32,1962-05
1969,Qtr 2,May,23,Burma,Douglas C 47XY,Near Lashio Burma,Airways Burma of Union,0,6,5,May,1969-05-23,6,0,0.0,1.0,6,Douglas,6,1969-05
1931,Qtr 2,May,5,California,Boeing 40NC5390,Burbank California,Transport Air Pacific,0,2,5,May,1931-05-05,2,0,0.0,1.0,2,Boeing,2,1931-05
1932,Qtr 2,May,16,California,Boeing 40NC5589,Burbank California,Transport Air Pacific,0,3,5,May,1932-05-16,3,0,0.0,1.0,3,Boeing,3,1932-05
1970,Qtr 2,May,4,California,Convair CV 24052,Hamilton AFB California,Force Air U.S. - Military,0,14,5,May,1970-05-04,13,1,7.142857142857142,0.9285714285714286,13,Convair,13,1970-05
1964,Qtr 2,May,7,California,Fairchild F 27AN2770R,San Ramon California,Lines Air Pacific,0,44,5,May,1964-05-07,44,0,0.0,1.0,44,Fairchild,44,1964-05
1938,Qtr 2,May,16,California,Lockheed 14 H2 Super ElectraNC17394,Near Saugus California,Airlines Orient Northwest,0,9,5,May,1938-05-16,9,0,0.0,1.0,9,Lockheed,9,1938-05
1968,Qtr 2,May,22,California,Sikorsky S 61L helicopterN303Y,Paramount California,Airways Angeles Los,0,23,5,May,1968-05-22,23,0,0.0,1.0,23,Sikorsky,23,1968-05
1973,Qtr 2,May,19,Cambodia,Douglas C 47AXW,Svay Rieng Cambodia,Air Cambodia,0,11,5,May,1973-05-19,11,0,0.0,1.0,11,Douglas,11,1973-05
2007,Qtr 2,May,5,Cameroon,Boeing B 737,Near Dizangue Cameroon,Airways Kenya,0,114,5,May,2007-05-05,114,0,0.0,1.0,114,Boeing,114,2007-05
1963,Qtr 2,May,3,Cameroon,Douglas DC 6BF,Near Buca Cameroon,Afrique Air,0,55,5,May,1963-05-03,55,0,0.0,1.0,55,Douglas,55,1963-05
1974,Qtr 2,May,31,Canada,Bristol 170 Freighter 31ECF QWJ,Rankin Inlet Canada,Lambair,0,2,5,May,1974-05-31,2,0,0.0,1.0,2,Bristol 170 Freighter,2,1974-05
1965,Qtr 2,May,5,Canary,Lockheed 1049G 55 Super ConstellationEC,Tenerife Canary,SpainCanary Islands Islands Iberia Airlines,0,49,5,May,1965-05-05,30,19,38.775510204081634,0.6122448979591837,30,Lockheed,30,1965-05
2008,Qtr 2,May,24,Catalina,Eurocopter AS350D AstarN67GE,Two Harbors Catalina,California Island Island Express Helicopter Service,0,6,5,May,2008-05-24,4,2,33.33333333333333,0.6666666666666666,4,Eurocopter AS350D,4,2008-05
1971,Qtr 2,May,25,Chile Aerolineas,Curtiss C 46 CC,Santiago Chile Aerolineas,ALFA - Austral Flecha,0,4,5,May,1971-05-25,4,0,0.0,1.0,4,Curtiss,4,1971-05
1989,Qtr 2,May,9,China,Bell 412JA9596,Near Tainjin China,Asahi Aero,0,0,5,May,1989-05-09,10,-10,-inf,Unknown,10,Bell,10,1989-05
1997,Qtr 2,May,8,China,Boeing B 737,Huangtian China,Airlines Southern China,0,74,5,May,1997-05-08,35,39,52.702702702702695,0.47297297297297297,35,Boeing,35,1997-05
1944,Qtr 2,May,26,China,Douglas C 4782,Between Calcutta to Dinjan China,Corporation Aviation National China,0,12,5,May,1944-05-26,12,0,0.0,1.0,12,Douglas,12,1944-05
2004,Qtr 2,May,18,China,Ilyushin II 76TD4K,Urumqi China,Company Cargo AZAL,0,7,5,May,2004-05-18,7,0,0.0,1.0,7,Ilyushin,7,2004-05
2002,Qtr 2,May,7,China,McDonnell Douglas MD 82B,Off Dalian China,Airlines Northern China,0,112,5,May,2002-05-07,112,0,0.0,1.0,112,McDonnell Douglas,112,2002-05
1993,Qtr 2,May,19,Colombia,Boeing B 727,Near Medellin Colombia,Colombia SAM,0,132,5,May,1993-05-19,132,0,0.0,1.0,132,Boeing,132,1993-05
1995,Qtr 2,May,9,Colombia,Curtiss C 46FHK,Cerro San Jeronimo Colombia,Colombia ADES,0,9,5,May,1995-05-09,9,0,0.0,1.0,9,Curtiss,9,1995-05
1991,Qtr 2,May,15,Colombia,Douglas C 47BHK,La Poyatta Colombia,Colombia ADES,0,14,5,May,1991-05-15,13,1,7.142857142857142,0.9285714285714286,13,Douglas,13,1991-05
1950,Qtr 2,May,24,Colombia,Douglas C 47HK,Near Pasto Colombia,LANSA,0,27,5,May,1950-05-24,26,1,3.7037037037037033,0.9629629629629629,26,Douglas,26,1950-05
1994,Qtr 2,May,28,Colombia,Douglas DC 3 (C,Near Villavicencio Colombia,Colombia Transoriente,0,29,5,May,1994-05-28,7,22,75.86206896551724,0.2413793103448276,7,Douglas,7,1994-05
1995,Qtr 2,May,25,Colombia,Douglas DC 3CHK,Miraflores Colombia,LACOL,0,11,5,May,1995-05-25,2,9,81.81818181818183,0.18181818181818182,2,Douglas,2,1995-05
2014,Qtr 2,May,8,Colombia,Douglas DC 3CHK,Near San Vicente del Caguan Colombia,Colombia Alisansa,0,6,5,May,2014-05-08,6,0,0.0,1.0,6,Douglas,6,2014-05
1994,Qtr 2,May,23,Colombia,Pilatus Britten Norman BN,Loma Linda Colombia,Arall,0,11,5,May,1994-05-23,4,7,63.63636363636363,0.36363636363636365,4,Pilatus,4,1994-05
2004,Qtr 2,May,5,Colombia,Swearingen SA227AC Metro IIIHK 4275,Carepa Colombia,Petroleros Aerotransportes,0,7,5,May,2004-05-05,3,4,57.14285714285714,0.42857142857142855,3,Swearingen SA227AC Metro,3,2004-05
1935,Qtr 2,May,1,Colorado,Lockheed VegaNC891E,Near Walsenberg Colorado,Lines Air Varney,0,1,5,May,1935-05-01,1,0,0.0,1.0,1,Lockheed,1,1935-05
2005,Qtr 2,May,25,Congo,Antonov AN 12BP9Q,Walungu Congo,Air) Victoria (owner Union Maniema - Charter,0,27,5,May,2005-05-25,27,0,0.0,1.0,27,Antonov,27,2005-05
2003,Qtr 2,May,8,Congo,Illyushin 76UR UCB,Near Kinshasa Congo,Charter Army Congolese - Airlines Cargo Ukrainian,0,200,5,May,2003-05-08,129,71,35.5,0.645,129,Ilyushin,129,2003-05
2007,Qtr 2,May,17,Congo,Let 410UVPTN AHE,Walikale Airstrip Congo,Complany Air Safe,0,3,5,May,2007-05-17,3,0,0.0,1.0,3,Let,3,2007-05
1988,Qtr 2,May,26,Costa,Douglas DC 6YN,Puerto Limon Costa,RicaAeronica,0,6,5,May,1988-05-26,6,0,0.0,1.0,6,Douglas,6,1988-05
2018,Qtr 2,May,18,Cuba,Boeing 737 201XA,Havana Cuba,Air) Global from (leased Cubana,0,113,5,May,2018-05-18,112,1,0.8849557522123894,0.9911504424778761,112,Boeing,112,2018-05
1977,Qtr 2,May,27,Cuba,Ilyushin IL 62MCCCP,Havana Cuba,Aeroflot,0,69,5,May,1977-05-27,67,2,2.898550724637681,0.9710144927536232,67,Ilyushin,67,1977-05
2009,Qtr 2,May,26,Democratic,Antonov AN 269Q,Near Isiro Democratic,Air CongoService Republic,0,4,5,May,2009-05-26,4,0,0.0,1.0,4,Antonov,4,2009-05
2005,Qtr 2,May,5,Democratic,Antonov AN 26EK,Near Kisangani Democratic,Airlift CongoKisangani Republic,0,11,5,May,2005-05-05,10,1,9.090909090909092,0.9090909090909091,10,Antonov,10,2005-05
1986,Qtr 2,May,18,Djibouti,Dassault Breguet Atlantique19,Djibouti Djibouti,Aviation Naval French - Military,0,19,5,May,1986-05-18,19,0,0.0,1.0,19,Dassault Breguet,19,1986-05
1949,Qtr 2,May,4,Dorset,Bristol 170 Freighter 31 Mark IIG AIFF,Near Portland Dorset,England Bristop Aeroplane Company,0,7,5,May,1949-05-04,7,0,0.0,1.0,7,Bristol 170 Freighter 31 Mark,7,1949-05
1939,Qtr 2,May,8,Ecuador,Curtiss Wright C,Guayaquil Ecuador,Force Air Ecuadorian - Military,22,1,5,May,1939-05-08,1,0,0.0,1.0,23,Curtiss,23,1939-05
1981,Qtr 2,May,22,Ecuador,de Havilland Canada DHC 6 Twin Otter 300HC,Near Zumba Ecuador,TAME,0,18,5,May,1981-05-22,18,0,0.0,1.0,18,de Havilland Canada,18,1981-05
1950,Qtr 2,May,2,Ecuador,Douglas C 47DLHK,Chimborazo Ecuador,Avianca,0,15,5,May,1950-05-02,15,0,0.0,1.0,15,Douglas,15,1950-05
1974,Qtr 2,May,2,Ecuador,Douglas C 47HC,Banos Ecuador,Equatorianos Taxis Aero,0,24,5,May,1974-05-02,22,2,8.333333333333332,0.9166666666666666,22,Douglas,22,1974-05
1995,Qtr 2,May,3,Ecuador,Grumman Gulfstream IIN409MA,Quito Ecuador,Jet American,0,7,5,May,1995-05-03,7,0,0.0,1.0,7,Grumman Gulfstream,7,1995-05
1965,Qtr 2,May,20,Egypt,Boeing B 720,Cairo Egypt,Airlines International Pakistan,0,127,5,May,1965-05-20,121,6,4.724409448818897,0.952755905511811,121,Boeing,121,1965-05
2007,Qtr 2,May,6,Egypt,de Havilland Canada DHC 6 Twin Otter742/CB,Near El-Thamad Egypt,Force Air French - Military,0,9,5,May,2007-05-06,9,0,0.0,1.0,9,de Havilland Canada,9,2007-05
1963,Qtr 2,May,12,Egypt,Douglas DC 3SU,Near Ayayda Egypt,Airlines Arab United,0,34,5,May,1963-05-12,34,0,0.0,1.0,34,Douglas,34,1963-05
1962,Qtr 2,May,15,Egypt,Douglas DC 3SU,Near Cairo Egypt,Airlines Arab United,0,3,5,May,1962-05-15,3,0,0.0,1.0,3,Douglas,3,1962-05
1981,Qtr 2,May,29,Egypt,Lockheed C 130H HerculesSU,Cairo Egypt,Force Air Egyptian - Military,0,17,5,May,1981-05-29,17,0,0.0,1.0,17,Lockheed,17,1981-05
1984,Qtr 2,May,8,Egypt,McDonnel F 4E Phantom II?,Elbet Beni Salama Egypt,Force Air Egyptian - Military,19,2,5,May,1984-05-08,2,0,0.0,1.0,21,McDonnel,21,1984-05
1986,Qtr 2,May,1,Unknown,Douglas DC 6FAS,San Salvador El,Force Air Salvador El - SalvadorMilitary,0,37,5,May,1986-05-01,37,0,0.0,1.0,37,Douglas,37,1986-05
1945,Qtr 2,May,6,England,Curtiss Wright C,Hindhead England,Forces Air Army U.S. - Military,1,30,5,May,1945-05-06,30,0,0.0,1.0,31,Curtiss,31,1945-05
1948,Qtr 2,May,20,England,Douglas C 47AG,Near Bovingdon England,Charter Transport Air,0,4,5,May,1948-05-20,3,1,25.0,0.75,3,Douglas,3,1948-05
1962,Qtr 2,May,6,England,Douglas C 47AG,St. Boniface Down England,Airways Channel,0,18,5,May,1962-05-06,12,6,33.33333333333333,0.6666666666666666,12,Douglas,12,1962-05
1995,Qtr 2,May,24,England,Embraer 110 P1 BandeiranteG OEAA,Near Leeds England,Air Knight,0,12,5,May,1995-05-24,12,0,0.0,1.0,12,Embraer 110 P1,12,1995-05
1934,Qtr 2,May,31,England,Liore et,Croydon England,France Air,0,2,5,May,1934-05-31,2,0,0.0,1.0,2,Liore,2,1934-05
1953,Qtr 2,May,7,England,Vickers Valetta T 3WG258,Off Hartland Point England,Force Air Royal - Military,0,10,5,May,1953-05-07,10,0,0.0,1.0,10,Vickers Valetta,10,1953-05
1993,Qtr 2,May,11,Fiji,Britten Norman BN,Suva Fiji,Air Fiji,0,2,5,May,1993-05-11,2,0,0.0,1.0,2,Britten,2,1993-05
1983,Qtr 2,May,5,Unknown,Lockheed L 1011N334EA,En route Miami FL,Bahamas Nassau - Eastern Air Lines,0,172,5,May,1983-05-05,0,172,100.0,0.0,0,Lockheed,0,1983-05
1978,Qtr 2,May,8,Florida,Boeing B 727,Pensacola Florida,Airlines National,0,58,5,May,1978-05-08,3,55,94.82758620689656,0.05172413793103448,3,Boeing,3,1978-05
1946,Qtr 2,May,10,Florida,PBY4 2 Privateer / PB4Y,Munson Florida,Navy U.S. - Military / Navy U.S. Military,0,28,5,May,1946-05-10,28,0,0.0,1.0,28,PBY4,28,1946-05
1945,Qtr 2,May,9,France,Avro LancasterRF230,Roye France,Force Air -Royal Military,0,31,5,May,1945-05-09,31,0,0.0,1.0,31,Avro,31,1945-05
1948,Qtr 2,May,13,France,de Havilland Dove 1G AJOU,Mount Coron France,London of Skyways,0,4,5,May,1948-05-13,4,0,0.0,1.0,4,de Havilland Dove,4,1948-05
1958,Qtr 2,May,16,France,Douglas C 47AG,Chatenoy France,Airways European British,0,3,5,May,1958-05-16,3,0,0.0,1.0,3,Douglas,3,1958-05
2000,Qtr 2,May,2,France,Learjet 35AG MURI,Lyon Satolas France,Aviation Executive Northern,0,5,5,May,2000-05-02,2,3,60.0,0.4,2,Learjet,2,2000-05
1951,Qtr 2,May,8,France,Vickers 639 Viking 1G AHPD,Bordeaux France,Travel Air Hunting,0,32,5,May,1951-05-08,2,30,93.75,0.0625,2,Vickers 639 Viking,2,1951-05
2000,Qtr 2,May,17,Gabon,Beechcraft 1900C 1TR,Moanda Gabon,Avirex,0,10,5,May,2000-05-17,3,7,70.0,0.3,3,Beechcraft,3,2000-05
1960,Qtr 2,May,23,Georgia,Convair CV 880N8804E,Atlanta Georgia,Lines Air Delta,0,4,5,May,1960-05-23,4,0,0.0,1.0,4,Convair,4,1960-05
2018,Qtr 2,May,2,Georgia,Lockheed HC 130H Hercules65,Port Wentworth Georgia,Force Air US - Military,0,9,5,May,2018-05-02,9,0,0.0,1.0,9,Lockheed,9,2018-05
1970,Qtr 2,May,30,Georgia,Martin 404N40412,Chamblee Georgia,Inc. Development Acres Lehigh,5,33,5,May,1970-05-30,1,32,96.96969696969697,0.030303030303030304,6,Martin,6,1970-05
1972,Qtr 2,May,27,Germany,de Havilland Canada DHC 6 Twin OtterD,Near Helgoland Germany,Air General,0,13,5,May,1972-05-27,8,5,38.46153846153847,0.6153846153846154,8,de Havilland Canada,8,1972-05
1974,Qtr 2,May,6,Germany,Douglas DC 6ATF,Nurnberg Germany,Fragtflug,0,3,5,May,1974-05-06,3,0,0.0,1.0,3,Douglas,3,1974-05
1988,Qtr 2,May,26,Germany,Fokker F 27 Friendship 600OY,Hannover Germany,Starair,0,2,5,May,1988-05-26,2,0,0.0,1.0,2,Fokker,2,1988-05
1938,Qtr 2,May,27,Germany,Heinkel 116D ATIO,Langeoog Germany,Lufthansa Deutsche,0,3,5,May,1938-05-27,3,0,0.0,1.0,3,Heinkel,3,1938-05
1937,Qtr 2,May,20,Germany,Heinkel He 70D,Stuttgart Germany,Lufthansa Deutsche,0,4,5,May,1937-05-20,4,0,0.0,1.0,4,Heinkel,4,1937-05
1928,Qtr 2,May,26,Germany,Junkers F 13D,Radevormwald Germany,Lufthansa Deutsche,0,5,5,May,1928-05-26,3,2,40.0,0.6,3,Junkers,3,1928-05
1990,Qtr 2,May,11,Germany,Transall C 160D50,Near Wurzburg Germany,Luftwaffe - Military,0,10,5,May,1990-05-11,10,0,0.0,1.0,10,Transall,10,1990-05
1962,Qtr 2,May,12,Greenland,Consolidated CatalinaCF IHA,Godthaab Greenland,Airways Provincial East,0,21,5,May,1962-05-12,15,6,28.57142857142857,0.7142857142857143,15,Consolidated,15,1962-05
1957,Qtr 2,May,13,Greenland,Douglas DC 4N68736,Narsarressuak Greenland,Airways Overseas U.S.,0,3,5,May,1957-05-13,2,1,33.33333333333333,0.6666666666666666,2,Douglas,2,1957-05
1947,Qtr 2,May,4,Guanacaste,Lockheed 18 LoadstarTI 84,Near Nicoya Guanacaste,Costa Rica TACA,0,11,5,May,1947-05-04,11,0,0.0,1.0,11,Lockheed 18,11,1947-05
1971,Qtr 2,May,11,Guatemala,Curtiss C 46A,Guatemala City Guatemala,Aviateca,0,35,5,May,1971-05-11,5,30,85.71428571428571,0.14285714285714285,5,Curtiss,5,1971-05
1956,Qtr 2,May,24,Guatemala,Douglas C 47,Guatemala City Guatemala,Aviateca,0,31,5,May,1956-05-24,30,1,3.225806451612903,0.967741935483871,30,Douglas,30,1956-05
1990,Qtr 2,May,5,Guatemala,Douglas DC 6BFN84BL,Guatamala City Guatemala,Company Transit Aerial,24,3,5,May,1990-05-05,3,0,0.0,1.0,27,Douglas,27,1990-05
2000,Qtr 2,May,3,Guyana,Britten Norman BN,Kurupung Guyana,Airways Guyana Trans,0,1,5,May,2000-05-03,1,0,0.0,1.0,1,Britten,1,2000-05
1957,Qtr 2,May,1,Hants,Vickers Viking 1BG AJBO,Blackbushe Hants,England Eagle Aviation,0,35,5,May,1957-05-01,34,1,2.857142857142857,0.9714285714285714,34,Vickers Viking,34,1957-05
2000,Qtr 2,May,10,Hawaii,Rockwell Sabreliner 65N241H,Kaunakakai Hawaii,Company Aircraft Price,0,6,5,May,2000-05-10,6,0,0.0,1.0,6,Rockwell Sabreliner,6,2000-05
2008,Qtr 2,May,30,Honduras,Airbus A 320,Tegucigalpa Honduras,Airlines International TACA,2,136,5,May,2008-05-30,3,133,97.79411764705883,0.022058823529411766,5,Airbus,5,2008-05
1970,Qtr 2,May,26,Honduras,de Havilland DH 114 Heron 1BHR,Near Tegucigalpa Honduras,Aeroservicios,0,6,5,May,1970-05-26,6,0,0.0,1.0,6,De Havilland,6,1970-05
1935,Qtr 2,May,29,Honduras?,??,San Barbra Honduras?,Unknown Operator,0,9,5,May,1935-05-29,6,3,33.33333333333333,0.6666666666666666,6,??,6,1935-05
1947,Qtr 2,May,29,Iceland,Douglas DC 3TF,Hjedinsfjordur Iceland,Flugefelag,0,25,5,May,1947-05-29,25,0,0.0,1.0,25,Douglas,25,1947-05
1995,Qtr 2,May,13,Idaho,Lockheed C 130E Hercules62,Near Boise Idaho,Force Air U.S. - Military,0,6,5,May,1995-05-13,6,0,0.0,1.0,6,Lockheed,6,1995-05
1974,Qtr 2,May,23,Illinois,Lockheed L 100,Springfield Illinois,Airways Saturn,0,3,5,May,1974-05-23,3,0,0.0,1.0,3,Lockheed,3,1974-05
1979,Qtr 2,May,25,Illinois,McDonnell Douglas DC 10,Chicago O'Hare Illinois,Airlines American,2,271,5,May,1979-05-25,271,0,0.0,1.0,273,McDonnell Douglas,273,1979-05
1935,Qtr 2,May,28,Illinois,Stinson SM6000B Tri motorNC10894,Maywood Illinois,Airlines Southern and Chicago,0,2,5,May,1935-05-28,2,0,0.0,1.0,2,Stinson SM6000B,2,1935-05
1958,Qtr 2,May,25,India,Avro 685 York C 1G,Gurgaon India,Services Dan-Air,0,5,5,May,1958-05-25,4,1,20.0,0.8,4,Avro 685 York,4,1958-05
2010,Qtr 2,May,22,India,Boeing 737 8HGVT,Mangalore India,Express India Air,0,166,5,May,2010-05-22,159,7,4.216867469879518,0.9578313253012049,159,Boeing,159,2010-05
1973,Qtr 2,May,31,India,Boeing B 737,Near New Delhi India,Airlines Indian,0,65,5,May,1973-05-31,48,17,26.153846153846157,0.7384615384615385,48,Boeing,48,1973-05
1958,Qtr 2,May,15,India,Convair CV 240,New Delhi India,Airlines International Pakistan,2,38,5,May,1958-05-15,21,17,44.73684210526316,0.5526315789473685,23,Convair,23,1958-05
1968,Qtr 2,May,28,India,Convair CV 990,Near Bombay India,Airlines Indonesia Garuda,1,29,5,May,1968-05-28,29,0,0.0,1.0,30,Convair,30,1968-05
1957,Qtr 2,May,5,India,Douglas C 47AVT,Santoshpur India,Airlines Indian,0,3,5,May,1957-05-05,1,2,66.66666666666666,0.3333333333333333,1,Douglas,1,1957-05
1944,Qtr 2,May,27,India,Douglas DC 3?,Off Calcutta India,Corporation Aviation National China,0,14,5,May,1944-05-27,14,0,0.0,1.0,14,Douglas,14,1944-05
1957,Qtr 2,May,13,India,Douglas DC 3VT,New Delhi India,Airlines Indian,3,2,5,May,1957-05-13,2,0,0.0,1.0,5,Douglas,5,1957-05
1953,Qtr 2,May,9,India,Douglas DC 3VT,New Delhi India,India Air,0,18,5,May,1953-05-09,18,0,0.0,1.0,18,Douglas,18,1953-05
1982,Qtr 2,May,28,Indonesia,Aerospatiale 330G PumaPK PDU,Off Natuma Island Indonesia,Service Air Pelita,0,10,5,May,1982-05-28,10,0,0.0,1.0,10,Aerospatiale 330G,10,1982-05
1987,Qtr 2,May,25,Indonesia,de Havilland Canada DHC 6 Twin Otter 100PK,Ilaga Indonesia,Fellowship Aviation Missionary,0,30,5,May,1987-05-25,7,23,76.66666666666667,0.23333333333333334,7,de Havilland Canada,7,1987-05
2002,Qtr 2,May,25,Indonesia,de Havilland Canada DHC 6 Twin Otter 300PK,Near Nabire Indonesia,Service Air Trigana,0,6,5,May,2002-05-25,6,0,0.0,1.0,6,de Havilland Canada,6,2002-05
1987,Qtr 2,May,23,Indonesia,de Havilland Canada DHC 6 Twin Otter 300PK,Near Ruteng Indonesia,Airlines Nusantara Merpati,0,8,5,May,1987-05-23,8,0,0.0,1.0,8,de Havilland Canada,8,1987-05
1991,Qtr 2,May,9,Indonesia,Fokker F 27 Friendship 600PK,Sulawesi Indonesia,Airlines Nusantara Merpati,0,13,5,May,1991-05-09,13,0,0.0,1.0,13,Fokker,13,1991-05
2009,Qtr 2,May,20,Indonesia,Lockheed C 130 HerculesA,Near Madiun Indonesia,Force Air Indonesian - Military,2,112,5,May,2009-05-20,112,0,0.0,1.0,114,Lockheed,114,2009-05
2012,Qtr 2,May,9,Indonesia,Sukhoi Superjet 100 95RA,Near Cidahu Indonesia,Sukhoi,0,45,5,May,2012-05-09,45,0,0.0,1.0,45,Sukhoi Superjet,45,2012-05
2011,Qtr 2,May,7,Indonesia,Xian MA 60PK,Off Kaimana Indonesia,Airlines Nusantara Merpati,0,27,5,May,2011-05-07,27,0,0.0,1.0,27,Xian,27,2011-05
1920,Qtr 2,May,12,Iowa,De Havilland DH 479,Oskaloosa Iowa,Service Mail Aerial US,0,2,5,May,1920-05-12,1,1,50.0,0.5,1,De Havilland,1,1920-05
1991,Qtr 2,May,24,Iran,Ilyushin 76TDLZ INK,Bakhtaran Iran,Cargo Metro,0,10,5,May,1991-05-24,4,6,60.0,0.4,4,Ilyushin,4,1991-05
2001,Qtr 2,May,17,Iran,Yakovlev YAK 40EP,Near Sari Iran,Airlines Qeshm Faraz,0,30,5,May,2001-05-17,30,0,0.0,1.0,30,Yakovlev,30,2001-05
1949,Qtr 2,May,4,Italy,FIAT G 212CPI,Superga Italy,Italiane Linee Avio,0,31,5,May,1949-05-04,31,0,0.0,1.0,31,Fiat,31,1949-05
1969,Qtr 2,May,25,Italy,Fokker F 27 Friendship 600I,Reggio di Calabria Italy,Italiani Transporti Aero,0,36,5,May,1969-05-25,1,35,97.22222222222221,0.027777777777777776,1,Fokker,1,1969-05
1942,Qtr 2,May,19,Italy,Savoia Marchetti SM,Near Rome Italy,LATI,0,20,5,May,1942-05-19,20,0,0.0,1.0,20,Savoia,20,1942-05
1945,Qtr 2,May,30,Ivory,Douglas C 47B,Off Drewin Ivory,Forces Air Army U.S. - CoastMilitary,0,21,5,May,1945-05-30,21,0,0.0,1.0,21,Douglas,21,1945-05
1985,Qtr 2,May,6,Japan,CH 53D157138,Off Tanegashima Japan,Corps Marine U.S. - Military,0,17,5,May,1985-05-06,17,0,0.0,1.0,17,CH,17,1985-05
1947,Qtr 2,May,29,Japan,Douglas C 54D,Atsugi Japan,Forces Air Army U.S. - Military,0,40,5,May,1947-05-29,40,0,0.0,1.0,40,Douglas,40,1947-05
1977,Qtr 2,May,10,Jordan,Sikorsky CH 53D (helicopter)360,Near Jericho Jordan,Force Air Israel - Military,0,54,5,May,1977-05-10,54,0,0.0,1.0,54,Sikorsky,54,1977-05
2004,Qtr 2,May,18,Kazakhstan,PZL Mielec AN,Bozoy Kazakhstan,Aray-Avia,0,12,5,May,2004-05-18,1,11,91.66666666666666,0.08333333333333333,1,PZL,1,2004-05
1955,Qtr 2,May,18,Kenya,Douglas DC 3VP,Mt. Kilimanjaro Kenya,Airways African East,0,20,5,May,1955-05-18,20,0,0.0,1.0,20,Douglas,20,1955-05
1999,Qtr 2,May,29,Kenya,Let 410UVP E5Y,Ol Kiombo Kenya,Services Air Malindi,0,2,5,May,1999-05-29,2,0,0.0,1.0,2,Let,2,1999-05
2004,Qtr 2,May,23,Kenya,Let 410UVP5Y VVD,Mwingi Kenya,Aviation Bird Blue,0,2,5,May,2004-05-23,2,0,0.0,1.0,2,Let,2,2004-05
1962,Qtr 2,May,17,Kenya,Lockheed C 130A Hercules56,Near Nairobi Kenya,Force Air U.S. - Military,0,13,5,May,1962-05-17,13,0,0.0,1.0,13,Lockheed,13,1962-05
2014,Qtr 2,May,17,Laos,Antonov 74TK 300RDPL,Xiang Khouang province Laos,Force Air Laos,0,17,5,May,2014-05-17,16,1,5.88235294117647,0.9411764705882353,16,Antonov,16,2014-05
1998,Qtr 2,May,25,Laos,Yakovlev YAK 4034001,Near Longtiang Laos,Force Air Army Liberation People's Lao - Military,0,26,5,May,1998-05-25,26,0,0.0,1.0,26,Yakovlev,26,1998-05
1977,Qtr 2,May,13,Lebanon,Antonov An 12BPSP,Beiruit Lebanon,Airlines Polish Lot,0,9,5,May,1977-05-13,9,0,0.0,1.0,9,Antonov,9,1977-05
2010,Qtr 2,May,12,Libya,Airbus A330 2025A,Tripoli Libya,Airways Afriqiyah,0,104,5,May,2010-05-12,103,1,0.9615384615384616,0.9903846153846154,103,Airbus,103,2010-05
1972,Qtr 2,May,29,Louisiana,Bell 205AN2256W,Dulac Louisiana,Helicopter Petrolium,0,11,5,May,1972-05-29,11,0,0.0,1.0,11,Bell,11,1972-05
1988,Qtr 2,May,24,Louisiana,Boeing B 737,New Orleans Louisiana,TACA,0,45,5,May,1988-05-24,0,45,100.0,0.0,0,Boeing,0,1988-05
1986,Qtr 2,May,24,Madagascar,Douglas C 47?,Antananarivo Madagascar,Malgache l'Air de Armée - Military,0,13,5,May,1986-05-24,13,0,0.0,1.0,13,Douglas,13,1986-05
1957,Qtr 2,May,9,Madrid,Bristol 170 FreighterEC ADI,Barajas Madrid,Spain Aviaco,0,37,5,May,1957-05-09,37,0,0.0,1.0,37,Bristol 170,37,1957-05
1979,Qtr 2,May,30,Maine,de Havilland DHC 6,Rockland Maine,Airlines Downeast,0,18,5,May,1979-05-30,17,1,5.555555555555555,0.9444444444444444,17,De Havilland,17,1979-05
1999,Qtr 2,May,24,Malaysia,de Havilland Canada DHC 4AM21,Kuching Malaysia,Force Air Malaysian - Military,0,5,5,May,1999-05-24,5,0,0.0,1.0,5,de Havilland Canada,5,1999-05
1952,Qtr 2,May,9,Malaysia,Douglas DC 3PK,Ipoh Malaysia,Airlines Indonesia Garuda,0,17,5,May,1952-05-09,17,0,0.0,1.0,17,Douglas,17,1952-05
1981,Qtr 2,May,6,Maryland,Boeing EC 135N61,Near Fredrick Maryland,Force Air U.S. - Military,0,21,5,May,1981-05-06,21,0,0.0,1.0,21,Boeing,21,1981-05
1947,Qtr 2,May,30,Maryland,Douglas C 54B,Port Deposit Maryland,Lines Air Eastern,0,53,5,May,1947-05-30,53,0,0.0,1.0,53,Douglas,53,1947-05
1959,Qtr 2,May,12,Maryland,Vickers Viscount 745DN7463,Chase Maryland,Airlines Capital,0,31,5,May,1959-05-12,31,0,0.0,1.0,31,Vickers Viscount,31,1959-05
1958,Qtr 2,May,20,Maryland,Vickers Viscount 745D / T 33AN7410/53,Brunswick Maryland,Guard National Air - Military / Airlines Capital,0,13,5,May,1958-05-20,12,1,7.6923076923076925,0.9230769230769231,12,Vickers Viscount,12,1958-05
1952,Qtr 2,May,26,Mauritania,Handley Page HP 81 Hermes IVG,Near Atar Mauritania,Airways Overseas British,0,18,5,May,1952-05-26,1,17,94.44444444444444,0.05555555555555555,1,Handley Page,1,1952-05
1998,Qtr 2,May,12,Mauritania,Xian Yunshuji Y 7,Near Nema Mauritania,Force Air Mauritanian - Military,0,42,5,May,1998-05-12,39,3,7.142857142857142,0.9285714285714286,39,Xian Yunshuji,39,1998-05
1989,Qtr 2,May,5,Mexico,Britten Norman BN 2A Trislander IIXA,Near Cancun Mexico,Cozumel Aero,0,19,5,May,1989-05-05,6,13,68.42105263157895,0.3157894736842105,6,Britten Norman,6,1989-05
2019,Qtr 2,May,5,Mexico,Canadair CL 600,Near Monclava Mexico,Solutions Aircraft TVPX,0,13,5,May,2019-05-05,13,0,0.0,1.0,13,Canadair,13,2019-05
1981,Qtr 2,May,21,Mexico,Convair CV 440,Pinarete Mountain Mexico,Aereas Lineas,0,24,5,May,1981-05-21,24,0,0.0,1.0,24,Convair,24,1981-05
1996,Qtr 2,May,10,Mexico,de Havilland Canada DHC 6 Twin Otter 200XA,Otaez Mexico,Durango de Empresariales Aeroservicios,0,19,5,May,1996-05-10,16,3,15.789473684210526,0.8421052631578947,16,de Havilland Canada,16,1996-05
1993,Qtr 2,May,15,Mexico,Douglas DC 6BFXA,Near Cancun Mexico,Caribe del Carga,0,5,5,May,1993-05-15,3,2,40.0,0.6,3,Douglas,3,1993-05
1990,Qtr 2,May,10,Mexico,Fairchild F 27F,Tuxtla-Gutierrez Mexico,Avicsa,0,40,5,May,1990-05-10,20,20,50.0,0.5,20,Fairchild,20,1990-05
1929,Qtr 2,May,9,Mexico,Ford Tri motor 4M,Tampico Mexico,Mexicana,0,5,5,May,1929-05-09,5,0,0.0,1.0,5,Ford,5,1929-05
1938,Qtr 2,May,5,Mexico,Lockheed Vega 5BXA BFR,Balbuena Mexico,Mineras Aéreas Lineas,0,6,5,May,1938-05-05,1,5,83.33333333333334,0.16666666666666666,1,Lockheed Vega,1,1938-05
2004,Qtr 2,May,2,Mexico,Rockwell Gulfstream Jetprop 840 XC JEH,Near Milpillas Mexico,Republica la de General Procuradoria,0,7,5,May,2004-05-02,7,0,0.0,1.0,7,Rockwell Gulfstream Jetprop 840,7,2004-05
1996,Qtr 2,May,11,Miami,McDonnell Douglas DC 9,Everglades Miami,Florida Valu,0,110,5,May,1996-05-11,110,0,0.0,1.0,110,McDonnell Douglas,110,1996-05
1935,Qtr 2,May,18,Michigan,Ford model 4 AT,Flint Michigan,Detroit of Service Flying Knowles,0,12,5,May,1935-05-18,3,9,75.0,0.25,3,Ford model,3,1935-05
1970,Qtr 2,May,9,Michigan,Gates Learjet 23N434EJ,Pellston Michigan,Inc. Sales Jet Executive,0,6,5,May,1970-05-09,6,0,0.0,1.0,6,Gates Learjet,6,1970-05
1928,Qtr 2,May,12,Minnesota,Ford 4NC1492,Dearborn Minnesota,Inc. Freight Air Ford,0,2,5,May,1928-05-12,2,0,0.0,1.0,2,Ford,2,1928-05
1962,Qtr 2,May,22,Missouri,Boeing B 707,Near Unionville Missouri,Airlines Continental,0,45,5,May,1962-05-22,45,0,0.0,1.0,45,Boeing,45,1962-05
1935,Qtr 2,May,6,Missouri,Douglas DC 2,Atlanta Missouri,Air Western and Continental Trans,0,14,5,May,1935-05-06,5,9,64.28571428571429,0.35714285714285715,5,Douglas,5,1935-05
1953,Qtr 2,May,24,Missouri,Douglas DC 3N53596,St. Louis Missouri,Air Meteor,0,7,5,May,1953-05-24,6,1,14.285714285714285,0.8571428571428571,6,Douglas,6,1953-05
1970,Qtr 2,May,15,Moldavia,Antonov AN 10CCCP11149,Kishiniev Moldavia,USSRAeroflot,0,11,5,May,1970-05-15,11,0,0.0,1.0,11,Antonov,11,1970-05
1998,Qtr 2,May,26,Mongolia,Harbin Yunshuji Y 12 IIJU,Near Erdenet Mongolia,Airlines Mongolian - MIAT,0,28,5,May,1998-05-26,28,0,0.0,1.0,28,Harbin Yunshuji,28,1998-05
1942,Qtr 2,May,12,Montana,Douglas DC 3,Miles City Montana,Airlines Orient Northwest,0,14,5,May,1942-05-12,3,11,78.57142857142857,0.21428571428571427,3,Douglas,3,1942-05
1939,Qtr 2,May,2,Morocco,Dewoitine D 338F,Near Marrakech Morocco,France Air,0,9,5,May,1939-05-02,9,0,0.0,1.0,9,Dewoitine,9,1939-05
1958,Qtr 2,May,18,Morocco,Douglas DC 7COO,Near Casablanca Morocco,Sabena,0,69,5,May,1958-05-18,65,4,5.797101449275362,0.9420289855072463,65,Douglas,65,1958-05
1939,Qtr 2,May,1,Mozambique,Short S 23 Empire Flying BoatG,Lumbo Mozambique,Airways Imperial,0,4,5,May,1939-05-01,2,2,50.0,0.5,2,Short,2,1939-05
2016,Qtr 2,May,19,175 miles off the Egyptian coastEgyptAir,Airbus A320 232SU,175 miles off the Egyptian coastEgyptAir,Unknown Operator,0,66,5,May,2016-05-19,66,0,0.0,1.0,66,Airbus,66,2016-05
1926,Qtr 2,May,31,English ChannelAir Union,Breguet 14F ADAI,English ChannelAir Union,Unknown Operator,0,1,5,May,1926-05-31,1,0,0.0,1.0,1,Breguet,1,1926-05
1929,Qtr 2,May,22,AlgiersAeropostale,Cams 53F AISX,AlgiersAeropostale,Unknown Operator,0,6,5,May,1929-05-22,4,2,33.33333333333333,0.6666666666666666,4,Cams,4,1929-05
2022,Qtr 2,May,29,Near Lete PassTara Air,de Havilland Canada DHC 6 Twin Otter 3009N,Near Lete PassTara Air,Unknown Operator,0,22,5,May,2022-05-29,22,0,0.0,1.0,22,de Havilland Canada,22,2022-05
2006,Qtr 2,May,23,Off São Tomé IslandAir São Tomé,de Havilland Canada DHC 6 Twin Otter 300S9,Off São Tomé IslandAir São Tomé,Unknown Operator,0,4,5,May,2006-05-23,4,0,0.0,1.0,4,de Havilland Canada,4,2006-05
1972,Qtr 2,May,8,VenezuelaAerotechnia,Douglas C 47BYV,VenezuelaAerotechnia,Unknown Operator,0,7,5,May,1972-05-08,7,0,0.0,1.0,7,Douglas,7,1972-05
1961,Qtr 2,May,29,Royal Air Force,Handley Page Hastings C 2WD497,SingaporeMilitary - Royal Air Force,Unknown Operator,0,13,5,May,1961-05-29,13,0,0.0,1.0,13,Handley Page Hastings,13,1961-05
1982,Qtr 2,May,19,Royal British Navy,Westland Sea King HC 4 (helicopter)ZA,South Atlantic OceanMilitary - Royal British Navy,Unknown Operator,0,30,5,May,1982-05-19,21,9,30.0,0.7,21,Westland Sea King,21,1982-05
1934,Qtr 2,May,9,English ChannelAir France,Wibault 282TF AMHP,English ChannelAir France,Unknown Operator,0,6,5,May,1934-05-09,6,0,0.0,1.0,6,Wibault,6,1934-05
2004,Qtr 2,May,25,Nepal,de Havilland DHC 6 Twin Otter 3009N,Near Lukla Nepal,Airlines Yeti,0,3,5,May,2004-05-25,3,0,0.0,1.0,3,De Havilland,3,2004-05
2012,Qtr 2,May,14,Nepal,Dornier 228 2129N,Jomsom Nepal,Air Agni,0,21,5,May,2012-05-14,15,6,28.57142857142857,0.7142857142857143,15,Dornier,15,2012-05
1956,Qtr 2,May,15,Nepal,Douglas DC 3VT,Kathmandu Nepal,Airlines Indian,1,31,5,May,1956-05-15,14,17,54.83870967741935,0.45161290322580644,15,Douglas,15,1956-05
2017,Qtr 2,May,27,Nepal,Let L 410UVP,Tenzing Nepal,Air Summit,0,3,5,May,2017-05-27,2,1,33.33333333333333,0.6666666666666666,2,Let,2,2017-05
1953,Qtr 2,May,25,Netherlands,Convair CV 240,Amsterdam Netherlands,Airlines Dutch Royal KLM,2,34,5,May,1953-05-25,0,34,100.0,0.0,2,Convair,2,1953-05
1951,Qtr 2,May,6,New,Convair B 36D49,Near Albuquerque New,Force Air U.S. - MexicoMilitary,0,25,5,May,1951-05-06,23,2,8.0,0.92,23,Convair,23,1951-05
1950,Qtr 2,May,27,New,Curtiss C 46F,Teterboro New,Airlines Cargo JerseyRegina,0,2,5,May,1950-05-27,1,1,50.0,0.5,1,Curtiss,1,1950-05
1969,Qtr 2,May,7,New,Curtiss C 46FN1243N,Medford New,Airways W JerseyFlying,0,2,5,May,1969-05-07,2,0,0.0,1.0,2,Curtiss,2,1969-05
1967,Qtr 2,May,1,New,de Havilland DH 104 / Piper PA,Flushing New,Private / Airways YorkGreylock,0,14,5,May,1967-05-01,3,11,78.57142857142857,0.21428571428571427,3,De Havilland,3,1967-05
1945,Qtr 2,May,13,New,Douglas C 47B,Iran Jayas New,Forces Air Army U.S. - GuineaMilitary,0,23,5,May,1945-05-13,20,3,13.043478260869565,0.8695652173913043,20,Douglas,20,1945-05
1945,Qtr 2,May,5,New,Douglas C 54E,Manus Island New,Forces Air Army U.S. - GuineaMilitary,0,21,5,May,1945-05-05,21,0,0.0,1.0,21,Douglas,21,1945-05
1954,Qtr 2,May,22,New,Douglas DC 3ZK,Paraparaumu New,Airways National Zealand ZealandNew,0,28,5,May,1954-05-22,3,25,89.28571428571429,0.10714285714285714,3,Douglas,3,1954-05
1947,Qtr 2,May,11,New,Lockheed L 049 ConstellationNC86508,Delaware Bay New,Air Western and Continental JerseyTrans,0,4,5,May,1947-05-11,4,0,0.0,1.0,4,Lockheed,4,1947-05
1938,Qtr 2,May,10,New,Lockheed 10 ElectraZK AFC,Mangere New,Zealand New of Airways ZealandUnited,0,2,5,May,1938-05-10,2,0,0.0,1.0,2,Lockheed 18,2,1938-05
1977,Qtr 2,May,16,New,Sikorsky S61LN619PA,New York New,Helicopter York YorkNew,1,25,5,May,1977-05-16,4,21,84.0,0.16,5,Sikorsky,5,1977-05
2005,Qtr 2,May,2,New,Swearingen SA.227AC Metro IIIZK POA,Near Stratford New,NZ ZealandAirwork,0,2,5,May,2005-05-02,2,0,0.0,1.0,2,Swearingen SA.227AC Metro,2,2005-05
1937,Qtr 2,May,6,New,Zeppelin LZ 129D,Lakehurst New,Reederei Zeppelin JerseyDeutsche,1,97,5,May,1937-05-06,35,62,63.91752577319587,0.36082474226804123,36,Zeppelin,36,1937-05
2002,Qtr 2,May,4,Nigeria,BAC One Eleven 525FT5N,Kano Nigeria,Services) Airline (Executive Airlines EAS,78,77,5,May,2002-05-04,74,3,3.896103896103896,0.961038961038961,152,BAC,152,2002-05
2021,Qtr 2,May,21,Nigeria,Beechcraft B300 King Air 350iNAF203,Near Kaduna Nigeria,Force Air Nigerian - Military,0,11,5,May,2021-05-21,11,0,0.0,1.0,11,Beechcraft B300 King Air,11,2021-05
2002,Qtr 2,May,21,Nigeria,LET 410UVP9Q CEX,Near Calabar Nigeria,Services Air Executive Sky,0,5,5,May,2002-05-21,5,0,0.0,1.0,5,Let,5,2002-05
1998,Qtr 2,May,25,North,Bell 206L 3N96CW,Indian Trail North,Inc. Helicopters US - Taxi CarolinaAir,0,5,5,May,1998-05-25,5,0,0.0,1.0,5,Bell,5,1998-05
1917,Qtr 2,May,14,North,Zeppelin L 22 (airship)?,Near Texel Island North,Navy German - SeaMilitary,0,21,5,May,1917-05-14,21,0,0.0,1.0,21,Zeppelin,21,1917-05
1967,Qtr 2,May,15,Northwest,Curtiss C 46TCF,Cape Dyer Northwest,CanadaNordair Territories,0,4,5,May,1967-05-15,4,0,0.0,1.0,4,Curtiss,4,1967-05
1988,Qtr 2,May,6,Norway,de Havilland Canada DHC 7,Near Broennoysund Norway,Flyveselksap Wideroe's,0,36,5,May,1988-05-06,36,0,0.0,1.0,36,de Havilland Canada,36,1988-05
1952,Qtr 2,May,5,Norway,Douglas C 47ALN,Near Skien Norway,Flyveselskap Olsen Fred,0,29,5,May,1952-05-05,11,18,62.06896551724138,0.3793103448275862,11,Douglas,11,1952-05
1946,Qtr 2,May,22,Norway,Junkers JU 52/3mLN,Oslo Norway,Lines Air Norwegian DNL,0,14,5,May,1946-05-22,13,1,7.142857142857142,0.9285714285714286,13,Junkers,13,1946-05
1949,Qtr 2,May,7,off,Douglas DC 3PI,Sibuyan Sea off,Lines Air ElalatPhilippine of island Philippine the,0,13,5,May,1949-05-07,13,0,0.0,1.0,13,Douglas,13,1949-05
1948,Qtr 2,May,16,Ohio,Curtiss C 46ENC59489,Columbus Ohio,Airways Slick,0,2,5,May,1948-05-16,2,0,0.0,1.0,2,Curtiss,2,1948-05
1919,Qtr 2,May,25,Ohio,De Havilland DH 461,Cleveland Ohio,Service Mail Aerial US,0,1,5,May,1919-05-25,1,0,0.0,1.0,1,De Havilland,1,1919-05
1938,Qtr 2,May,24,Ohio,Douglas DST A,Cleveland Ohio,Lines Air United,0,10,5,May,1938-05-24,10,0,0.0,1.0,10,Douglas,10,1938-05
1956,Qtr 2,May,15,Ontario,CF 100 Mark 4B18367,Orleans Ontario,Canada Military - Royal Canadian Air Force,13,2,5,May,1956-05-15,2,0,0.0,1.0,15,CF,15,1956-05
1987,Qtr 2,May,11,Ontario,Douglas C 47BC,Pickle Lake Ontario,Canada Air Manitoba,0,2,5,May,1987-05-11,2,0,0.0,1.0,2,Douglas,2,1987-05
1967,Qtr 2,May,19,Ontario,Douglas DC 8,Ottawa Ontario,Canada Air Canada,0,3,5,May,1967-05-19,3,0,0.0,1.0,3,Douglas,3,1967-05
1965,Qtr 2,May,27,Ontario,Noorduyn NorsemanCF MPL,Cooper Lake Ontario,Canada Mattagami Skyways,0,5,5,May,1965-05-27,3,2,40.0,0.6,3,Noorduyn,3,1965-05
2013,Qtr 2,May,31,Ontario,Sikorsky S 76?,Moosonee Ontario,Ambulance Air Ornge,0,4,5,May,2013-05-31,4,0,0.0,1.0,4,Sikorsky,4,2013-05
1995,Qtr 2,May,1,Ontario,Swear. SA 227CC Metro 23/Piper NavajoC,Sioux Falls Ontario,Canada Bearskin Airlines / Air Sandy,0,8,5,May,1995-05-01,8,0,0.0,1.0,8,Swear.,8,1995-05
1932,Qtr 2,May,30,Oregon,Boeing 40NC830M,Portland Oregon,Lines Air Varney,0,2,5,May,1932-05-30,1,1,50.0,0.5,1,Boeing,1,1932-05
2020,Qtr 2,May,22,Pakistan,Airbus A320 214AP,Karachi Pakistan,Airline International Pakistan,1,99,5,May,2020-05-22,97,2,2.0202020202020203,0.9797979797979798,98,Airbus,98,2020-05
2008,Qtr 2,May,29,Panama,Bell UN 1N HueySAN,Panama City Panama,Nacional Aereo Servicio - Military,0,12,5,May,2008-05-29,11,1,8.333333333333332,0.9166666666666666,11,Bell,11,2008-05
1996,Qtr 2,May,11,Papua,Britten Norman BN 2A,Oumba Papua,Air Bay GuineaMilne New,0,10,5,May,1996-05-11,1,9,90.0,0.1,1,Britten Norman,1,1996-05
2000,Qtr 2,May,21,Pennsylvania,BAe Jetstream 3101 31N16EJ,Near Wilkes-Barre Pennsylvania,Airlines Executive,0,19,5,May,2000-05-21,19,0,0.0,1.0,19,BAe Jetstream,19,2000-05
1931,Qtr 2,May,24,Pennsylvania,Boeing 95NC397E,Bellefonte Pennsylvania,Transport Air National,0,1,5,May,1931-05-24,1,0,0.0,1.0,1,Boeing,1,1931-05
1984,Qtr 2,May,30,Pennsylvania,Lockheed L 188AF ElectraN5523,Chalkhill Pennsylvania,Airlines International Zantop,0,4,5,May,1984-05-30,4,0,0.0,1.0,4,Lockheed,4,1984-05
1998,Qtr 2,May,5,Peru,Boeing B 737,Andoas Peru,Peru del Aérea Fuerza,0,88,5,May,1998-05-05,75,13,14.772727272727273,0.8522727272727273,75,Boeing,75,1998-05
1959,Qtr 2,May,21,Peru,Curtiss C 46A,Moro Peru,Interpolar Aéreas Lineas,0,8,5,May,1959-05-21,8,0,0.0,1.0,8,Curtiss,8,1959-05
1959,Qtr 2,May,13,Peru,Curtiss C 46AOB,Near Toumavista Peru,Peruanos Aereos Transportes,0,12,5,May,1959-05-13,12,0,0.0,1.0,12,Curtiss,12,1959-05
2007,Qtr 2,May,24,Peru,de Havilland Canada DHC 6 Twin Otter 300FAP,Near Pampa Hermosa Peru,Force Air Peruvian - Military,0,20,5,May,2007-05-24,13,7,35.0,0.65,13,de Havilland Canada,13,2007-05
1964,Qtr 2,May,8,Peru,Douglas C 54T,Near Lima Peru,Argentina Aérea Fuerza,0,49,5,May,1964-05-08,46,3,6.122448979591836,0.9387755102040817,46,Douglas,46,1964-05
1976,Qtr 2,May,23,Philipines,BAC One Eleven 527FKRP,Zamboanga Philipines,Lines Air Philippine,3,87,5,May,1976-05-23,14,73,83.9080459770115,0.16091954022988506,17,BAC,17,1976-05
2000,Qtr 2,May,25,Philippines,Airbus A.330 301F,Near Manila Philippines,Lines Air Philippine,0,298,5,May,2000-05-25,1,297,99.66442953020133,0.003355704697986577,1,Airbus,1,2000-05
1990,Qtr 2,May,18,Philippines,Beechcraft 1900C 1RP,Manila Philippines,Philippines Aerolift,4,21,5,May,1990-05-18,21,0,0.0,1.0,25,Beechcraft,25,1990-05
1990,Qtr 2,May,11,Philippines,Boeing B 737,Manila Philippines,Lines Air Philippine,0,119,5,May,1990-05-11,8,111,93.27731092436974,0.06722689075630252,8,Boeing,8,1990-05
1964,Qtr 2,May,11,Philippines,Boeing C 135B62,Papanga Philippines,Force Air U.S. - Military,1,84,5,May,1964-05-11,79,5,5.952380952380952,0.9404761904761905,80,Boeing,80,1964-05
1976,Qtr 2,May,5,Philippines,Britten Norman BN,Camuigan Philippines,Aerotransport Philippine,0,10,5,May,1976-05-05,4,6,60.0,0.4,4,Britten,4,1976-05
1970,Qtr 2,May,9,Philippines,Fokker F 27 Friendship 100PI,Iligan Philippines,Lines Air Philippine,0,33,5,May,1970-05-09,1,32,96.96969696969697,0.030303030303030304,1,Fokker,1,1970-05
1923,Qtr 2,May,14,Picrdie,Farman F 60 GoliathF,Near Amiens Picrdie,France Grands Express Aeriens (Air Union),0,6,5,May,1923-05-14,6,0,0.0,1.0,6,Farman,6,1923-05
1987,Qtr 2,May,9,Poland,Ilyushin IL 62MSP,Warsaw Poland,Airlines Polish Lot,0,183,5,May,1987-05-09,183,0,0.0,1.0,183,Ilyushin,183,1987-05
1961,Qtr 2,May,30,Portugal,McDonnell Douglas DC 8,Near Lisbon Portugal,Airlines Dutch Royal KLM,0,61,5,May,1961-05-30,61,0,0.0,1.0,61,McDonnell Douglas,61,1961-05
1973,Qtr 2,May,29,Prov.,Douglas DC 3CF,Near Rimouski Prov.,Canada Quebec Air Gaspé,0,4,5,May,1973-05-29,4,0,0.0,1.0,4,Douglas,4,1973-05
1987,Qtr 2,May,8,Puerto,CASA 212 Aviocar 200N432CA,Mayaguez Puerto,Eagle RicoAmerican,0,6,5,May,1987-05-08,2,4,66.66666666666666,0.3333333333333333,2,CASA 212 Aviocar,2,1987-05
1947,Qtr 2,May,29,Queens,Douglas C 54BNC30046,La Guardia Airport Queens,New York United Air Lines,0,48,5,May,1947-05-29,43,5,10.416666666666668,0.8958333333333334,43,Douglas,43,1947-05
2005,Qtr 2,May,7,Queensland,Swearingen SA 227AC Metro IIIVH,Lockhart River Queensland,Australia Aero-Tropics,0,15,5,May,2005-05-07,15,0,0.0,1.0,15,Swearingen,15,2005-05
2006,Qtr 2,May,3,Russia,Airbus A320 211EK,Off Adler Russia,Armavia,0,113,5,May,2006-05-03,113,0,0.0,1.0,113,Airbus,113,2006-05
2001,Qtr 2,May,22,Russia,Antonov 12MGARA 12135,Near Myakotino Russia,Force Air Russian - Military,0,7,5,May,2001-05-22,7,0,0.0,1.0,7,Antonov,7,2001-05
2008,Qtr 2,May,26,Russia,Antonov AN 12RA,Near Chelyabinsk Russia,Airlines Moskovia,0,9,5,May,2008-05-26,9,0,0.0,1.0,9,Antonov,9,2008-05
1983,Qtr 2,May,6,Russia,Antonov AN 26?,Klyuchi Russia,Force Air Soviet - Military,0,37,5,May,1983-05-06,33,4,10.81081081081081,0.8918918918918919,33,Antonov,33,1983-05
1972,Qtr 2,May,16,Russia,Antonov An 2605,Svetlogorsk Russia,Navy Russian - Military,25,9,5,May,1972-05-16,9,0,0.0,1.0,34,Antonov,34,1972-05
1948,Qtr 2,May,22,Russia,Douglas C 47 CCCP,Khabarovsk Russia,Aeroflot,0,9,5,May,1948-05-22,8,1,11.11111111111111,0.8888888888888888,8,Douglas,8,1948-05
1947,Qtr 2,May,16,Russia,Douglas DC 47CCCP,Near Khabarovsk Russia,Aeroflot,0,22,5,May,1947-05-16,22,0,0.0,1.0,22,Douglas,22,1947-05
1949,Qtr 2,May,13,Russia,Ilyushin IL 12L1791,Near Novosibirsk Russia,Aeroflot,0,25,5,May,1949-05-13,25,0,0.0,1.0,25,Ilyushin,25,1949-05
1953,Qtr 2,May,27,Russia,Li 2 / Li,Goose Wade Russia,Aeroflot,0,20,5,May,1953-05-27,20,0,0.0,1.0,20,Li,20,1953-05
1962,Qtr 2,May,24,Russia,Li 2CCCP,Bitter Russia,Aeroflot,0,21,5,May,1962-05-24,20,1,4.761904761904762,0.9523809523809523,20,Li,20,1962-05
2019,Qtr 2,May,5,Russia,Sukhoi Superjet 100,Moscow Russia,Airlines International Russian Aeroflot,0,78,5,May,2019-05-05,41,37,47.43589743589743,0.5256410256410257,41,Sukhoi,41,2019-05
1935,Qtr 2,May,18,Russia,Tupolev ANT 20 / I,Near Moscow Russia,Eskadril'ya Gor'ky,2,50,5,May,1935-05-18,50,0,0.0,1.0,52,Tupolev,52,1935-05
1978,Qtr 2,May,19,Russia,Tupolev TU 154BCCCP,Pochinok Russia,Aeroflot,0,134,5,May,1978-05-19,4,130,97.01492537313433,0.029850746268656716,4,Tupolev,4,1978-05
2006,Qtr 2,May,14,Saskatchewan,Convair CV 580C,La Ronge Saskatchewan,Operations Air Northern Government Saskatchewan,0,3,5,May,2006-05-14,1,2,66.66666666666666,0.3333333333333333,1,Convair,1,2006-05
1979,Qtr 2,May,27,Senegal,de Havilland Canada DHC 5D Buffalo5T,Off Dakar Senegal,Force Air Mauritanian - Military,0,12,5,May,1979-05-27,12,0,0.0,1.0,12,de Havilland Canada,12,1979-05
1995,Qtr 2,May,29,Senegal,Piper PA 31,Off Mbour Senegal,Senegalair,0,10,5,May,1995-05-29,6,4,40.0,0.6,6,Piper,6,1995-05
1973,Qtr 2,May,18,Siberia,Tupolev TU 104ACCCP,Chita Siberia,USSRAeroflot,0,81,5,May,1973-05-18,81,0,0.0,1.0,81,Tupolev,81,1973-05
1972,Qtr 2,May,5,Sicily,McDonnell Douglas DC 8,Near Carini Sicily,Italy Alitalia,0,115,5,May,1972-05-05,115,0,0.0,1.0,115,McDonnell Douglas,115,1972-05
1970,Qtr 2,May,6,Somalia,Vickers 785D Viscount6O AAJ,Mogadishu Somalia,Airlines Somali,0,30,5,May,1970-05-06,5,25,83.33333333333334,0.16666666666666666,5,Vickers 785D,5,1970-05
1966,Qtr 2,May,4,South,Boeing CH47A (helicopter)64 13138,Near Di Linh South,Army U.S. - VietnamMilitary,0,20,5,May,1966-05-04,20,0,0.0,1.0,20,Boeing CH47A,20,1966-05
1972,Qtr 2,May,10,South,Boeing Vertol CH47A (helicopter)?,Near Gia Dinh South,Army U.S. - VietnamMilitary,0,34,5,May,1972-05-10,34,0,0.0,1.0,34,Boeing Vertol CH47A,34,1972-05
1969,Qtr 2,May,6,South,Boeing Vertol CH47A (helicopter)66 19029,Near Chon Thanh South,Army U.S. - VietnamMilitary,0,74,5,May,1969-05-06,30,44,59.45945945945946,0.40540540540540543,30,Boeing Vertol CH47A,30,1969-05
1950,Qtr 2,May,23,South,Curtiss C 46D44,Myrtle Beach South,Force Air U.S. - CarolinaMilitary,0,39,5,May,1950-05-23,39,0,0.0,1.0,39,Curtiss,39,1950-05
1948,Qtr 2,May,15,South,Douglas DC 3,Vrede South,Aviation AfricaMercury,0,13,5,May,1948-05-15,13,0,0.0,1.0,13,Douglas,13,1948-05
1976,Qtr 2,May,9,Spain,Boeing B 747,Near Cuneca Spain,Force Air Iranian Imperial - Military,0,17,5,May,1976-05-09,17,0,0.0,1.0,17,Boeing,17,1976-05
1959,Qtr 2,May,2,Spain,Douglas DC 3OE,Mallorca Spain,Austria-Flugdienst,0,5,5,May,1959-05-02,5,0,0.0,1.0,5,Douglas,5,1959-05
1948,Qtr 2,May,25,Spain,Handley Page Halifax C 8G,Albacete Spain,Airways Alpha,1,4,5,May,1948-05-25,4,0,0.0,1.0,5,Handley Page Halifax,5,1948-05
1933,Qtr 2,May,9,Spain,Latecoere 28 1F,Near Viladrau Spain,Company Tecoere La - Aeropostale,0,6,5,May,1933-05-09,6,0,0.0,1.0,6,Latecoere,6,1933-05
1964,Qtr 2,May,11,Spain,Lockheed P 2E Neptune131481,Off Rota Spain,Navy Air US - Military,0,10,5,May,1964-05-11,10,0,0.0,1.0,10,Lockheed,10,1964-05
1986,Qtr 2,May,3,Sri,Lockheed L 1011,Colombo Sri,Lanka LankaAir,0,150,5,May,1986-05-03,22,128,85.33333333333334,0.14666666666666667,22,Lockheed,22,1986-05
2004,Qtr 2,May,11,Sudan,Antonov AN 12ST,Dalang Sudan,Aviation Magal El,0,7,5,May,2004-05-11,7,0,0.0,1.0,7,Antonov,7,2004-05
1996,Qtr 2,May,3,Sudan,Antonov AN 24ST,Near Haj Yousif Sudan,Airlines Federal,0,53,5,May,1996-05-03,53,0,0.0,1.0,53,Antonov,53,1996-05
1987,Qtr 2,May,5,Sudan,Cessna 404 Titan IIST AIJ,Malakal Sudan,Lines Air Sasco,0,14,5,May,1987-05-05,14,0,0.0,1.0,14,Cessna 404 Titan,14,1987-05
1960,Qtr 2,May,15,Sudan,Douglas DC 4,Jebel Marra Sudan,Balair,0,12,5,May,1960-05-15,12,0,0.0,1.0,12,Douglas,12,1960-05
2004,Qtr 2,May,6,Sudan,Let 410UVP9XR DC,Jiech Sudan,Cush Air - Charter,0,10,5,May,2004-05-06,6,4,40.0,0.6,6,Let,6,2004-05
2010,Qtr 2,May,15,Suriname,Antonv An 28PZ,Near Poeketi Suriname,Airlines Wings Blue,0,8,5,May,2010-05-15,8,0,0.0,1.0,8,Antonov,8,2010-05
1989,Qtr 2,May,8,Sweden,Beechcraft 99SE IZO,Oskarshamn Sweden,Air Holmstoem,0,16,5,May,1989-05-08,16,0,0.0,1.0,16,Beechcraft,16,1989-05
1986,Qtr 2,May,3,Taiwan,Bell UH 1H / Bell UH,Near Taipei Taiwan,Force Air China of Republic - Military,0,22,5,May,1986-05-03,22,0,0.0,1.0,22,Bell,22,1986-05
2002,Qtr 2,May,25,Taiwan,Boeing B 747,Off Penghu Island Taiwan,(Taiwan) Airlines China,0,225,5,May,2002-05-25,225,0,0.0,1.0,225,Boeing,225,2002-05
1985,Qtr 2,May,31,Tennessee,Grumman G 159 Gulfstream IN181TG,Nashville Tennessee,Inc. Aviation General,0,2,5,May,1985-05-31,2,0,0.0,1.0,2,Grumman,2,1985-05
1953,Qtr 2,May,17,Texas,Douglas DC 3N28345,Near Marshall Texas,Lines Air Delta,0,20,5,May,1953-05-17,19,1,5.0,0.95,19,Douglas,19,1953-05
1968,Qtr 2,May,3,Texas,Lockheed L188A ElectraN9707C,Near Dawson Texas,Airlines Braniff,0,85,5,May,1968-05-03,85,0,0.0,1.0,85,Lockheed 18,85,1968-05
1972,Qtr 2,May,30,Texas,McDonnell Douglas DC 9,Dallas/Ft. Worth Texas,Lines Air Delta,0,4,5,May,1972-05-30,4,0,0.0,1.0,4,McDonnell Douglas,4,1972-05
1991,Qtr 2,May,26,Thailand,Boeing B 767,Near Ban Nong Rong Thailand,Air Lauda,0,223,5,May,1991-05-26,223,0,0.0,1.0,223,Boeing,223,1991-05
1983,Qtr 2,May,5,Thailand,Fairchild C 123KL4K,Near Ban Ta Khli Thailand,Force Air Thai Royal - Military,0,30,5,May,1983-05-05,30,0,0.0,1.0,30,Fairchild,30,1983-05
1975,Qtr 2,May,13,Thailand,Sikorsky CH 53C (helicopter)68,Near Sakon Nakhon Thailand,Force Air U.S. - Military,0,23,5,May,1975-05-13,23,0,0.0,1.0,23,Sikorsky,23,1975-05
2002,Qtr 2,May,7,Tunisia,Boeing B 737,Near Tunis Tunisia,Egypt,0,62,5,May,2002-05-07,14,48,77.41935483870968,0.22580645161290322,14,Boeing,14,2002-05
2001,Qtr 2,May,16,Turkey,CASA CN 235M,Malatya Turkey,Force Air Turkish - Military,0,34,5,May,2001-05-16,34,0,0.0,1.0,34,CASA,34,2001-05
2003,Qtr 2,May,26,Turkey,Yakovlev 42DUR 42352,Near Macka Turkey,Airlines Ukranian-Mediterranean,0,75,5,May,2003-05-26,75,0,0.0,1.0,75,Yakovlev,75,2003-05
1972,Qtr 2,May,18,Ukraine,Antonov AN 10ACCCP,Near Kharkov Ukraine,USSRAeroflot,0,122,5,May,1972-05-18,122,0,0.0,1.0,122,Antonov,122,1972-05
1976,Qtr 2,May,15,Ukraine,Antonov AN 24CCCP,Chernigov Ukraine,USSRAeroflot,0,52,5,May,1976-05-15,52,0,0.0,1.0,52,Antonov,52,1976-05
1985,Qtr 2,May,3,Ukraine,Tupolev TU 134A / Antonov An,Near L'vov Ukraine,USSRAeroflot / Soviet Air Force,0,76,5,May,1985-05-03,76,0,0.0,1.0,76,Tupolev,76,1985-05
1974,Qtr 2,May,23,Ukraine,Yakovlev YAK 40CCCP,Kiev Ukraine,USSRAeroflot,0,29,5,May,1974-05-23,29,0,0.0,1.0,29,Yakovlev,29,1974-05
1996,Qtr 2,May,19,United,Britten Norman BN,Griesta United,KingdomLoganair,0,3,5,May,1996-05-19,3,0,0.0,1.0,3,Britten,3,1996-05
1970,Qtr 2,May,2,Unknown,McDonnell Douglas DC 9,Near St. Croix US,Airlines IslandsAntillean Virgin,0,63,5,May,1970-05-02,23,40,63.49206349206349,0.36507936507936506,23,McDonnell Douglas,23,1970-05
1973,Qtr 2,May,11,USSRAeroflot,Ilyushin IL 18BSSR,Near Semipalatinsk USSRAeroflot,Unknown Operator,0,61,5,May,1973-05-11,61,0,0.0,1.0,61,Ilyushin,61,1973-05
1991,Qtr 2,May,23,USSRAeroflot,Tupolev TU 154B,Leningrad USSRAeroflot,Unknown Operator,0,181,5,May,1991-05-23,13,168,92.81767955801105,0.0718232044198895,13,Tupolev,13,1991-05
1972,Qtr 2,May,4,USSRAeroflot,Yakovlev YAK 40CCCP,Bratsk USSRAeroflot,Unknown Operator,0,18,5,May,1972-05-04,18,0,0.0,1.0,18,Yakovlev,18,1972-05
1942,Qtr 2,May,1,Utah,Douglas DST A,Salt Lake City Utah,Lines Air United,0,17,5,May,1942-05-01,17,0,0.0,1.0,17,Douglas,17,1942-05
1999,Qtr 2,May,8,Vanuatu,de Havilland Canada DHC 6 Twin Otter 300YJ,Off Port Vila Vanuatu,Vanair,0,12,5,May,1999-05-08,7,5,41.66666666666667,0.5833333333333334,7,de Havilland Canada,7,1999-05
1985,Qtr 2,May,28,Venezuela,Convair CV 580YV,Cabimas Venezuela,Avensa,0,13,5,May,1985-05-28,2,11,84.61538461538461,0.15384615384615385,2,Convair,2,1985-05
1955,Qtr 2,May,21,Venezuela,Douglas C 47,Off Barcelona Venezuela,Venezolana Aeropostal Linea,0,16,5,May,1955-05-21,4,12,75.0,0.25,4,Douglas,4,1955-05
2009,Qtr 2,May,3,Venezuela,Mi 35EV08114,Near El Alto de Rubio Venezuela,Army Venezuelan - Military,0,18,5,May,2009-05-03,18,0,0.0,1.0,18,Mil,18,2009-05
1968,Qtr 2,May,12,Vietnam,Lockheed C 130B Hercules60,Kham Duc Vietnam,Force Air U.S. - Military,0,155,5,May,1968-05-12,155,0,0.0,1.0,155,Lockheed,155,1968-05
1971,Qtr 2,May,28,Virginia,Aero Commander 680EN601JJ,Roanoke Virginia,Private,0,6,5,May,1971-05-28,6,0,0.0,1.0,6,Aero Commander,6,1971-05
1946,Qtr 2,May,16,Virginia,Douglas DC 3NC53218,Richmond Virginia,Transport Air Viking,0,27,5,May,1946-05-16,27,0,0.0,1.0,27,Douglas,27,1946-05
2008,Qtr 2,May,17,Washington,de Havilland Canada DHC 2 Mark I BeaverN5998Q,Stehekin Washington,Service Air Chelan,0,5,5,May,2008-05-17,2,3,60.0,0.4,2,de Havilland Canada,2,2008-05
1961,Qtr 2,May,24,Washington,Douglas C 124A,Near Tacoma Washington,Force Air U.S. - Military,0,22,5,May,1961-05-24,22,0,0.0,1.0,22,Douglas,22,1961-05
1953,Qtr 2,May,2,West,de Havilland DH106 Comet 1G ALYV,Near Jalalogori West,India Bengal British Overseas Airways,0,43,5,May,1953-05-02,43,0,0.0,1.0,43,de Havilland DH106 Comet,43,1953-05
1959,Qtr 2,May,12,West,Lockheed C 69 ConstellationN2735A,Charleston West,Airlines VirginiaCapital,0,44,5,May,1959-05-12,2,42,95.45454545454545,0.045454545454545456,2,Lockheed,2,1959-05
1962,Qtr 2,May,22,West,Lockheed C121J131390,Near Markt Schwaben West,Navy U.S. - GermanyMilitary,0,26,5,May,1962-05-22,26,0,0.0,1.0,26,Lockheed,26,1962-05
2017,Qtr 2,May,5,West,Shorts 300 200N334AC,Charleston West,Carriers Cargo VirginiaAir,0,2,5,May,2017-05-05,2,0,0.0,1.0,2,Short,2,2017-05
1935,Qtr 2,May,27,Wyoming,Boeing 221NC725W,Glendo Wyoming,Service Air Wyoming,0,1,5,May,1935-05-27,1,0,0.0,1.0,1,Boeing,1,1935-05
1921,Qtr 2,May,17,Wyoming,De Havilland DH 4 De Havilland DH,Rock Springs Wyoming,Service Mail Aerial US,0,1,5,May,1921-05-17,1,0,0.0,1.0,1,De Havilland,1,1921-05
1982,Qtr 2,May,9,Yemen,de Havilland Canada DHC 7,Off Aden Yemen,Alyemda,0,49,5,May,1982-05-09,47,2,4.081632653061225,0.9591836734693877,47,de Havilland Canada,47,1982-05
1971,Qtr 2,May,23,Yugoslavia,Tupolev TU 134AYU,Near Rijeka Yugoslavia,(Yugoslavia) Aviogenex,0,83,5,May,1971-05-23,78,5,6.024096385542169,0.9397590361445783,78,Tupolev,78,1971-05
1977,Qtr 2,May,14,Zambia,Boeing 707 321CG,Near Lusaka Zambia,Cargo IAS,0,6,5,May,1977-05-14,6,0,0.0,1.0,6,Boeing,6,1977-05
2005,Qtr 2,May,18,Zambia,Yunshuji Y 12AF,Mongu Zambia,Force Air Zambia - Military,0,13,5,May,2005-05-18,13,0,0.0,1.0,13,Yunshuji,13,2005-05
1973,Qtr 4,November,3,Near Albuquerque,McDonnell Douglas DC 10,Near Albuquerque,Airlines MexicoNational New,0,128,11,November,1973-11-03,1,127,99.21875,0.0078125,1,McDonnell Douglas,1,1973-11
1963,Qtr 4,November,8,Aaland,Douglas DC 3OH,Mariehamn Aaland,Finland Island Finnair,0,24,11,November,1963-11-08,22,2,8.333333333333332,0.9166666666666666,22,Douglas,22,1963-11
1986,Qtr 4,November,25,Afghanistan,Ilyushin IL 18?,Near Sarowbi Afghanistan,Force Air Republican Afghan - Military,0,40,11,November,1986-11-25,40,0,0.0,1.0,40,Ilyushin,40,1986-11
2004,Qtr 4,November,27,Afghanstan,CASA 212 CCN960BW,Near Bagram Afghanstan,Taxi Air - Inc. Airways Presidental,0,6,11,November,2004-11-27,6,0,0.0,1.0,6,CASA,6,2004-11
1985,Qtr 4,November,15,Alabama,Convair CV 34054,Dothan Alabama,Force Air U.S. - Military,0,4,11,November,1985-11-15,4,0,0.0,1.0,4,Convair,4,1985-11
1987,Qtr 4,November,23,Alaska,Beechcraft 1900CN401RA,Homer Alaska,Services Air Ryan,0,21,11,November,1987-11-23,18,3,14.285714285714285,0.8571428571428571,18,Beechcraft,18,1987-11
1997,Qtr 4,November,8,Alaska,Cessna 208B Caravan IN750GC,Near Barrow Alaska,Services Aviation Hageland,0,8,11,November,1997-11-08,8,0,0.0,1.0,8,Cessna 208B Caravan,8,1997-11
1978,Qtr 4,November,25,Alaska,de Havilland DHC 2N37906,Hydaburg Alaska,Airlines Tyee,0,5,11,November,1978-11-25,5,0,0.0,1.0,5,De Havilland,5,1978-11
1952,Qtr 4,November,22,Alaska,Douglas C 124A Globemaster51,Mount Gannett Alaska,Force Air U.S. - Military,0,52,11,November,1952-11-22,52,0,0.0,1.0,52,Douglas,52,1952-11
1947,Qtr 4,November,27,Alaska,Douglas DC 3CNC95486,Yakutat Alaska,Cargo Air Columbia,0,13,11,November,1947-11-27,13,0,0.0,1.0,13,Douglas,13,1947-11
1948,Qtr 4,November,4,Alaska,Douglas DC 3N66637,Cape Spencer Alaska,Freight Air Alaska Pacific,0,17,11,November,1948-11-04,17,0,0.0,1.0,17,Douglas,17,1948-11
1952,Qtr 4,November,15,Alaska,Fairchild C 119C51,Near Anchorage Alaska,Force Air U.S. - Military,0,20,11,November,1952-11-15,20,0,0.0,1.0,20,Fairchild,20,1952-11
1952,Qtr 4,November,7,Alaska,Fairchild C 119C51,Near Summit Alaska,Force Air U.S. - Military,0,19,11,November,1952-11-07,19,0,0.0,1.0,19,Fairchild,19,1952-11
1970,Qtr 4,November,27,Alaska,McDonnell Douglas DC 8,Anchorage Alaska,Airlines Capitol,0,229,11,November,1970-11-27,47,182,79.47598253275109,0.2052401746724891,47,McDonnell Douglas,47,1970-11
1938,Qtr 4,November,14,Amsterdam,Douglas DC 3PH,Schiphol Amsterdam,Airlines Dutch Royal KLM,0,19,11,November,1938-11-14,6,13,68.42105263157895,0.3157894736842105,6,Douglas,6,1938-11
1985,Qtr 4,November,25,Angola,Antonov AN 26CCCP,Near Luassingua Angola,Force Air Angolan - Military,0,22,11,November,1985-11-25,22,0,0.0,1.0,22,Antonov,22,1985-11
1982,Qtr 4,November,29,Angola,Antonov AN 26D2,Lubango Angola,Airlines Angola TAAG,0,15,11,November,1982-11-29,15,0,0.0,1.0,15,Antonov,15,1982-11
2000,Qtr 4,November,15,Angola,Antonov AN 26D2,Near Luanda Angola,Pesada Asa,0,57,11,November,2000-11-15,57,0,0.0,1.0,57,Antonov,57,2000-11
1989,Qtr 4,November,27,Angola,Lockheed L 100,Near Jamba Angola,Aviation Tepper,0,5,11,November,1989-11-27,5,0,0.0,1.0,5,Lockheed,5,1989-11
1994,Qtr 4,November,25,Angola,Mil Mi 17 (helicopter)H584,Near Cuito Angola,Force Air Angolan - Military,0,22,11,November,1994-11-25,22,0,0.0,1.0,22,Mil,22,1994-11
1977,Qtr 4,November,21,Argentina,BAC One Eleven 420ELLV,Near Bariloche Argentina,(Argentina) Aeras Lineas Austral,0,79,11,November,1977-11-21,46,33,41.77215189873418,0.5822784810126582,46,BAC,46,1977-11
1995,Qtr 4,November,9,Argentina,Fokker F 27 Friendship 500TC,Near Luyaba Argentina,Force Air Argentine - Military,0,53,11,November,1995-11-09,53,0,0.0,1.0,53,Fokker,53,1995-11
1946,Qtr 4,November,30,Argentina,Vickers 620 Viking 1T 1,El Palomar Argentina,Argentina Aérea Fuerza,0,18,11,November,1946-11-30,5,13,72.22222222222221,0.2777777777777778,5,Vickers 620 Viking,5,1946-11
1932,Qtr 4,November,25,Arkansas,Travel Air 6000 NC369M,Marianna Arkansas,Airways Hunter,0,2,11,November,1932-11-25,2,0,0.0,1.0,2,Travel Air 6000,2,1932-11
1934,Qtr 4,November,2,Australia,De Havilland DH 61VH,Kiapit Australia,Service Transport Air Holdens,0,4,11,November,1934-11-02,2,2,50.0,0.5,2,De Havilland,2,1934-11
1934,Qtr 4,November,15,Australia,de Havilland DH 86VH,Near Longreach Australia,Qantas,0,4,11,November,1934-11-15,4,0,0.0,1.0,4,De Havilland,4,1934-11
1948,Qtr 4,November,8,Australia,Douglas DC 3VH,Mt. Macedon Australia,Airways National Australian,0,23,11,November,1948-11-08,3,20,86.95652173913044,0.13043478260869565,3,Douglas,3,1948-11
2003,Qtr 4,November,8,Australia,Robertson R44 helicopterVH YKL,200 miles NE of Derby Australia,Taxi Air - Ltd. Pty WA Heliwork,0,4,11,November,2003-11-08,4,0,0.0,1.0,4,Robertson R44,4,2003-11
1995,Qtr 4,November,30,Azerbaijan,Boeing 707 323C4K,Baku Azerbaijan,Airlines Azerbaijan,0,6,11,November,1995-11-30,2,4,66.66666666666666,0.3333333333333333,2,Boeing,2,1995-11
2009,Qtr 4,November,29,Unknown,de Havilland Canada DHC 2 Beaver MK,Lyall Harbour BC,Canada Seair Seaplanes,0,8,11,November,2009-11-29,6,2,25.0,0.75,6,de Havilland Canada,6,2009-11
1937,Qtr 4,November,16,Belgium,Junkers JU 52/3mOO,Ostende Belgium,Sabena,0,11,11,November,1937-11-16,11,0,0.0,1.0,11,Junkers,11,1937-11
1950,Qtr 4,November,25,Bhutan,Douglas C 47AVT,Khitka Bhutan,Indamer,0,3,11,November,1950-11-25,3,0,0.0,1.0,3,Douglas,3,1950-11
1953,Qtr 4,November,3,Bolivia,Douglas DC 3CP,Tarabuco Bolivia,Boliviano Aereo Lloyd,0,28,11,November,1953-11-03,28,0,0.0,1.0,28,Douglas,28,1953-11
1958,Qtr 4,November,8,Bolivia,Douglas DC 3TAM,La Paz Bolivia,(Bolivia) TAM,0,3,11,November,1958-11-08,3,0,0.0,1.0,3,Douglas,3,1958-11
1940,Qtr 4,November,4,Bolivia,Junkers Ju 52/3mCB,Near Rincon Bolivia,SA Boliviano Aero Lloyd,0,17,11,November,1940-11-04,17,0,0.0,1.0,17,Junkers,17,1940-11
2013,Qtr 4,November,3,Bolivia,Swearingen SA227 AC Metro IIICP,Riberalta Bolivia,Aerocon,0,18,11,November,2013-11-03,8,10,55.55555555555556,0.4444444444444444,8,Swearingen,8,2013-11
1961,Qtr 4,November,23,Brazil,de Havilland Comet 4LV AHR,Campinas Brazil,Argentinas Aerolineas,0,52,11,November,1961-11-23,52,0,0.0,1.0,52,de Havilland Comet,52,1961-11
1961,Qtr 4,November,1,Brazil,Douglas DC 7CPP,Near Recife Brazil,Brasil do Panair,0,88,11,November,1961-11-01,45,43,48.86363636363637,0.5113636363636364,45,Douglas,45,1961-11
1991,Qtr 4,November,29,Brazil,Embraer C 95C BandeiranteFAB2333,Guaratingueta AB Brazil,Brasileira Aérea Força - Military,0,16,11,November,1991-11-29,16,0,0.0,1.0,16,Embraer,16,1991-11
1991,Qtr 4,November,11,Brazil,Embraer 110P1 BandeirantePT SCU,Recife Brazil,Aereas Linhas Nordeste,2,15,11,November,1991-11-11,15,0,0.0,1.0,17,Embraer 110P1,17,1991-11
1967,Qtr 4,November,3,Brazil,Handley Page HPR 7 Herald 214PP,Near Curitiba Brazil,Sadia,0,25,11,November,1967-11-03,21,4,16.0,0.84,21,Handley Page,21,1967-11
1930,Qtr 4,November,7,Brazil,Junkers G 24P,Off of Santos Brazil,Condor Syndicato,0,9,11,November,1930-11-07,1,8,88.88888888888889,0.1111111111111111,1,Junkers,1,1930-11
1940,Qtr 4,November,8,Brazil,Junkers Ju53/2mPP SPF,Rio de Janeiro Brazil,VASP,0,18,11,November,1940-11-08,18,0,0.0,1.0,18,Junkers,18,1940-11
1935,Qtr 4,November,2,Brazil,Latécoère 28 1F,Off Nhambupe Brazil,France Air,0,4,11,November,1935-11-02,4,0,0.0,1.0,4,Latécoère,4,1935-11
1962,Qtr 4,November,26,Brazil,Saab Scandia / Cessna 310PP SRA,Paraibuna Brazil,Private / VASP,0,26,11,November,1962-11-26,26,0,0.0,1.0,26,Saab Scandia / Cessna,26,1962-11
2008,Qtr 4,November,16,British,Grumman G 21A GooseC,Thormanby Island British,Canada Columbia Pacific Coastal Airlines,0,8,11,November,2008-11-16,7,1,12.5,0.875,7,Grumman,7,2008-11
1975,Qtr 4,November,22,Bulgaria,Antonov AN 24BLZ,Sofia Bulgaria,Airlines Bulgarian Balkan,0,48,11,November,1975-11-22,3,45,93.75,0.0625,3,Antonov,3,1975-11
1972,Qtr 4,November,4,Bulgaria,Ilyushin IL 14PLZ,Near Plovdiv Bulgaria,Airlines Bulgarian Balkan,0,35,11,November,1972-11-04,35,0,0.0,1.0,35,Ilyushin,35,1972-11
1994,Qtr 4,November,16,California,Beechcraft C99N63995,Avenal California,Ameriflight,0,1,11,November,1994-11-16,1,0,0.0,1.0,1,Beechcraft,1,1994-11
1991,Qtr 4,November,20,California,Bell 206BN5011K,Davis California,Inc. Helicopters Airis - Taxi Air,0,3,11,November,1991-11-20,3,0,0.0,1.0,3,Bell,3,1991-11
1930,Qtr 4,November,18,California,Boeing 40NC5340,Techachapi Mountains California,Transport Air Pacific,0,3,11,November,1930-11-18,3,0,0.0,1.0,3,Boeing,3,1930-11
1955,Qtr 4,November,30,California,Boeing RB 52B52,Near Ballico California,Force Air U.S. - Military,0,10,11,November,1955-11-30,10,0,0.0,1.0,10,Boeing,10,1955-11
1968,Qtr 4,November,23,California,de Havilland Canada DHC 6 Twin Otter 200N7666,Santa Ana California,Commuter Cable,0,9,11,November,1968-11-23,9,0,0.0,1.0,9,de Havilland Canada,9,1968-11
1946,Qtr 4,November,13,California,Douglas C 53D,Lebec California,Airlines Western,0,11,11,November,1946-11-13,11,0,0.0,1.0,11,Douglas,11,1946-11
1944,Qtr 4,November,4,California,Douglas DC 3NC28310,Hanford California,Air Western and Continental Trans,0,24,11,November,1944-11-04,24,0,0.0,1.0,24,Douglas,24,1944-11
1938,Qtr 4,November,29,California,Douglas DC 3 A,Off Point Reyes California,Lines Air United,0,7,11,November,1938-11-29,5,2,28.57142857142857,0.7142857142857143,5,Douglas,5,1938-11
1965,Qtr 4,November,14,California,Learjet 23N243F,Near Palm Springs California,Inc. Service Flying Kelly Paul,0,8,11,November,1965-11-14,8,0,0.0,1.0,8,Learjet,8,1965-11
1968,Qtr 4,November,22,California,McDonnell Douglas DC 8,Off San Francisco California,Lines Air Japan,0,107,11,November,1968-11-22,0,107,100.0,0.0,0,McDonnell Douglas,0,1968-11
1996,Qtr 4,November,22,CAMilitary,Lockheed HC 130P Hercules64,Off Cape Mendocino CAMilitary,Force Air U.S. -,0,11,11,November,1996-11-22,10,1,9.090909090909092,0.9090909090909091,10,Lockheed,10,1996-11
1983,Qtr 4,November,23,Canada,de Havilland Canada DHC 6 Twin Otter 300C,Landsdowne House Canada,Airways Austin,0,7,11,November,1983-11-23,4,3,42.857142857142854,0.5714285714285714,4,de Havilland Canada,4,1983-11
1993,Qtr 4,November,10,Canada,Hawker Siddeley HS 748,Sandy Lake Canada,Manitoba Air,0,7,11,November,1993-11-10,7,0,0.0,1.0,7,Hawker Siddeley,7,1993-11
1963,Qtr 4,November,29,Canada,McDonnell Douglas DC 8F,Ste. Therese de Blainville Canada,Lines Air Canada Trans,0,118,11,November,1963-11-29,118,0,0.0,1.0,118,McDonnell Douglas,118,1963-11
1952,Qtr 4,November,6,Chad,Douglas C 54B,Lake Chad Chad,Transport de Aeromaritime Union,0,6,11,November,1952-11-06,5,1,16.666666666666664,0.8333333333333334,5,Douglas,5,1952-11
1992,Qtr 4,November,24,China,Boeing B 737,Near Guilin China,Airlines Southern China,0,141,11,November,1992-11-24,141,0,0.0,1.0,141,Boeing,141,1992-11
1967,Qtr 4,November,5,China,Convair CV 880,Hong Kong China,Airways Pacific Cathay,0,127,11,November,1967-11-05,1,126,99.21259842519686,0.007874015748031496,1,Convair,1,1967-11
1944,Qtr 4,November,30,China,Douglas C 4756,Dinjan China,Corporation Aviation National China,0,3,11,November,1944-11-30,3,0,0.0,1.0,3,Douglas,3,1944-11
1943,Qtr 4,November,19,China,Douglas C 4763,Kunming China,Corporation Aviation National China,0,3,11,November,1943-11-19,3,0,0.0,1.0,3,Douglas,3,1943-11
1943,Qtr 4,November,19,China,Douglas C 5359,Kunming China,Corporation Aviation National China,0,3,11,November,1943-11-19,2,1,33.33333333333333,0.6666666666666666,2,Douglas,2,1943-11
2009,Qtr 4,November,28,China,McDonnell Douglas MD 11FZ,Shanghai China,Aviation Avient,0,7,11,November,2009-11-28,3,4,57.14285714285714,0.42857142857142855,3,McDonnell Douglas,3,2009-11
1993,Qtr 4,November,13,China,McDonnell Douglas MD 82B,Urumqi China,Airlines Northern China,0,102,11,November,1993-11-13,12,90,88.23529411764706,0.11764705882352941,12,McDonnell Douglas,12,1993-11
1931,Qtr 4,November,24,China,Stinson?,Near Tsinan China,Corporation Aviation National China,0,3,11,November,1931-11-24,3,0,0.0,1.0,3,Stinson?,3,1931-11
1933,Qtr 4,November,20,China,Stinson?,Near Tsinan China,Corporation Aviation National China,0,8,11,November,1933-11-20,8,0,0.0,1.0,8,Stinson?,8,1933-11
2016,Qtr 4,November,28,Colombia,Avro RJ 85CP,Near La Union Colombia,Bolivia LAMIA,0,77,11,November,2016-11-28,71,6,7.792207792207792,0.922077922077922,71,Avro,71,2016-11
2006,Qtr 4,November,18,Colombia,Boeing 727 23FHK,Near Leticia Colombia,Colombia Aerosucre,0,5,11,November,2006-11-18,5,0,0.0,1.0,5,Boeing,5,2006-11
1989,Qtr 4,November,27,Colombia,Boeing B 727,Bogota Colombia,Avianca,3,107,11,November,1989-11-27,107,0,0.0,1.0,110,Boeing,110,1989-11
1990,Qtr 4,November,18,Colombia,CASA 212 Aviocar 200FAC 1150,Near Medellin Colombia,Satena,0,16,11,November,1990-11-18,16,0,0.0,1.0,16,CASA 212 Aviocar,16,1990-11
1966,Qtr 4,November,26,Colombia,Consolidated PBY 5A CatalinaFAC,Near La Pedrera Colombia,Satena,0,13,11,November,1966-11-26,12,1,7.6923076923076925,0.9230769230769231,12,Consolidated,12,1966-11
1996,Qtr 4,November,30,Colombia,de Havilland Canada DHC 6 Twin Otter 300HK,Medellin Colombia,Colombia ACES,0,15,11,November,1996-11-30,14,1,6.666666666666667,0.9333333333333333,14,de Havilland Canada,14,1996-11
1982,Qtr 4,November,29,Colombia,de Havilland Canada DHC 6 Twin Otter 310HK,Quetame Colombia,Colombia de Centrales Aerolineas,0,22,11,November,1982-11-29,22,0,0.0,1.0,22,de Havilland Canada,22,1982-11
1980,Qtr 4,November,24,Colombia,Douglas C 47A,Near Medellin Colombia,Ados de General Direccion la de F.R.,0,20,11,November,1980-11-24,20,0,0.0,1.0,20,Douglas,20,1980-11
1965,Qtr 4,November,8,Colombia,Douglas C 47DLHK,Near Boqueron Colombia,TAO Aerolineas,0,30,11,November,1965-11-08,30,0,0.0,1.0,30,Douglas,30,1965-11
1956,Qtr 4,November,17,Colombia,Douglas DC 3HK,El Rucio Mountain Colombia,Pacifico del Aviacion Empresa,0,36,11,November,1956-11-17,36,0,0.0,1.0,36,Douglas,36,1956-11
1949,Qtr 4,November,26,Colombia,Douglas DC 3HK,Near Bucaramanga Colombia,LANSA,0,12,11,November,1949-11-26,12,0,0.0,1.0,12,Douglas,12,1949-11
1979,Qtr 4,November,30,Colombia,Grumman G 21 GooseHK,San Andres Island Colombia,Gaviola La Aerolineas,0,9,11,November,1979-11-30,9,0,0.0,1.0,9,Grumman,9,1979-11
1973,Qtr 4,November,2,Colombia,Handley Page HPR 7 Herald 101HK,Villavicencio Colombia,Urraca La Aéreas Lineas,0,16,11,November,1973-11-02,6,10,62.5,0.375,6,Handley Page,6,1973-11
2022,Qtr 4,November,21,Colombia,Piper PA 31,Medellín Colombia,SAS Aero,0,8,11,November,2022-11-21,8,0,0.0,1.0,8,Piper,8,2022-11
1964,Qtr 4,November,3,Colorado,Beechcraft C45GN2849G,Branson Colorado,Aviati Mustang,0,5,11,November,1964-11-03,5,0,0.0,1.0,5,Beechcraft,5,1964-11
2004,Qtr 4,November,28,Colorado,Canadair CL 601,Montrose Colorado,Charter - Castle Air/Air Glow,0,6,11,November,2004-11-28,3,3,50.0,0.5,3,Canadair,3,2004-11
1958,Qtr 4,November,16,Colorado,Curtiss C 46FN1301N,Fort Collins Colorado,Airways Capitol,0,2,11,November,1958-11-16,2,0,0.0,1.0,2,Curtiss,2,1958-11
1955,Qtr 4,November,1,Colorado,Douglas DC 6BN37559,Longmont Colorado,Lines Air United,0,44,11,November,1955-11-01,44,0,0.0,1.0,44,Douglas,44,1955-11
1987,Qtr 4,November,15,Colorado,McDonnell Douglas DC 9,Denver Colorado,Airlines Continental,0,82,11,November,1987-11-15,28,54,65.85365853658537,0.34146341463414637,28,McDonnell Douglas,28,1987-11
1996,Qtr 4,November,23,Comoros,Boeing B 767,Off Mitsamiouli Comoros,Airlines Ethiopian,0,175,11,November,1996-11-23,127,48,27.42857142857143,0.7257142857142858,127,Boeing,127,1996-11
2003,Qtr 4,November,29,Congo,Antonov AN 269T,Boende Congo,Force Air Congolese - Military,13,24,11,November,2003-11-29,20,4,16.666666666666664,0.8333333333333334,33,Antonov,33,2003-11
2012,Qtr 4,November,30,Congo,Ilysushin Il 76TEK,Near Brazzaville Congo,Service Aero,25,7,11,November,2012-11-30,7,0,0.0,1.0,32,Ilyushin,32,2012-11
1995,Qtr 4,November,12,Connecticut,McDonnell Douglas MD 83N566AA,East Granby Connecticut,Airlines American,0,78,11,November,1995-11-12,0,78,100.0,0.0,0,McDonnell Douglas,0,1995-11
1965,Qtr 4,November,3,Costa,Douglas C 54TC,Off Puerto Lemon Costa,Force Air Argentine - RicaMilitary,0,68,11,November,1965-11-03,68,0,0.0,1.0,68,Douglas,68,1965-11
1946,Qtr 4,November,26,Costa,Douglas DC 3 (C,San Jose Costa,LACSA Costarricenses Aéreas RicaLineas,0,22,11,November,1946-11-26,22,0,0.0,1.0,22,Douglas,22,1946-11
1967,Qtr 4,November,20,Covington/Hebron,Convair CV 880,Cincinnati International Airport Covington/Hebron,Kentucky Trans World Airlines,0,82,11,November,1967-11-20,70,12,14.634146341463413,0.8536585365853658,70,Convair,70,1967-11
2010,Qtr 4,November,4,Cuba,ATR 72,Near Guasimal Cuba,Aerocaribbean,0,68,11,November,2010-11-04,68,0,0.0,1.0,68,ATR,68,2010-11
1958,Qtr 4,November,1,Cuba,Vickers Viscount 755DCU T603,Nipe Bay Cuba,Aviacion de Cubana,0,20,11,November,1958-11-01,17,3,15.0,0.85,17,Vickers Viscount,17,1958-11
1966,Qtr 4,November,24,Czechoslovakia,Ilyushin IL 18BLZ,Near Bratislava Czechoslovakia,Obshchestvo Bulgaro-Soviet Aviatsionno Transportno,0,82,11,November,1966-11-24,82,0,0.0,1.0,82,Ilyushin,82,1966-11
1954,Qtr 4,November,16,Unknown,Douglas DC 3FAP,Jirishanga de,Peru Pasco TAM (Brazil),0,24,11,November,1954-11-16,24,0,0.0,1.0,24,Douglas,24,1954-11
1947,Qtr 4,November,18,Delaware,Lockheed L 049,Newcastle Delaware,Air Western and Continental Trans,0,5,11,November,1947-11-18,5,0,0.0,1.0,5,Lockheed,5,1947-11
2000,Qtr 4,November,7,Democratic,Antonov 32BER AFA,Luabo Democratic,Aviation CongoMalu Republic,0,11,11,November,2000-11-07,2,9,81.81818181818183,0.18181818181818182,2,Antonov,2,2000-11
2019,Qtr 4,November,24,Democratic,Dornier 228 2019S,Goma Democratic,Congo Bee CongoBusy of Republic,7,19,11,November,2019-11-24,19,0,0.0,1.0,26,Dornier,26,2019-11
1964,Qtr 4,November,29,Democratic,Douglas DC 4OO,Leopoldville Democratic,(BIAS)? Congo CongoAir the of Republic,0,14,11,November,1964-11-29,6,8,57.14285714285714,0.42857142857142855,6,Douglas,6,1964-11
1992,Qtr 4,November,15,Dominican,Ilyushin IL 18DCU,Near Porto Plata Dominican,Charter - RepublicAerocaribbean,0,34,11,November,1992-11-15,34,0,0.0,1.0,34,Ilyushin,34,1992-11
1929,Qtr 4,November,20,East,Savoia Marchetti S55I TACO,Terranova Pausania East,Mediterranea Aerea Società SardiniaS.A.M.,0,12,11,November,1929-11-20,1,11,91.66666666666666,0.08333333333333333,1,Savoia Marchetti,1,1929-11
1960,Qtr 4,November,7,Ecuador,Fairchild F 27AHC,Near Quito Ecuador,AREA,0,37,11,November,1960-11-07,37,0,0.0,1.0,37,Fairchild,37,1960-11
1978,Qtr 4,November,5,Egypt,Douglas DC 3SU,Off Alexandria Egypt,Services Air Delta Nile,0,18,11,November,1978-11-05,18,0,0.0,1.0,18,Douglas,18,1978-11
1951,Qtr 4,November,19,Egypt,Douglas DC 3TC,Cairo Egypt,Yollari Hava Devlet,0,5,11,November,1951-11-19,5,0,0.0,1.0,5,Douglas,5,1951-11
1975,Qtr 4,November,25,Egypt,Lockheed C 130 Hercules011,Near Bir Lahfan Egypt,Force Air Israel - Military,0,20,11,November,1975-11-25,20,0,0.0,1.0,20,Lockheed,20,1975-11
1980,Qtr 4,November,12,Egypt,Lockheed C 141A67,Near Cairo Egypt,Force Air U.S. - Military,0,13,11,November,1980-11-12,13,0,0.0,1.0,13,Lockheed,13,1980-11
1939,Qtr 4,November,20,England,Airspeed OxfordG AFFM,Gosport England,Airways British,0,2,11,November,1939-11-20,2,0,0.0,1.0,2,Airspeed,2,1939-11
1948,Qtr 4,November,3,England,Boeing B 29A Superfortress44,Near Glossop England,Force Air U.S. - Military,0,13,11,November,1948-11-03,13,0,0.0,1.0,13,Boeing,13,1948-11
1957,Qtr 4,November,6,England,Bristol Britannia 175G ANCA,Bristol England,Co. Aeroplane Bristol,0,15,11,November,1957-11-06,15,0,0.0,1.0,15,Bristol Britannia,15,1957-11
1945,Qtr 4,November,22,England,Consolidated LB 30A LiberatorKH126,White's Farm England,Force Air -Royal Military,0,27,11,November,1945-11-22,27,0,0.0,1.0,27,Consolidated,27,1945-11
1948,Qtr 4,November,11,England,de Havilland DH 89A Dragon RapideG,Liverpool England,Airways Mannin,0,8,11,November,1948-11-11,7,1,12.5,0.875,7,De Havilland,7,1948-11
1944,Qtr 4,November,19,England,Douglas C 47A,Lewes England,Forces Air Army U.S. - Military,0,30,11,November,1944-11-19,25,5,16.666666666666664,0.8333333333333334,25,Douglas,25,1944-11
1936,Qtr 4,November,19,England,Fokker F XIIG,London England,Airways British,0,4,11,November,1936-11-19,2,2,50.0,0.5,2,Fokker,2,1936-11
1956,Qtr 4,November,5,England,Handley Page HP 1 HermesG,Blackbushe England,Britavia,0,80,11,November,1956-11-05,7,73,91.25,0.0875,7,Handley Page,7,1956-11
1938,Qtr 4,November,2,England,Lockheed 14 ElectraCF TCL,Somerset England,Airways British,0,2,11,November,1938-11-02,2,0,0.0,1.0,2,Lockheed 18,2,1938-11
1975,Qtr 4,November,29,England,Piper PA 23,Hertfordshire England,Private,0,6,11,November,1975-11-29,6,0,0.0,1.0,6,Piper,6,1975-11
1957,Qtr 4,November,15,England,Short Solent 3 (flying boat)G AKNU,Chessell Down England,Airways Aquilla,0,58,11,November,1957-11-15,43,15,25.862068965517242,0.7413793103448276,43,Short Solent 3 (flying,43,1957-11
1916,Qtr 4,November,28,England,Zeppelin L 34 (airship)?,Off West Hartlepool England,Navy German - Military,0,20,11,November,1916-11-28,20,0,0.0,1.0,20,Zeppelin,20,1916-11
2001,Qtr 4,November,23,Estonia,Antonov AN 28ES,Palade Estonia,Eminex) from (leased Co. Aviation ELK,0,17,11,November,2001-11-23,2,15,88.23529411764706,0.11764705882352941,2,Antonov,2,2001-11
1974,Qtr 4,November,20,Ethiopia,Douglas DC 3ET,Soddu Ethiopia,Airlines Ethiopian,0,24,11,November,1974-11-20,2,22,91.66666666666666,0.08333333333333333,2,Douglas,2,1974-11
1988,Qtr 4,November,14,Finland,Embraer 110P1 BandeiranteOH EBA,Ilmajoki Finland,Wings Wasa,0,12,11,November,1988-11-14,6,6,50.0,0.5,6,Embraer 110P1,6,1988-11
2000,Qtr 4,November,20,Florida,Airbus A300 600RN14056,Miami Florida,Airlines American,0,114,11,November,2000-11-20,1,113,99.12280701754386,0.008771929824561403,1,Airbus,1,2000-11
1944,Qtr 4,November,6,Florida,Douglas C 47 Skytrain (DC,Jacksonville Florida,Navy US - Military,0,17,11,November,1944-11-06,17,0,0.0,1.0,17,Douglas,17,1944-11
1946,Qtr 4,November,1,France,AAC 1 ToucanF,St Leger-la-Montagne France,Roussillon Languedoc CTA,0,27,11,November,1946-11-01,23,4,14.814814814814813,0.8518518518518519,23,AAC,23,1946-11
2008,Qtr 4,November,27,France,Airbus A320 232D,Off Perpignan France,Zealand New Air from leased Airways XL,0,7,11,November,2008-11-27,7,0,0.0,1.0,7,Airbus,7,2008-11
1924,Qtr 4,November,6,France,Breguet 14F AFBD,Cabrerolles France,Aeriens Express Grands,0,1,11,November,1924-11-06,1,0,0.0,1.0,1,Breguet,1,1924-11
1996,Qtr 4,November,7,France,Cessna 421C Golden EagleHB LRX,Aubusson France,S.A. Jetcom,0,8,11,November,1996-11-07,8,0,0.0,1.0,8,Cessna 421C Golden,8,1996-11
1950,Qtr 4,November,13,France,Douglas C 54B,Mt. Tete de L'Obiou France,(Canada) Ltd. Services Flying Curtiss-Reid,0,58,11,November,1950-11-13,58,0,0.0,1.0,58,Douglas,58,1950-11
1949,Qtr 4,November,29,France,Douglas DC 4F,Chaleyssin France,France Air,0,38,11,November,1949-11-29,5,33,86.8421052631579,0.13157894736842105,5,Douglas,5,1949-11
1956,Qtr 4,November,24,France,Douglas DC 6BI,Paris France,Italiane Aeree Linee,8,35,11,November,1956-11-24,34,1,2.857142857142857,0.9714285714285714,42,Douglas,42,1956-11
1951,Qtr 4,November,13,France,Fairchild C 82 Packet45,Puy-de-Dôme France,Force Air S. U. - Military,0,36,11,November,1951-11-13,36,0,0.0,1.0,36,Fairchild,36,1951-11
1927,Qtr 4,November,8,France,Farman F 121 JabiruF,Strasburg France,CIDNA,0,1,11,November,1927-11-08,1,0,0.0,1.0,1,Farman,1,1927-11
1925,Qtr 4,November,14,France,Farman F 60 GoliathF,Off Boulogne-sur-Mer France,Union Air,0,2,11,November,1925-11-14,2,0,0.0,1.0,2,Farman,2,1925-11
1962,Qtr 4,November,23,France,Ilyushin IL 18DHA,Le Bourget France,Airlines Hungarian Malev,0,21,11,November,1962-11-23,21,0,0.0,1.0,21,Ilyushin,21,1962-11
1947,Qtr 4,November,13,France,Junkers Ju 52/3mF,Near Bouchox France,Aérienne Navigation de Auxiliare Société,0,2,11,November,1947-11-13,2,0,0.0,1.0,2,Junkers,2,1947-11
1935,Qtr 4,November,11,France,Latecoere 28F AJPB,Istres France,France Air,0,3,11,November,1935-11-11,3,0,0.0,1.0,3,Latecoere,3,1935-11
1929,Qtr 4,November,16,France,Liore et Olivier 190F AIGB,Off Corsica France,Union Air,0,3,11,November,1929-11-16,3,0,0.0,1.0,3,Liore et Olivier,3,1929-11
1950,Qtr 4,November,3,France,Lockheed 749 ConstellationVT CQP,Mont Blanc France,India Air,0,48,11,November,1950-11-03,48,0,0.0,1.0,48,Lockheed,48,1950-11
1977,Qtr 4,November,26,France,Nord 2501 Noratlas182,Near Beziers France,Force Air French - Military,0,32,11,November,1977-11-26,32,0,0.0,1.0,32,Nord 2501,32,1977-11
1988,Qtr 4,November,18,France,Swearingen SA 226TC Metro IIF,Montluçon France,Littoral Air,0,4,11,November,1988-11-18,4,0,0.0,1.0,4,Swearingen,4,1988-11
1965,Qtr 4,November,2,French,Douglas C 47A316410,Obock French,Force Air French - SomalilandMilitary,0,30,11,November,1965-11-02,30,0,0.0,1.0,30,Douglas,30,1965-11
1938,Qtr 4,November,26,Gambia,Junkers JU90V2D AIVI,Bathurst Gambia,Lufthansa Deutsche,0,15,11,November,1938-11-26,12,3,20.0,0.8,12,Junkers,12,1938-11
1975,Qtr 4,November,17,Georgia,Antonov AN 24CCCP,Near Sukhumi Georgia,USSRAeroflot,0,38,11,November,1975-11-17,38,0,0.0,1.0,38,Antonov,38,1975-11
1966,Qtr 4,November,15,Germany,Boeing 727 21N317PA,Near Dallgow Germany,Airways American Pan,0,3,11,November,1966-11-15,3,0,0.0,1.0,3,Boeing,3,1966-11
1945,Qtr 4,November,1,Germany,Douglas C 47A,Herrenalb Germany,Forces Air Army U.S. - Military,0,30,11,November,1945-11-01,26,4,13.333333333333334,0.8666666666666667,26,Douglas,26,1945-11
1937,Qtr 4,November,12,Germany,Heinkel He 111D,Mannheim Germany,Lufthansa Deutsche,0,12,11,November,1937-11-12,10,2,16.666666666666664,0.8333333333333334,10,Heinkel,10,1937-11
1932,Qtr 4,November,2,Germany,Junkers F 13D,Echterpfuhl Germany,Lufthansa Deutsche,0,5,11,November,1932-11-02,5,0,0.0,1.0,5,Junkers,5,1932-11
1936,Qtr 4,November,17,Germany,Junkers JU 52/3mD,Nurnberg Germany,Lufthansa Deutsche,0,16,11,November,1936-11-17,4,12,75.0,0.25,4,Junkers,4,1936-11
1936,Qtr 4,November,1,Germany,Junkers JU 52D,Near Tabarz Germany,Lufthansa Deutsche,0,15,11,November,1936-11-01,11,4,26.666666666666668,0.7333333333333333,11,Junkers,11,1936-11
1940,Qtr 4,November,8,Germany,Junkers JU 90A,Brandenburg Germany,Lufthansa Deutsche,0,29,11,November,1940-11-08,29,0,0.0,1.0,29,Junkers,29,1940-11
1916,Qtr 4,November,21,Germany,Super Zeppelin (airship)?,Mainz Germany,Army German - Military,0,28,11,November,1916-11-21,27,1,3.571428571428571,0.9642857142857143,27,Super Zeppelin,27,1916-11
1969,Qtr 4,November,19,Glens,Fairchild Hiller FH,Mt. Pilot Knob Glens,New York Falls Mohawk Airlines,0,14,11,November,1969-11-19,14,0,0.0,1.0,14,Fairchild,14,1969-11
1976,Qtr 4,November,23,Greece,NAMC YS 11A,Kozani Greece,Airways Olympic,0,50,11,November,1976-11-23,50,0,0.0,1.0,50,NAMC,50,1976-11
1998,Qtr 4,November,1,Guatemala,Douglas DC 3CN3FY,Near Quetzaltenango Guatemala,Charter Ministries Teaching Water Living,0,18,11,November,1998-11-01,11,7,38.88888888888889,0.6111111111111112,11,Douglas,11,1998-11
1975,Qtr 4,November,18,Guatemala,Douglas DC 3TG,Caoba Guatemala,Aviateca,0,22,11,November,1975-11-18,15,7,31.818181818181817,0.6818181818181818,15,Douglas,15,1975-11
1996,Qtr 4,November,1,Guatemala,Embraer 110P1 BandeiranteTG TPA,Near Tikal Guatemala,TAPSA - Profesionales Areos Transported,0,16,11,November,1996-11-01,16,0,0.0,1.0,16,Embraer 110P1,16,1996-11
1961,Qtr 4,November,1,Guernsey,Bristol 170 Freighter 31MG ANWL,Les Prevosts Guernsey,Airways City Silver,0,10,11,November,1961-11-01,2,8,80.0,0.2,2,Bristol 170 Freighter,2,1961-11
2018,Qtr 4,November,6,Guyana,Boeing 757 N23N524AT,Georgetown Guyana,Airways Jamaica Fly,0,128,11,November,2018-11-06,1,127,99.21875,0.0078125,1,Boeing,1,2018-11
2003,Qtr 4,November,8,Guyana,Shorts SC 7 Skyvan 3M Variant 1008R,Near Ogle Guyana,Airways Guyana Trans,0,7,11,November,2003-11-08,2,5,71.42857142857143,0.2857142857142857,2,Short,2,2003-11
1957,Qtr 4,November,8,Hawaii,Boeing 377,900 miles E of Honolulu Hawaii,Pacific Ocean Pan American World Airways,0,44,11,November,1957-11-08,44,0,0.0,1.0,44,Boeing,44,1957-11
1983,Qtr 4,November,8,Huila,Boeing B 737,Lubango Huila,Angola TAAG Angola Airlines,0,130,11,November,1983-11-08,130,0,0.0,1.0,130,Boeing,130,1983-11
1996,Qtr 4,November,19,Illinois,Beechcraft 1900 C / Beech King Air A90N87GL / N1127D,Quincy Illinois,Private / Express United,0,14,11,November,1996-11-19,14,0,0.0,1.0,14,Beechcraft,14,1996-11
1933,Qtr 4,November,24,Illinois,Boeing 247NC13324,Wedron Illinois,Transport Air National,0,2,11,November,1933-11-24,2,0,0.0,1.0,2,Boeing,2,1933-11
1979,Qtr 4,November,15,Illinois,Boeing B 727?,Near Chicago Illinois,Airlines American,0,78,11,November,1979-11-15,0,78,100.0,0.0,0,Boeing,0,1979-11
1959,Qtr 4,November,24,Illinois,Lockheed L 1049H Super ConstellationN102R,Chicago Illinois,Airlines World Trans,8,3,11,November,1959-11-24,3,0,0.0,1.0,11,Lockheed,11,1959-11
1943,Qtr 4,November,8,India,??,Poona India,Force Air Indian - Military,37,1,11,November,1943-11-08,1,0,0.0,1.0,38,??,38,1943-11
1978,Qtr 4,November,19,India,Antonov AN 12?,Near Leh India,Force Air Indian - Military,1,77,11,November,1978-11-19,77,0,0.0,1.0,78,Antonov,78,1978-11
1996,Qtr 4,November,12,India,Boeing B 747,Near Charkhi Dadri India,Airlines Kazakhstan / Airlines Arabian Saudi,0,349,11,November,1996-11-12,349,0,0.0,1.0,349,Boeing,349,1996-11
1945,Qtr 4,November,3,India,Douglas C 54G45528A,Near Chuka India,Forces Air Army U.S. - Military,0,44,11,November,1945-11-03,44,0,0.0,1.0,44,Douglas,44,1945-11
1951,Qtr 4,November,21,India,Douglas DC 3VT,Calcutta India,Airways Deccan,0,17,11,November,1951-11-21,16,1,5.88235294117647,0.9411764705882353,16,Douglas,16,1951-11
1992,Qtr 4,November,11,India,Mil Mi 8 (helicopter)?,Off Bombay India,Force Air Indian - Military,0,20,11,November,1992-11-11,20,0,0.0,1.0,20,Mil,20,1992-11
1949,Qtr 4,November,16,India,Tempest?,Calcutta India,Force Air Indian Royal,14,2,11,November,1949-11-16,1,1,50.0,0.5,15,Tempest?,15,1949-11
1987,Qtr 4,November,28,Indian,Boeing B 747,Off Mauritius Indian,Airways African OceanSouth,0,159,11,November,1987-11-28,159,0,0.0,1.0,159,Boeing,159,1987-11
1927,Qtr 4,November,29,Indiana,Douglas M 4NC62 NC1062,Corunna Indiana,Transport Air National,0,1,11,November,1927-11-29,1,0,0.0,1.0,1,Douglas,1,1927-11
2000,Qtr 4,November,9,Indiana,Swearingen SA.226TC Metro IIN731AC,Fort Wayne Indiana,Aviation Superior,0,1,11,November,2000-11-09,1,0,0.0,1.0,1,Swearingen SA.226TC Metro,1,2000-11
2002,Qtr 4,November,7,Indonesia,Britten Norman BN,Tarakan Indonesia,Services Air Dirgantara,0,10,11,November,2002-11-07,7,3,30.0,0.7,7,Britten,7,2002-11
1994,Qtr 4,November,4,Indonesia,de Havilland Canada DHC 6 Twin Otter 100PK,Near Nabire Indonesia,Service Air Trigana,0,4,11,November,1994-11-04,4,0,0.0,1.0,4,de Havilland Canada,4,1994-11
2006,Qtr 4,November,17,Indonesia,de Havilland Canada DHC 6 Twin Otter 300PK,Puncak Jaya Indonesia,Service Air Trigana,0,12,11,November,2006-11-17,12,0,0.0,1.0,12,de Havilland Canada,12,2006-11
1950,Qtr 4,November,17,Indonesia,Douglas DC 3PK,Surabaya Indonesia,Airlines Indonesia Garuda,0,23,11,November,1950-11-17,2,21,91.30434782608695,0.08695652173913043,2,Douglas,2,1950-11
1976,Qtr 4,November,4,Indonesia,Fokker F 27 Friendship 100PK,Banjarmasin Indonesia,Service Air International Bali,0,38,11,November,1976-11-04,29,9,23.684210526315788,0.7631578947368421,29,Fokker,29,1976-11
1985,Qtr 4,November,21,Indonesia,Lockheed C 130H HerculesA,Near Sibyak Indonesia,Force Air Indonesian - Military,0,11,11,November,1985-11-21,11,0,0.0,1.0,11,Lockheed,11,1985-11
2004,Qtr 4,November,30,Indonesia,McDonnell Douglas MD,Solo Indonesia,Air Lion,0,163,11,November,2004-11-30,25,138,84.66257668711657,0.15337423312883436,25,McDonnell,25,2004-11
1971,Qtr 4,November,10,Indonesia,Vickers Viscount 828PK MVS,Off Padang Indonesia,Airlines Nusantara Merpati,0,69,11,November,1971-11-10,69,0,0.0,1.0,69,Vickers Viscount,69,1971-11
2004,Qtr 4,November,21,Inner,Bombardier CRJ200B 3072,Baotou Inner,China Mongolia China Eastern Airlines,0,53,11,November,2004-11-21,53,0,0.0,1.0,53,Bombardier,53,2004-11
2006,Qtr 4,November,27,Iran,Antonov 74T 20015,Tehran Iran,Force Air Corps Guard Revolutionary Iranian - Military,0,38,11,November,2006-11-27,38,0,0.0,1.0,38,Antonov,38,2006-11
1993,Qtr 4,November,15,Iran,Antonov AN 124RA,Near Kerman Iran,Avialinii Magistralnye,0,17,11,November,1993-11-15,17,0,0.0,1.0,17,Antonov,17,1993-11
1986,Qtr 4,November,2,Iran,Lockheed C 130?,Near Zahedan Iran,Force Air Iranian - Military,0,103,11,November,1986-11-02,103,0,0.0,1.0,103,Lockheed,103,1986-11
2008,Qtr 4,November,13,Iraq,Antonov An 12S9,Fallujah Iraq,Group Aviation Falcon,0,7,11,November,2008-11-13,7,0,0.0,1.0,7,Antonov,7,2008-11
2003,Qtr 4,November,2,Iraq,CH 47 Chinook?,Near Hasi Iraq,Army U.S. - Military,0,36,11,November,2003-11-02,15,21,58.333333333333336,0.4166666666666667,15,CH,15,2003-11
1938,Qtr 4,November,27,Iraq,Short Empire Flying BoatG AETW,Bagdad Iraq,Airways Imperial,0,6,11,November,1938-11-27,4,2,33.33333333333333,0.6666666666666666,4,Short Empire flying,4,1938-11
2003,Qtr 4,November,15,Iraq,UH 60 Black Hawk / UH,Mosul Iraq,Army U.S. - Military,0,22,11,November,2003-11-15,17,5,22.727272727272727,0.7727272727272727,17,UH,17,2003-11
1977,Qtr 4,November,19,Island,Boeing B 727,Near Funchal Island,Portugal Madeira of TAP (Air Portugal),0,164,11,November,1977-11-19,131,33,20.121951219512198,0.7987804878048781,131,Boeing,131,1977-11
1990,Qtr 4,November,25,Italy,Aerospatiale 330J PumaI EHPA,Off Ravenna Italy,Eitos,0,13,11,November,1990-11-25,13,0,0.0,1.0,13,Aerospatiale 330J,13,1990-11
1977,Qtr 4,November,19,Italy,Boeing 707 360CET,Rome Italy,Airlines Ethiopian,0,5,11,November,1977-11-19,5,0,0.0,1.0,5,Boeing,5,1977-11
1945,Qtr 4,November,11,Italy,Boeing B 17G43,Near Picinisco Italy,Forces Air Army U.S. - Military,0,20,11,November,1945-11-11,20,0,0.0,1.0,20,Boeing,20,1945-11
1964,Qtr 4,November,23,Italy,Boeing B 707,Rome Italy,Airlines World Trans,0,73,11,November,1964-11-23,50,23,31.506849315068493,0.684931506849315,50,Boeing,50,1964-11
1947,Qtr 4,November,18,Italy,Bristol 170 Freighter XISE BNG,Ravello Italy,Trafik-Turist-Transportflyg,0,25,11,November,1947-11-18,20,5,20.0,0.8,20,Bristol 170 Freighter,20,1947-11
1958,Qtr 4,November,3,Italy,Douglas C 47,Near Roccatamburo di Poggiodomo Italy,Airlines Yemen,0,8,11,November,1958-11-03,8,0,0.0,1.0,8,Douglas,8,1958-11
1945,Qtr 4,November,9,Italy,Douglas C 47A,Near Boccadi Italy,Forces Air Army U.S. - Military,0,24,11,November,1945-11-09,24,0,0.0,1.0,24,Douglas,24,1945-11
1947,Qtr 4,November,28,Italy,Douglas C 47B43,Near Trappa Italy,Force Air U.S. - Military,0,20,11,November,1947-11-28,20,0,0.0,1.0,20,Douglas,20,1947-11
1971,Qtr 4,November,9,Italy,Lockheed C 130K HerculesXV216,Off Livorno Italy,Force Air Royal - Military,0,52,11,November,1971-11-09,52,0,0.0,1.0,52,Lockheed,52,1971-11
1935,Qtr 4,November,9,Italy,Short S 17 KentG,Brindisi Italy,Airways Imperial,0,13,11,November,1935-11-09,12,1,7.6923076923076925,0.9230769230769231,12,Short,12,1935-11
1955,Qtr 4,November,20,Japan,Douglas C124 DL Globemaster II51,Iwo Jima Japan,Force Air US - Military,0,11,11,November,1955-11-20,10,1,9.090909090909092,0.9090909090909091,10,Douglas,10,1955-11
1966,Qtr 4,November,13,Japan,NAMC YS,Off Matsuyama Japan,Airways Nippon All,0,50,11,November,1966-11-13,50,0,0.0,1.0,50,NAMC,50,1966-11
1962,Qtr 4,November,19,Japan,Vickers 828 ViscountJA8202,Near Nagoya Japan,Airways Nippon All,0,4,11,November,1962-11-19,4,0,0.0,1.0,4,Vickers 828,4,1962-11
1979,Qtr 4,November,26,Jeddah,Boeing B 707,Near At Ta'if Jeddah,Saudi Arabia Pakistan International Airlines,0,156,11,November,1979-11-26,156,0,0.0,1.0,156,Boeing,156,1979-11
1938,Qtr 4,November,4,Jersey,De Havilland DH 86G,Channel Islands Jersey,Airways Jersey,1,14,11,November,1938-11-04,14,0,0.0,1.0,15,De Havilland,15,1938-11
1972,Qtr 4,November,17,Kentucky,Beech G18SN2700S,Elkton Kentucky,Systems Air Metro,0,11,11,November,1972-11-17,11,0,0.0,1.0,11,Beech,11,1972-11
1974,Qtr 4,November,20,Kenya,Boeing B 747,Near Nairobi Kenya,Lufthansa,0,157,11,November,1974-11-20,59,98,62.42038216560509,0.37579617834394907,59,Boeing,59,1974-11
2002,Qtr 4,November,28,Kenya,Let 410UVP E205Y,Masai Mara Game Reserve Kenya,Aviation Eagle,0,20,11,November,2002-11-28,1,19,95.0,0.05,1,Let,1,2002-11
1944,Qtr 4,November,29,Kenya,Lockheed 18 LodeStarG AGBW,Nairobi Kenya,BOAC,0,11,11,November,1944-11-29,11,0,0.0,1.0,11,Lockheed 18,11,1944-11
1999,Qtr 4,November,12,Kosovo,Aerospatiale Alenia ATR 42F,Near Pristina Kosovo,charter U.N. - Fly Si,0,24,11,November,1999-11-12,24,0,0.0,1.0,24,Aerospatiale Alenia,24,1999-11
1968,Qtr 4,November,25,Laos,Curtiss C 46D,Savannakhet Laos,America Air,0,28,11,November,1968-11-25,26,2,7.142857142857142,0.9285714285714286,26,Curtiss,26,1968-11
1959,Qtr 4,November,21,Lebanon,Douglas DC 4YA,Beirut Lebanon,Airlines Afghan Ariana,0,27,11,November,1959-11-21,24,3,11.11111111111111,0.8888888888888888,24,Douglas,24,1959-11
1989,Qtr 4,November,10,Lesotho,Casa 212 AviocarLDF 46,Maluti Mountains Lesotho,Force Defence Lesotho Royal - Military,0,18,11,November,1989-11-10,18,0,0.0,1.0,18,Casa 212,18,1989-11
1989,Qtr 4,November,9,Liberia,Britten Norman BN,Monrovia Liberia,Ttansport Air Weasua,0,10,11,November,1989-11-09,2,8,80.0,0.2,2,Britten,2,1989-11
1988,Qtr 4,November,30,Libya,de Havilland Canada DHC 6 Twin Otter 3005A,Hamada al Hambra Libya,Libya Club Aero,0,14,11,November,1988-11-30,14,0,0.0,1.0,14,de Havilland Canada,14,1988-11
1945,Qtr 4,November,11,Libya,Short StirlingPJ950,Near Castel Libya,Force Air -Royal Military,0,29,11,November,1945-11-11,29,0,0.0,1.0,29,Short,29,1945-11
2002,Qtr 4,November,6,Luxembourg,Fokker 50LX LGB,Near Niederanven Luxembourg,Luxair,0,22,11,November,2002-11-06,20,2,9.090909090909092,0.9090909090909091,20,Fokker,20,2002-11
1993,Qtr 4,November,20,Macedonia,Yakovlev YAK 42DRA,Near Ohrid Macedonia,(Macedonia) Aviaimpex,0,116,11,November,1993-11-20,116,0,0.0,1.0,116,Yakovlev,116,1993-11
1987,Qtr 4,November,6,Malawi,Shorts SC 7 Skyvan 3,Ulongue Malawi,Malawi Air,0,10,11,November,1987-11-06,10,0,0.0,1.0,10,Short,10,1987-11
1995,Qtr 4,November,29,Malaysia,Bell 412 (helicopter)9M AYW,Off Labuan Malaysia,Air Sabah,0,10,11,November,1995-11-29,10,0,0.0,1.0,10,Bell 412,10,1995-11
2013,Qtr 4,November,9,Malinau,Mil Mi,Pujungan Malinau,Borneo district Military - Indonesian Army,0,21,11,November,2013-11-09,13,8,38.095238095238095,0.6190476190476191,13,Mil,13,2013-11
1985,Qtr 4,November,24,Malta,Boeing B 737,Luqa Malta,Egypt,0,103,11,November,1985-11-24,60,43,41.74757281553398,0.5825242718446602,60,Boeing,60,1985-11
1998,Qtr 4,November,21,Maryland,Burgess RV 6 experimentalN956DB,Edgewater Maryland,Private,0,1,11,November,1998-11-21,1,0,0.0,1.0,1,Burgess,1,1998-11
1962,Qtr 4,November,23,Maryland,Vickers Viscount 745DN7430,Ellicott City Maryland,Lines Air United,0,18,11,November,1962-11-23,18,0,0.0,1.0,18,Vickers Viscount,18,1962-11
1973,Qtr 4,November,3,Massachusetts,Boeing B 707,Boston Massachusetts,Airways World American Pan,0,3,11,November,1973-11-03,3,0,0.0,1.0,3,Boeing,3,1973-11
1966,Qtr 4,November,11,Massachusetts,Lockheed EC 121H55,Off Chatham Massachusetts,Force Air U.S. - Military,0,19,11,November,1966-11-11,19,0,0.0,1.0,19,Lockheed,19,1966-11
1925,Qtr 4,November,14,Mauritania,Breguet 14F AEGZ,Nouadhibou Mauritania,Latecoere Aeriennes Lignes,0,1,11,November,1925-11-14,1,0,0.0,1.0,1,Breguet,1,1925-11
2011,Qtr 4,November,11,Mexico,Aerospatiale AS 332L1 Super PumaXC UHM,Near Santa Catarina Atoyzingo Mexico,Mexicana Aerea Fuerza,0,8,11,November,2011-11-11,8,0,0.0,1.0,8,Aerospatiale AS 332L1 Super,8,2011-11
1994,Qtr 4,November,1,Mexico,Bell 212XA SVS,Off Cozumel Mexico,Pegaso Aereos Transportes,0,14,11,November,1994-11-01,14,0,0.0,1.0,14,Bell,14,1994-11
1977,Qtr 4,November,3,Mexico,Britten Norman BN,San Cristobal de las Casas Mexico,Leon Martinez Aereos Servicios,0,13,11,November,1977-11-03,13,0,0.0,1.0,13,Britten,13,1977-11
1951,Qtr 4,November,27,Mexico,DC 2,San Luis Acatlan Mexico,Unidas Aereas Lineas,0,21,11,November,1951-11-27,13,8,38.095238095238095,0.6190476190476191,13,DC,13,1951-11
1946,Qtr 4,November,13,Mexico,Douglas DC 3XA,Near Cofre de Perote Mexico,Veracruz de Aéreas Commun. Empressa,0,15,11,November,1946-11-13,15,0,0.0,1.0,15,Douglas,15,1946-11
1929,Qtr 4,November,4,Mexico,Lockheed Vega 5NC46M,Cerro del Carbon Mexico,Transportes de Aeronautica Corp.,0,4,11,November,1929-11-04,4,0,0.0,1.0,4,Lockheed Vega,4,1929-11
1999,Qtr 4,November,9,Mexico,McDonnell Douglas DC 9,Near Uruapan Mexico,TAESA,0,18,11,November,1999-11-09,18,0,0.0,1.0,18,McDonnell Douglas,18,1999-11
1981,Qtr 4,November,8,Mexico,McDonnell Douglas DC 9,Sierra de Guerro Mexico,Aeromexico,0,18,11,November,1981-11-08,18,0,0.0,1.0,18,McDonnell Douglas,18,1981-11
1994,Qtr 4,November,22,Missouri,McDonnell Douglas DC 9,Bridgeton Missouri,Private / Airlines World Trans,0,142,11,November,1994-11-22,2,140,98.59154929577466,0.014084507042253521,2,McDonnell Douglas,2,1994-11
2011,Qtr 4,November,10,Molokai,Eurocopter EC 130 B4N11QV,Near Kilohana Molokai,Hawaii Blue Hawaiian Helicopter,0,5,11,November,2011-11-10,5,0,0.0,1.0,5,Eurocopter,5,2011-11
1952,Qtr 4,November,17,Montana,Fairchild C 119C,Shepard Montana,Force Air U.S. - Military,0,16,11,November,1952-11-17,9,7,43.75,0.5625,9,Fairchild,9,1952-11
1992,Qtr 4,November,30,Montana,Lockheed C 141B / Lockheed C141B650255/660142,Near Harlem Montana,Force Air U.S. - Military / Force Air U.S. - Military,0,13,11,November,1992-11-30,13,0,0.0,1.0,13,Lockheed,13,1992-11
1950,Qtr 4,November,7,Montana,Martin 202N93040,Near Butte Montana,Airlines Orient Northwest,0,21,11,November,1950-11-07,21,0,0.0,1.0,21,Martin,21,1950-11
1934,Qtr 4,November,15,Montana,Stinson SM 6000,Amazonia Montana,Transport Air Rapid,0,2,11,November,1934-11-15,2,0,0.0,1.0,2,Stinson,2,1934-11
1926,Qtr 4,November,11,Morocco,Breguet 14F AFAX,Cape Bojador Morocco,Aeriens Express Grands,0,3,11,November,1926-11-11,3,0,0.0,1.0,3,Breguet,3,1926-11
1991,Qtr 4,November,25,Mozambique,Douglas C 47B,Sena Mozambique,STASA,0,3,11,November,1991-11-25,1,2,66.66666666666666,0.3333333333333333,1,Douglas,1,1991-11
1982,Qtr 4,November,17,Off TaiwanFar Eastern Air Transport,Bell 212B 2311,Off TaiwanFar Eastern Air Transport,Unknown Operator,0,15,11,November,1982-11-17,15,0,0.0,1.0,15,Bell,15,1982-11
1975,Qtr 4,November,3,Gulf of MexicoPetroleum Helicopter,Bell 212N90057,Gulf of MexicoPetroleum Helicopter,Unknown Operator,0,9,11,November,1975-11-03,9,0,0.0,1.0,9,Bell,9,1975-11
1987,Qtr 4,November,29,Over the Andaman SeaKorean Airlines,Boeing B 707,Over the Andaman SeaKorean Airlines,Unknown Operator,0,115,11,November,1987-11-29,115,0,0.0,1.0,115,Boeing,115,1987-11
1994,Qtr 4,November,22,Papua New GuineaSouthwest Air,Britten Norman BN 2A TrislanderP2,Papua New GuineaSouthwest Air,Unknown Operator,0,7,11,November,1994-11-22,7,0,0.0,1.0,7,Britten Norman,7,1994-11
1945,Qtr 4,November,15,Royal Australian Air Force,Douglas C 47 Dakota,Near Jacquinot Bay New GuineaMilitary - Royal Australian Air Force,Unknown Operator,0,28,11,November,1945-11-15,28,0,0.0,1.0,28,Douglas,28,1945-11
1946,Qtr 4,November,16,U.S. Army Air Forces,Douglas C 47?,North Pacific OceanMilitary - U.S. Army Air Forces,Unknown Operator,0,23,11,November,1946-11-16,23,0,0.0,1.0,23,Douglas,23,1946-11
1961,Qtr 4,November,23,Força Aérea Portuguesa,Douglas C 54 Skymaster?,Sao ToméMilitary - Força Aérea Portuguesa,Unknown Operator,0,35,11,November,1961-11-23,21,14,40.0,0.6,21,Douglas,21,1961-11
1945,Qtr 4,November,11,U.S. Army,Douglas C 54?,HimalayasMilitary - U.S. Army,Unknown Operator,0,44,11,November,1945-11-11,44,0,0.0,1.0,44,Douglas,44,1945-11
1962,Qtr 4,November,23,Portuguese Air Force,Douglas C 54D7502,Sao Tomé & PrincipeMilitary - Portuguese Air Force,Unknown Operator,0,37,11,November,1962-11-23,23,14,37.83783783783784,0.6216216216216216,23,Douglas,23,1962-11
1947,Qtr 4,November,27,?China National Aviation Corporation,Douglas DC 3?,?China National Aviation Corporation,Unknown Operator,0,3,11,November,1947-11-27,2,1,33.33333333333333,0.6666666666666666,2,Douglas,2,1947-11
1976,Qtr 4,November,5,Atlantic OceanInair Panama,Douglas DC 3HP,Atlantic OceanInair Panama,Unknown Operator,0,2,11,November,1976-11-05,2,0,0.0,1.0,2,Douglas,2,1976-11
1959,Qtr 4,November,16,Gulf of MexicoNational Airlines,Douglas DC 7BN4891C,Gulf of MexicoNational Airlines,Unknown Operator,0,42,11,November,1959-11-16,42,0,0.0,1.0,42,Douglas,42,1959-11
2013,Qtr 4,November,29,Glasgow ScotlandBond Air Services Ltd.,Eurocopter EC135 T2G SPAO,Glasgow ScotlandBond Air Services Ltd.,Unknown Operator,5,3,11,November,2013-11-29,3,0,0.0,1.0,8,Eurocopter EC135,8,2013-11
1940,Qtr 4,November,27,Mediterranean SeaAir France,Farman F 224F,Mediterranean SeaAir France,Unknown Operator,0,6,11,November,1940-11-27,6,0,0.0,1.0,6,Farman,6,1940-11
1923,Qtr 4,November,18,RussiaCCCP,Junkers F 13D,RussiaCCCP,Unknown Operator,0,5,11,November,1923-11-18,3,2,40.0,0.6,3,Junkers,3,1923-11
1927,Qtr 4,November,16,Unknown,Junkers F 13K,Over the Gulf of FinlandAero O-Y,Unknown Operator,0,6,11,November,1927-11-16,6,0,0.0,1.0,6,Junkers,6,1927-11
1928,Qtr 4,November,15,Off GibraltarAeropostale,Latecoere 32F AISN,Off GibraltarAeropostale,Unknown Operator,0,3,11,November,1928-11-15,1,2,66.66666666666666,0.3333333333333333,1,Latecoere,1,1928-11
1961,Qtr 4,November,11,Off Puerto RicoAir Haiti International,Lockheed L 749A ConstellationHH,Off Puerto RicoAir Haiti International,Unknown Operator,0,3,11,November,1961-11-11,3,0,0.0,1.0,3,Lockheed,3,1961-11
1958,Qtr 4,November,9,North Atlantic OceanARTOP Aerotopografica LDA,Martin MarinerCS THB,North Atlantic OceanARTOP Aerotopografica LDA,Unknown Operator,0,36,11,November,1958-11-09,36,0,0.0,1.0,36,Martin,36,1958-11
1989,Qtr 4,November,23,Peoples Air Force,Mil Mi 4 / Mil Mi,AlbaniaMilitary - People's Army/ Military - Peoples Air Force,Unknown Operator,0,24,11,November,1989-11-23,24,0,0.0,1.0,24,Mil,24,1989-11
1943,Qtr 4,November,5,Eastern LibyaBritish Overseas Airways,Short Sunderland 3G AGIB,Eastern LibyaBritish Overseas Airways,Unknown Operator,0,19,11,November,1943-11-05,19,0,0.0,1.0,19,Short Sunderland,19,1943-11
2013,Qtr 4,November,29,Nambia,Embraer ERJ 190ARC9,Bwabwata National Park Nambia,Airline Mozambique,0,33,11,November,2013-11-29,33,0,0.0,1.0,33,Embraer,33,2013-11
1965,Qtr 4,November,8,near,Boeing B 727,Cincinnati Airport near,Kentucky Covington American Airlines,0,62,11,November,1965-11-08,58,4,6.451612903225806,0.9354838709677419,58,Boeing,58,1965-11
1960,Qtr 4,November,5,Nepal,Douglas C 47A9N,Bhairawa Nepal,Airlines Nepal Royal,0,4,11,November,1960-11-05,4,0,0.0,1.0,4,Douglas,4,1960-11
1981,Qtr 4,November,19,Nepal,Pilatus PC 6/B2,Biratnagar Nepal,Airlines Nepal Royal,0,10,11,November,1981-11-19,10,0,0.0,1.0,10,Pilatus,10,1981-11
1946,Qtr 4,November,14,Netherlands,Douglas C 47A,Amsterdam Netherlands,Airlines Dutch Royal KLM,0,26,11,November,1946-11-14,26,0,0.0,1.0,26,Douglas,26,1946-11
2009,Qtr 4,November,14,Nevada,Aerospatiale AS350N5793P,Near Reno Nevada,Lifeflight Mountain,0,3,11,November,2009-11-14,3,0,0.0,1.0,3,Aerospatiale,3,2009-11
1955,Qtr 4,November,17,Nevada,Douglas MC 54M44,Near Las Vegas Nevada,Force Air U.S. - Military,0,14,11,November,1955-11-17,14,0,0.0,1.0,14,Douglas,14,1955-11
1964,Qtr 4,November,15,Nevada,Fairchild F 27AN745L,Las Vegas Nevada,Airlines Bonanza,0,29,11,November,1964-11-15,29,0,0.0,1.0,29,Fairchild,29,1964-11
1957,Qtr 4,November,21,New,Bristol 170 Freighter 31ZK AYH,Christchurch New,Express Freight Air ZealandStraits,0,4,11,November,1957-11-21,4,0,0.0,1.0,4,Bristol 170 Freighter,4,1957-11
1945,Qtr 4,November,7,New,Budd RB 1 Conestoga?,Near Grants New,Co. Freight Skyway MexicoNational,0,3,11,November,1945-11-07,1,2,66.66666666666666,0.3333333333333333,1,Budd,1,1945-11
1954,Qtr 4,November,30,New,Douglas DC 3N17891,Berlin New,Airlines HampshireNortheast,0,7,11,November,1954-11-30,2,5,71.42857142857143,0.2857142857142857,2,Douglas,2,1954-11
1947,Qtr 4,November,11,New,Douglas DC 6NC90741,Gallup New,Airlines MexicoAmerican,0,25,11,November,1947-11-11,0,25,100.0,0.0,0,Douglas,0,1947-11
1962,Qtr 4,November,30,New,Douglas DC 7BN815D,New York New,Lines Air YorkEastern,0,51,11,November,1962-11-30,25,26,50.98039215686274,0.49019607843137253,25,Douglas,25,1962-11
2002,Qtr 4,November,8,New,IAI 1124A WestwindN61RS,Taos New,Aviation MexicoRichmor,0,2,11,November,2002-11-08,2,0,0.0,1.0,2,IAI 1124A,2,2002-11
1943,Qtr 4,November,26,New,Lockheed L 18,Port Moresby New,GuineaQantas,0,15,11,November,1943-11-26,15,0,0.0,1.0,15,Lockheed,15,1943-11
1931,Qtr 4,November,5,New,Lockheed Orion 9NC12221,Camden New,Phil. JerseyNY,0,5,11,November,1931-11-05,5,0,0.0,1.0,5,Lockheed Orion,5,1931-11
1951,Qtr 4,November,5,New,Martin 202N93039,Near Tucumcari New,Lines Air MexicoTransocean,0,29,11,November,1951-11-05,1,28,96.55172413793103,0.034482758620689655,1,Martin,1,1951-11
1933,Qtr 4,November,10,New,Northrop DeltaNC12292,Moriarty New,Air Western and Continental MexicoTrans,0,1,11,November,1933-11-10,0,1,100.0,0.0,0,Northrop,0,1933-11
1964,Qtr 4,November,17,Newfoundland,Lockheed P 3A151362,Off Argentia Newfoundland,Canada Military - U.S. Navy,0,10,11,November,1964-11-17,10,0,0.0,1.0,10,Lockheed,10,1964-11
1956,Qtr 4,November,15,Nicaragua,Douglas C 54A,Puerto Somoza Nicaragua,Guest Aerovias,0,25,11,November,1956-11-15,25,0,0.0,1.0,25,Douglas,25,1956-11
1944,Qtr 4,November,29,Nicaragua,Ford 5 AT,Tegucigalpa Nicaragua,TACA,0,16,11,November,1944-11-29,16,0,0.0,1.0,16,Ford,16,1944-11
1969,Qtr 4,November,20,Nigeria,BAC VC 10,Near Ikeja Nigeria,Airways Nigeria,0,87,11,November,1969-11-20,87,0,0.0,1.0,87,BAC,87,1969-11
2001,Qtr 4,November,27,Nigeria,Boeing 747 246F9G,Port Harcourt Nigeria,Airlines MK,0,13,11,November,2001-11-27,1,12,92.3076923076923,0.07692307692307693,1,Boeing,1,2001-11
1996,Qtr 4,November,7,Nigeria,Boeing B 727,Lagos Nigeria,Corporation Development Aviation,0,143,11,November,1996-11-07,143,0,0.0,1.0,143,Boeing,143,1996-11
1995,Qtr 4,November,13,Nigeria,Boeing B 737,Kaduna Nigeria,Airways Nigeria,0,137,11,November,1995-11-13,9,128,93.43065693430657,0.06569343065693431,9,Boeing,9,1995-11
1983,Qtr 4,November,28,Nigeria,Fokker F 28 Fellowship 20005N,Near Enugu Nigeria,Airways Nigeria,0,72,11,November,1983-11-28,53,19,26.38888888888889,0.7361111111111112,53,Fokker,53,1983-11
1961,Qtr 4,November,21,North,Aero Commander 680FZK BWA,Mt Ruapehu North,New Zealand Island Bay of Plenty Airways,0,6,11,November,1961-11-21,6,0,0.0,1.0,6,Aero Commander,6,1961-11
1966,Qtr 4,November,20,North,Martin 404N40406,Near New Bern North,Airlines CarolinaPiedmont,0,3,11,November,1966-11-20,3,0,0.0,1.0,3,Martin,3,1966-11
1944,Qtr 4,November,9,Norway,?42 52196,Seljord Norway,Corps Air Army U.S. - Military,0,0,11,November,1944-11-09,0,0,Unknown,Unknown,0,?42,0,1944-11
1956,Qtr 4,November,7,Norway,de Havilland DH 114 Heron 2BLN,Hommelfjell Norway,Braathens,0,12,11,November,1956-11-07,2,10,83.33333333333334,0.16666666666666666,2,De Havilland,2,1956-11
1949,Qtr 4,November,20,Norway,Douglas C 47APH,Near Oslo Norway,Holland Aero,0,35,11,November,1949-11-20,34,1,2.857142857142857,0.9714285714285714,34,Douglas,34,1949-11
1961,Qtr 4,November,30,NSW,Vickers Viscount 720VH TVC,Sydney NSW,Australia Ansett ANA,0,15,11,November,1961-11-30,15,0,0.0,1.0,15,Vickers Viscount,15,1961-11
1967,Qtr 4,November,6,Ohio,Boeing B 707,Cincinnati Ohio,Airlines World Trans,0,36,11,November,1967-11-06,1,35,97.22222222222221,0.027777777777777776,1,Boeing,1,1967-11
1946,Qtr 4,November,11,Ohio,Douglas DC 3 (C,Cleveland Ohio,Lines Air United,0,20,11,November,1946-11-11,2,18,90.0,0.1,2,Douglas,2,1946-11
1949,Qtr 4,November,4,Ohio,Douglas DC 3NC29086,Akron Ohio,Inc Harrington's,0,3,11,November,1949-11-04,3,0,0.0,1.0,3,Douglas,3,1949-11
1928,Qtr 4,November,25,Ohio,Douglas M 4NC792,Bristolville Ohio,Transport Air National,0,1,11,November,1928-11-25,1,0,0.0,1.0,1,Douglas,1,1928-11
1928,Qtr 4,November,24,Ohio,Hamilton H 47NC7521,Edgerton Ohio,Airlines Universal,0,3,11,November,1928-11-24,3,0,0.0,1.0,3,Hamilton,3,1928-11
1928,Qtr 4,November,25,Ohio,Travel Air 4000NC5436,Edgerton Ohio,Lines Air Continental,0,1,11,November,1928-11-25,1,0,0.0,1.0,1,Travel Air,1,1928-11
1969,Qtr 4,November,9,Ontario,Douglas C 47BCF,Timmins Ontario,Canada Austin Airways,0,4,11,November,1969-11-09,2,2,50.0,0.5,2,Douglas,2,1969-11
2013,Qtr 4,November,10,Ontario,Swearingen SA227 AC Metro IIC,Red Lake Ontario,Canada Bearskin Airlines,0,7,11,November,2013-11-10,5,2,28.57142857142857,0.7142857142857143,5,Swearingen,5,2013-11
1933,Qtr 4,November,9,Oregon,Boeing 247NC13345,Portland Oregon,Lines Air United,0,10,11,November,1933-11-09,4,6,60.0,0.4,4,Boeing,4,1933-11
2010,Qtr 4,November,5,Pakistan,Beechcraft 1900C 1AP,Near Karachi Pakistan,Air JS,0,21,11,November,2010-11-05,21,0,0.0,1.0,21,Beechcraft,21,2010-11
1948,Qtr 4,November,26,Pakistan,Douglas DC 3AP,Vehari Pakistan,Airways Pakistan,0,21,11,November,1948-11-26,21,0,0.0,1.0,21,Douglas,21,1948-11
2010,Qtr 4,November,28,Pakistan,Ilyushin Il 76TD4L,Karachi Pakistan,Way Sun,4,8,11,November,2010-11-28,8,0,0.0,1.0,12,Ilyushin,12,2010-11
2001,Qtr 4,November,22,Pennsylvania,Learjet 25BN5UJ,Pittsburgh Pennsylvania,Aviation Jet Universal,0,2,11,November,2001-11-22,2,0,0.0,1.0,2,Learjet,2,2001-11
2022,Qtr 4,November,18,Peru,Airbus 320 271NCC,Lima Peru,LATAM,2,108,11,November,2022-11-18,0,108,100.0,0.0,2,Airbus,2,2022-11
1962,Qtr 4,November,27,Peru,Boeing B 707,Lima Peru,Varig,0,97,11,November,1962-11-27,97,0,0.0,1.0,97,Boeing,97,1962-11
1984,Qtr 4,November,20,Peru,de Havilland Canada DHC 6 Twin Otter 300FAE,Loja Peru,TAME,0,14,11,November,1984-11-20,14,0,0.0,1.0,14,de Havilland Canada,14,1984-11
1950,Qtr 4,November,23,Peru,Douglas DC 3OB,Cuzco Peru,Faucett,0,9,11,November,1950-11-23,9,0,0.0,1.0,9,Douglas,9,1950-11
1994,Qtr 4,November,5,Peru,Yakovlev YAK 40OB,Saposa Peru,Amazonica SA,0,30,11,November,1994-11-05,6,24,80.0,0.2,6,Yakovlev,6,1994-11
1974,Qtr 4,November,15,Philippines,Douglas C 47A,Manila Philippines,Services Integrated and System Air Orient,0,8,11,November,1974-11-15,1,7,87.5,0.125,1,Douglas,1,1974-11
1945,Qtr 4,November,13,Philippines,Douglas C 48VH,Near Tacloban Philippines,Airways National Australian,0,17,11,November,1945-11-13,16,1,5.88235294117647,0.9411764705882353,16,Douglas,16,1945-11
1947,Qtr 4,November,2,Philippines,Douglas DC 3?,Off Barrio Rizal Philippines,Express Air Philippine,0,5,11,November,1947-11-02,5,0,0.0,1.0,5,Douglas,5,1947-11
1960,Qtr 4,November,23,Philippines,Douglas DC 3PI,Manila Philippines,Lines Air Philippine,0,33,11,November,1960-11-23,33,0,0.0,1.0,33,Douglas,33,1960-11
2002,Qtr 4,November,11,Philippines,Fokker F27 Friendship 100RP C6888,Manila Philippines,Airlines International Laoag,0,34,11,November,2002-11-11,19,15,44.11764705882353,0.5588235294117647,19,Fokker F27 Friendship,19,2002-11
1988,Qtr 4,November,2,Poland,Antonov AN 24BSP,Near Rzeszow Poland,Airlines Polish Lot,0,29,11,November,1988-11-02,1,28,96.55172413793103,0.034482758620689655,1,Antonov,1,1988-11
1951,Qtr 4,November,15,Poland,Lisunov Li 2PSP,Near Lodz Poland,Airlines Polish Lot,0,18,11,November,1951-11-15,18,0,0.0,1.0,18,Lisunov,18,1951-11
1937,Qtr 4,November,12,Poland,Lockhed 10 ElectraSP AYD,Warsaw Poland,LOT,0,11,11,November,1937-11-12,4,7,63.63636363636363,0.36363636363636365,4,Lockheed 18,4,1937-11
1937,Qtr 4,November,11,Poland,Lockheed 10 ElectraSP AYD,Warsaw Poland,Airlines Polish Lot,0,11,11,November,1937-11-11,4,7,63.63636363636363,0.36363636363636365,4,Lockheed 18,4,1937-11
1959,Qtr 4,November,4,Quebec,Douglas C 54ACF,St. Cleophas Quebec,Canada Wheeler Airlines,0,5,11,November,1959-11-04,5,0,0.0,1.0,5,Douglas,5,1959-11
2001,Qtr 4,November,12,Queens,Airbus A 300,Belle Harbor Queens,New York American Airlines,5,260,11,November,2001-11-12,260,0,0.0,1.0,265,Airbus,265,2001-11
1989,Qtr 4,November,28,Rhode,Britten Norman BN,Block Island Rhode,Airlines England IslandNew,0,8,11,November,1989-11-28,8,0,0.0,1.0,8,Britten,8,1989-11
1947,Qtr 4,November,21,Romania,Lisunov Li 2YR,Phouznicie Romania,TARS,0,26,11,November,1947-11-21,13,13,50.0,0.5,13,Lisunov,13,1947-11
1979,Qtr 4,November,28,Ross,McDonnell Douglas DC 10,Near Mt. Erebus Ross,Antarctica Shelf Ice Air New Zealand,0,257,11,November,1979-11-28,257,0,0.0,1.0,257,McDonnell Douglas,257,1979-11
1998,Qtr 4,November,11,Russia,Antonov AN 12RA,Near Krasnoyarsk Russia,Airlines Sakha,0,13,11,November,1998-11-11,13,0,0.0,1.0,13,Antonov,13,1998-11
1969,Qtr 4,November,13,Russia,Antonov An 12TBCCCP,Near Anderma Russia,Aeroflot,0,12,11,November,1969-11-13,12,0,0.0,1.0,12,Antonov,12,1969-11
1991,Qtr 4,November,16,Russia,Antonov AN 12V?,Anderma Russia,Aeroflot,0,20,11,November,1991-11-16,20,0,0.0,1.0,20,Antonov,20,1991-11
1974,Qtr 4,November,1,Russia,Antonov An 2 / Mil Mi,Near Surgut Russia,Aeroflot,0,38,11,November,1974-11-01,38,0,0.0,1.0,38,Antonov,38,1974-11
1992,Qtr 4,November,11,Russia,Antonov AN 22ACCCP,Near Tver Russia,Force Air Russian - Military,0,33,11,November,1992-11-11,33,0,0.0,1.0,33,Antonov,33,1992-11
1991,Qtr 4,November,26,Russia,Antonov AN 24CCCP,Near Bugulma Russia,Airlines Tartarstan,0,41,11,November,1991-11-26,41,0,0.0,1.0,41,Antonov,41,1991-11
1989,Qtr 4,November,21,Russia,Antonov AN 24CCCP,Near Tyumem Russia,Aeroflot,0,42,11,November,1989-11-21,34,8,19.047619047619047,0.8095238095238095,34,Antonov,34,1989-11
1971,Qtr 4,November,12,Russia,Antonov AN 24CCCP,Vinnitsa Russia,Aeroflot,0,48,11,November,1971-11-12,48,0,0.0,1.0,48,Antonov,48,1971-11
1996,Qtr 4,November,14,Russia,Antonov AN 2RA,Bolchaïa Pyssa Russia,Avia Komi,0,15,11,November,1996-11-14,14,1,6.666666666666667,0.9333333333333333,14,Antonov,14,1996-11
2013,Qtr 4,November,17,Russia,Boeing 737 53AVQ,Near Kazan Russia,Airlilnes Tararstan,0,50,11,November,2013-11-17,50,0,0.0,1.0,50,Boeing,50,2013-11
1946,Qtr 4,November,5,Russia,Douglas C 47SSSR,Near Moscow Russia,Aeroflot,0,26,11,November,1946-11-05,13,13,50.0,0.5,13,Douglas,13,1946-11
1942,Qtr 4,November,17,Russia,Grazhdansky Vozdushnyi Flot PS 84CCCP,Near Kranoyarsk Russia,Trassy Vozhjushnye Kranoyarskie,0,20,11,November,1942-11-17,20,0,0.0,1.0,20,Grazhdansky Vozdushnyi Flot,20,1942-11
1957,Qtr 4,November,4,Russia,Ilushin Il 14YR,Moscow Russia,TAROM,0,16,11,November,1957-11-04,4,12,75.0,0.25,4,Ilyushin,4,1957-11
2001,Qtr 4,November,19,Russia,Ilyushin 18VRA 75840,Kalyazin Russia,Aero IRS - Charter,0,27,11,November,2001-11-19,27,0,0.0,1.0,27,Ilyushin,27,2001-11
1951,Qtr 4,November,17,Russia,Ilyushin IL 12CCCP,Near Novosibirsk Russia,Aeroflot,0,23,11,November,1951-11-17,23,0,0.0,1.0,23,Ilyushin,23,1951-11
1967,Qtr 4,November,16,Russia,Ilyushin IL 18BCCCP,Near Sverdlovsk Russia,Aeroflot,0,107,11,November,1967-11-16,107,0,0.0,1.0,107,Ilyushin,107,1967-11
2009,Qtr 4,November,1,Russia,Ilyushin Il 76RF,Mirny Russia,Interior of Ministry Russian,0,11,11,November,2009-11-01,11,0,0.0,1.0,11,Ilyushin,11,2009-11
1948,Qtr 4,November,22,Russia,Lisunov Li 2CCCP L,Near Ryzhovo Russia,Aeroflot,0,26,11,November,1948-11-22,23,3,11.538461538461538,0.8846153846153846,23,Lisunov,23,1948-11
1972,Qtr 4,November,28,Russia,McDonnell Douglas DC 8,Near Moscow Russia,Lines Air Japan,0,76,11,November,1972-11-28,62,14,18.421052631578945,0.8157894736842105,62,McDonnell Douglas,62,1972-11
2015,Qtr 4,November,24,Russia,Mil Mi 8TRA,Near Igarka Russia,Avia Turuhan,0,26,11,November,2015-11-24,15,11,42.30769230769231,0.5769230769230769,15,Mil,15,2015-11
2010,Qtr 4,November,25,Russia,Mil Mi 8TRA,Strezhevoy Russia,NARZ,0,10,11,November,2010-11-25,7,3,30.0,0.7,7,Mil,7,2010-11
1976,Qtr 4,November,28,Russia,Tupolev TU 104BCCCP,Moscow Russia,Aeroflot,0,73,11,November,1976-11-28,73,0,0.0,1.0,73,Tupolev,73,1976-11
1965,Qtr 4,November,10,Russia,Tupolev Tu 124CCCP,Murmansk Russia,Aeroflot,0,64,11,November,1965-11-10,32,32,50.0,0.5,32,Tupolev,32,1965-11
2009,Qtr 4,November,1,Russia,Tupolev Tu 142M3RF,Off Mongokhto Russia,Navy Russian - Military,0,11,11,November,2009-11-01,11,0,0.0,1.0,11,Tupolev,11,2009-11
1981,Qtr 4,November,16,Russia,Tupolev TU 154B,Norilsk Russia,Aeroflot,0,167,11,November,1981-11-16,99,68,40.7185628742515,0.592814371257485,99,Tupolev,99,1981-11
1991,Qtr 4,November,7,Russia,Yakovlev YAK 40CCCP,Makhackala Russia,Aeroflot,0,51,11,November,1991-11-07,51,0,0.0,1.0,51,Yakovlev,51,1991-11
1979,Qtr 4,November,16,Russia,Yakovlev YAK 40CCCP,Vologda Russia,Aeroflot,0,5,11,November,1979-11-16,3,2,40.0,0.6,3,Yakovlev,3,1979-11
2009,Qtr 4,November,12,Rwanda,Canadair CRJ 100ER5Y,Kigali Rwanda,Rwandair,0,15,11,November,2009-11-12,1,14,93.33333333333333,0.06666666666666667,1,Canadair,1,2009-11
1981,Qtr 4,November,30,Saint,Douglas DC 6AN3486F,Castries Saint,Airways IslandGuyana Lucia,0,3,11,November,1981-11-30,3,0,0.0,1.0,3,Douglas,3,1981-11
1938,Qtr 4,November,18,Saskatchewan,Lockheed 14 ElectraCF TCL,Regina Saskatchewan,Canada Trans Canada Air Lines,0,2,11,November,1938-11-18,2,0,0.0,1.0,2,Lockheed 18,2,1938-11
1953,Qtr 4,November,11,Scotland,Avro Shackleton MR 2WL746,Off Argyll Scotland,Force Air Royal - Military,0,10,11,November,1953-11-11,10,0,0.0,1.0,10,Avro Shackleton,10,1953-11
1986,Qtr 4,November,6,Shetlands,Boeing Vertol ChinookG,Off Sumburgh Head Shetlands,Scotland British International Helicopters,0,47,11,November,1986-11-06,45,2,4.25531914893617,0.9574468085106383,45,Boeing,45,1986-11
1996,Qtr 4,November,27,Siberia,Ilyushin IL 76MDRA,Abakan Siberia,Russia Military - Russian Air Force,0,23,11,November,1996-11-27,23,0,0.0,1.0,23,Ilyushin,23,1996-11
2015,Qtr 4,November,21,South,Aerospatiale AS 350B2 EcureuilZK HKU,Fox Glacier South,New Zealand Valley Alpine Adventures,0,7,11,November,2015-11-21,7,0,0.0,1.0,7,Aerospatiale AS 350B2,7,2015-11
2015,Qtr 4,November,4,South,Antonov 12BKEY 406,Juba South,Limited Services SudanAllied,0,43,11,November,2015-11-04,41,2,4.651162790697675,0.9534883720930233,41,Antonov,41,2015-11
1980,Qtr 4,November,19,South,Boeing B 747,Seoul South,Airlines KoreaKorean,0,226,11,November,1980-11-19,15,211,93.36283185840708,0.06637168141592921,15,Boeing,15,1980-11
1971,Qtr 4,November,28,South,Boeing Vertol CH 47C68,Near Hue South,Army U.S. - VietnamMilitary,0,34,11,November,1971-11-28,34,0,0.0,1.0,34,Boeing Vertol,34,1971-11
1931,Qtr 4,November,13,South,De Havilland DH.80ZS ACD,Sir Lowry's pass South,Airways AfricaUnion,0,3,11,November,1931-11-13,3,0,0.0,1.0,3,De Havilland,3,1931-11
1967,Qtr 4,November,30,South,de Havilland Canada C 7A Caribou62,Near Qui Nhon South,Force Air U.S. - VietnamMilitary,0,26,11,November,1967-11-30,26,0,0.0,1.0,26,de Havilland Canada,26,1967-11
1966,Qtr 4,November,26,South,Douglas C 47D4476574,Near Saigon South,Force Air U.S. - VietnamMilitary,0,31,11,November,1966-11-26,31,0,0.0,1.0,31,Douglas,31,1966-11
1973,Qtr 4,November,17,South,Douglas DC 3XV,Near Quang-Ngai South,Vietnam) (South Vietnam VietnamAir,0,27,11,November,1973-11-17,27,0,0.0,1.0,27,Douglas,27,1973-11
1962,Qtr 4,November,10,South,Douglas DC 3XV,Near Tourane South,Vietnam) (South Vietnam VietnamAir,0,27,11,November,1962-11-10,27,0,0.0,1.0,27,Douglas,27,1962-11
1952,Qtr 4,November,14,South,Fairchild C 119C51,Near Seoul South,Force Air U.S. - KoreaMilitary,0,44,11,November,1952-11-14,44,0,0.0,1.0,44,Fairchild,44,1952-11
1970,Qtr 4,November,29,South,Fairchild C 123K54,Near Cam Ranh South,Force Air U.S. - VietnamMilitary,0,44,11,November,1970-11-29,42,2,4.545454545454546,0.9545454545454546,42,Fairchild,42,1970-11
1970,Qtr 4,November,27,South,Fairchild C 123K55,Near Nha Trang South,Force Air U.S. - VietnamMilitary,0,79,11,November,1970-11-27,79,0,0.0,1.0,79,Fairchild,79,1970-11
1989,Qtr 4,November,25,South,Fokker F 28 Fellowship 4000HL,Seoul South,Airlines KoreaKorean,0,52,11,November,1989-11-25,1,51,98.07692307692307,0.019230769230769232,1,Fokker,1,1989-11
1983,Qtr 4,November,27,Spain,Boeing B 747,Madrid-Barajas Spain,Avianca,0,192,11,November,1983-11-27,181,11,5.729166666666666,0.9427083333333334,181,Boeing,181,1983-11
1974,Qtr 4,November,22,Spain,Cessna 500 Citation IEC CGG,Barcelona Spain,Aéreos Servicios Alpa,0,4,11,November,1974-11-22,4,0,0.0,1.0,4,Cessna 500 Citation,4,1974-11
1957,Qtr 4,November,15,Spain,de Havilland DH 114 Heron 2DEC,Near Palma de Mallorca Spain,Aviaco,0,4,11,November,1957-11-15,4,0,0.0,1.0,4,De Havilland,4,1957-11
1995,Qtr 4,November,22,Sri,Antonov AN 32CR862,Off Jaffna Peninsula Sri,Force Air Lanka Sri - LankaMilitary,0,63,11,November,1995-11-22,63,0,0.0,1.0,63,Antonov,63,1995-11
1978,Qtr 4,November,15,Sri,McDonnell Douglas DC 8,Near Katunayake Sri,Airlines Icelandic LankaLoftleidir,0,262,11,November,1978-11-15,183,79,30.15267175572519,0.6984732824427481,183,McDonnell Douglas,183,1978-11
2007,Qtr 4,November,8,Sudan,Antonov 12ST JUA,Khartoum Sudan,Cargo Air Juba,2,4,11,November,2007-11-08,0,4,100.0,0.0,2,Antonov,2,2007-11
1929,Qtr 4,November,6,Surrey,Junkers G 24D,Near Godstone Surrey,England Deutsche Lufthansa,0,8,11,November,1929-11-06,7,1,12.5,0.875,7,Junkers,7,1929-11
1967,Qtr 4,November,4,Sussex,Sud Aviation Caravelle 10REC BDD,Fernhurst Sussex,England Iberia Airlines,0,37,11,November,1967-11-04,37,0,0.0,1.0,37,Sud Aviation Caravelle,37,1967-11
1964,Qtr 4,November,20,Sweden,Convair CV 440SE,Angelholm Sweden,Linjeflyg,0,43,11,November,1964-11-20,31,12,27.906976744186046,0.7209302325581395,31,Convair,31,1964-11
1944,Qtr 4,November,29,Sweden,Focke Wulf FW 200D,Off Falsterbo Sweden,Lufthansa Deutsche,0,10,11,November,1944-11-29,10,0,0.0,1.0,10,Focke,10,1944-11
2001,Qtr 4,November,24,Switzerland,BAE Avro RJ100HB IXM,Birchwil Switzerland,Crossair,0,33,11,November,2001-11-24,24,9,27.27272727272727,0.7272727272727273,24,BAE Avro,24,2001-11
1951,Qtr 4,November,24,Switzerland,Douglas DC 44X,Zurich Switzerland,Al El,0,7,11,November,1951-11-24,6,1,14.285714285714285,0.8571428571428571,6,Douglas,6,1951-11
1956,Qtr 4,November,24,Switzerland,Ilyushin IL 12BOK,Near Eglisau Switzerland,Aerolinie Ceskoslovenske,0,23,11,November,1956-11-24,23,0,0.0,1.0,23,Ilyushin,23,1956-11
1990,Qtr 4,November,14,Switzerland,McDonnell Douglas DC 9,Stadelberg Switzerland,Alitalia,0,46,11,November,1990-11-14,46,0,0.0,1.0,46,McDonnell Douglas,46,1990-11
1971,Qtr 4,November,21,Taiwan,Sud Aviation SE 210 Caravelle IIIB,Near Penghu Island Taiwan,(Taiwan) Airlines China,0,25,11,November,1971-11-21,25,0,0.0,1.0,25,Sud Aviation,25,1971-11
2022,Qtr 4,November,6,Tanzania,ATR 42 5005H,Bukoba Tanzania,Air Precision,0,43,11,November,2022-11-06,19,24,55.81395348837209,0.4418604651162791,19,ATR,19,2022-11
2017,Qtr 4,November,15,Tanzania,Cessna 208B Grand Caravan5H EGG,Empakaai Tanzania,Aviation Costal,0,11,11,November,2017-11-15,11,0,0.0,1.0,11,Cessna 208B Grand,11,2017-11
1949,Qtr 4,November,29,Texas,Douglas DC 6N90728,Dallas Texas,Airlines American,0,46,11,November,1949-11-29,28,18,39.130434782608695,0.6086956521739131,28,Douglas,28,1949-11
1980,Qtr 4,November,28,Texas,Douglas DC 7BN816D,Pecos City Texas,Services Air Central,0,2,11,November,1980-11-28,2,0,0.0,1.0,2,Douglas,2,1980-11
2004,Qtr 4,November,22,Texas,Grumman Gulfstream G3N85VT,Houston Texas,Services Jet Business,0,3,11,November,2004-11-22,3,0,0.0,1.0,3,Grumman Gulfstream,3,2004-11
1935,Qtr 4,November,9,Texas,Lockheed VegaNC980Y,Near Fort Worth Texas,Airlines Braniff,0,1,11,November,1935-11-09,1,0,0.0,1.0,1,Lockheed,1,1935-11
1945,Qtr 4,November,8,Texas,Martin PBM 3S / Martin PBM,Off Corpus Christi Texas,Navy U.S. - Military / Navy U.S. - Military,0,27,11,November,1945-11-08,22,5,18.51851851851852,0.8148148148148148,22,Martin,22,1945-11
1990,Qtr 4,November,21,Thailand,de Havilland Canada DHC 8,Koh Samui Thailand,Airways Bangkok,0,38,11,November,1990-11-21,38,0,0.0,1.0,38,de Havilland Canada,38,1990-11
2007,Qtr 4,November,30,Turkey,McDonnell Douglas MD 83TC,Near Isparta Turkey,Airlines Atlasjet,0,57,11,November,2007-11-30,57,0,0.0,1.0,57,McDonnell Douglas,57,2007-11
1990,Qtr 4,November,19,Turkmenistan,Mil Mi 8TCCCP,Near Ashkhabad Turkmenistan,USSRAeroflot,0,15,11,November,1990-11-19,15,0,0.0,1.0,15,Mil,15,1990-11
1941,Qtr 4,November,29,Turkmenistan,Tupolev ANT 6CP,Chardzhou Turkmenistan,Aeroflot,0,36,11,November,1941-11-29,7,29,80.55555555555556,0.19444444444444445,7,Tupolev,7,1941-11
1959,Qtr 4,November,16,Ukraine,Antonov AN 10CCCP,Lvov Ukraine,USSRAeroflot,0,40,11,November,1959-11-16,40,0,0.0,1.0,40,Antonov,40,1959-11
1975,Qtr 4,November,20,Ukraine,Antonov AN 24CCCP,Kharkov Ukraine,USSRAeroflot,0,50,11,November,1975-11-20,19,31,62.0,0.38,19,Antonov,19,1975-11
1933,Qtr 4,November,21,Ukraine,Kalinin K 7?,Near Kharkov Ukraine,USSRKalinin,0,20,11,November,1933-11-21,14,6,30.0,0.7,14,Kalinin,14,1933-11
1937,Qtr 4,November,26,United,Junkers JU 52D,Croydon United,Lufthansa KingdomDeutsche,0,3,11,November,1937-11-26,3,0,0.0,1.0,3,Junkers,3,1937-11
1991,Qtr 4,November,20,USSRMilitary,Mil Mi 8 (helicopter)?,Nagoro-Karabak USSRMilitary,Force Air Soviet -,0,23,11,November,1991-11-20,23,0,0.0,1.0,23,Mil,23,1991-11
1991,Qtr 4,November,1,USSRMilitary,Mil Mi 8 (helicopter)?,Near Karakent USSRMilitary,Force Air Azerbaijan -,0,40,11,November,1991-11-01,40,0,0.0,1.0,40,Mil,40,1991-11
1931,Qtr 4,November,23,Utah,Boeing 40NC7465,Salt Lake City Utah,Transport Air Boeing,0,1,11,November,1931-11-23,1,0,0.0,1.0,1,Boeing,1,1931-11
1965,Qtr 4,November,11,Utah,Boeing B 727,Salt Lake City Utah,Lines Air United,0,91,11,November,1965-11-11,43,48,52.74725274725275,0.4725274725274725,43,Boeing,43,1965-11
1965,Qtr 4,November,27,Utah,Douglas C 53,Salt Lake City Utah,Airlines Edde,0,13,11,November,1965-11-27,13,0,0.0,1.0,13,Douglas,13,1965-11
1940,Qtr 4,November,4,Utah,Douglas DC 3NC16086,Near Centerville Utah,Lines Air United,0,10,11,November,1940-11-04,10,0,0.0,1.0,10,Douglas,10,1940-11
1979,Qtr 4,November,18,Utah,Lockheed L 188CF ElectraN859U,Granger Utah,Airlines Transamerica,0,3,11,November,1979-11-18,3,0,0.0,1.0,3,Lockheed,3,1979-11
2004,Qtr 4,November,18,Venezuela,BAe 3101 Jetstream 31YV 1083C,Caracas Venezuela,Venezolana,0,21,11,November,2004-11-18,3,18,85.71428571428571,0.14285714285714285,3,BAe 3101 Jetstream,3,2004-11
1989,Qtr 4,November,28,Venezuela,Cessna 402YV 478C,Charallave Venezuela,Cave Aéreas Lineas,0,7,11,November,1989-11-28,3,4,57.14285714285714,0.42857142857142855,3,Cessna,3,1989-11
1978,Qtr 4,November,21,Venezuela,Douglas C 47AHK,Near Rubio Venezuela,Venado el Aereo,0,27,11,November,1978-11-21,27,0,0.0,1.0,27,Douglas,27,1978-11
1956,Qtr 4,November,27,Venezuela,Lockheed 749 79,Caracas Venezuela,Venezolana Aeropostal Linea,0,25,11,November,1956-11-27,25,0,0.0,1.0,25,Lockheed,25,1956-11
1992,Qtr 4,November,14,Vietnam,Yakovlev YAK 40VN,Near Nha Trang Vietnam,Airlines Vietnam,0,31,11,November,1992-11-14,30,1,3.225806451612903,0.967741935483871,30,Yakovlev,30,1992-11
1949,Qtr 4,November,1,Virginia,Douglas C 54B / P,Arlington Virginia,Force Air Bolivian - Military / Lines Air Eastern,0,55,11,November,1949-11-01,55,0,0.0,1.0,55,Douglas,55,1949-11
1961,Qtr 4,November,8,Virginia,Lockheed C 69 ConstellationN2737A,Near Richmond Virginia,Airways Imperial,0,79,11,November,1961-11-08,76,3,3.79746835443038,0.9620253164556962,76,Lockheed,76,1961-11
1955,Qtr 4,November,17,Washingon,Douglas C 54N88852,Seattle Washingon,Peninsular,0,74,11,November,1955-11-17,28,46,62.16216216216216,0.3783783783783784,28,Douglas,28,1955-11
1931,Qtr 4,November,26,Washington,Boeing 40NC10338,Pasco Washington,Lines Air Varney,0,1,11,November,1931-11-26,1,0,0.0,1.0,1,Boeing,1,1931-11
1947,Qtr 4,November,30,Washington,Douglas C 54ANC,Seattle Washington,Airlines Alaska,1,28,11,November,1947-11-30,8,20,71.42857142857143,0.2857142857142857,9,Douglas,9,1947-11
1952,Qtr 4,November,28,Washington,Douglas C 54G (DC,Near Tacoma Washington,Force Air U.S. - Military,0,38,11,November,1952-11-28,37,1,2.631578947368421,0.9736842105263158,37,Douglas,37,1952-11
1929,Qtr 4,November,30,Washington,Stearman M 2 SpeedmailNC8199,Vancouver Washington,Lines Air Varney,0,1,11,November,1929-11-30,1,0,0.0,1.0,1,Stearman,1,1929-11
2003,Qtr 4,November,29,Washington,Swearingen SA227AT Merlin IVCN439AF,Spokane Washington,Ameriflight,0,1,11,November,2003-11-29,1,0,0.0,1.0,1,Swearingen SA227AT Merlin,1,2003-11
1978,Qtr 4,November,18,West,de Havilland Canada DHC 6 Twin Otter 300F,Off Marie Galante Island West,Guadeloupe IndiesAir,0,20,11,November,1978-11-18,15,5,25.0,0.75,15,de Havilland Canada,15,1978-11
1957,Qtr 4,November,3,West,Douglas DC 4D,Dusseldorf West,Company GermanyHerfurtner,1,10,11,November,1957-11-03,7,3,30.0,0.7,8,Douglas,8,1957-11
1970,Qtr 4,November,14,West,McDonnell Douglas DC 9,Near Huntington West,Airways VirginiaSouthern,0,75,11,November,1970-11-14,75,0,0.0,1.0,75,McDonnell Douglas,75,1970-11
1920,Qtr 4,November,7,Wyoming,De Havilland DH 4?,Tie Siding Wyoming,Service Mail Aerial US,0,1,11,November,1920-11-07,1,0,0.0,1.0,1,De Havilland,1,1920-11
1950,Qtr 4,November,21,Wyoming,Douglas DC 3N74586,Near Moran Junction Wyoming,Mission Tribes New,0,21,11,November,1950-11-21,21,0,0.0,1.0,21,Douglas,21,1950-11
2012,Qtr 4,November,21,Yemen,Antonov An 26420,San'a Yemen,Force Air Yemen - Military,0,10,11,November,2012-11-21,10,0,0.0,1.0,10,Antonov,10,2012-11
1966,Qtr 4,November,22,Yemen,Douglas DC 3VR,Near Aden Yemen,Airways Aden,0,30,11,November,1966-11-22,30,0,0.0,1.0,30,Douglas,30,1966-11
1947,Qtr 4,November,27,Yugoslavia,Lisunov LI 2YU,Montenegrin Mountains Yugoslavia,Airlines Yugoslav JAT,0,22,11,November,1947-11-27,22,0,0.0,1.0,22,Lisunov,22,1947-11
1944,Qtr 4,November,10,Yunan,Lockheed Hudson?,Near Kumming Yunan,China CATC,0,20,11,November,1944-11-10,20,0,0.0,1.0,20,Lockheed,20,1944-11
1961,Qtr 4,November,22,Zimbabwe,?VP YRX,Harare Zimbabwe,Services Air Rhodesian,0,3,11,November,1961-11-22,3,0,0.0,1.0,3,?VP,3,1961-11
1936,Qtr 4,October,6,Francisco Rueda,Lockheed OrionXA BDH,Francisco Rueda,Mexico Tabasco Mexicana,0,1,10,October,1936-10-06,1,0,0.0,1.0,1,Lockheed,1,1936-10
1947,Qtr 4,October,14,Unknown,Boeing 314A NC18612,Ocean 800,Airways International NewfoundlandAmerican of east miles,0,69,10,October,1947-10-14,0,69,100.0,0.0,0,Boeing 314A,0,1947-10
1984,Qtr 4,October,27,Afghanistan,Ilyushin IL 76MCCCP,Near Kabul Afghanistan,Force Air Soviet - Mililtary,0,11,10,October,1984-10-27,11,0,0.0,1.0,11,Ilyushin,11,1984-10
2015,Qtr 4,October,2,Afghanistan,Lockheed C 130J Hercules08,Jalalabad Afghanistan,Army U.S. - Military,2,11,10,October,2015-10-02,11,0,0.0,1.0,13,Lockheed,13,2015-10
2010,Qtr 4,October,12,Afghanistan,Lockheed L 100 Hercules5X,Near Kabul Afghanistan,Cargo Air National,0,8,10,October,2010-10-12,8,0,0.0,1.0,8,Lockheed,8,2010-10
1997,Qtr 4,October,29,Afghanistan,Yakovlev YAK 40YA,Jalal-Abad Afghanistan,Airlines Afghan Ariana,0,26,10,October,1997-10-29,2,24,92.3076923076923,0.07692307692307693,2,Yakovlev,2,1997-10
1978,Qtr 4,October,8,Alaska,Bell 205 1N2215W,Kenai Alaska,Taxi Air - Helicopter Era,0,7,10,October,1978-10-08,2,5,71.42857142857143,0.2857142857142857,2,Bell,2,1978-10
2001,Qtr 4,October,18,Alaska,Bell 206LN400EH,Anchorage Alaska,Taxi Air - Aviation ERA,0,5,10,October,2001-10-18,3,2,40.0,0.6,3,Bell,3,2001-10
2001,Qtr 4,October,10,Alaska,Cessna 208 CaravanN9530F,Dillingham Alaska,Pen,0,10,10,October,2001-10-10,10,0,0.0,1.0,10,Cessna 208,10,2001-10
1947,Qtr 4,October,26,Alaska,Douglas DC 4ANC88920,Annette Island Alaska,Airways World American Pan,0,18,10,October,1947-10-26,18,0,0.0,1.0,18,Douglas,18,1947-10
1974,Qtr 4,October,27,Alaska,Lockheed L 100 HerculesN102AK,Old Man's Camp Alaska,Air International Alaska,0,4,10,October,1974-10-27,4,0,0.0,1.0,4,Lockheed,4,1974-10
1956,Qtr 4,October,2,Alaska,Stinson AT 19N 79069,Near Nome Alaska,Airlines Alaska,0,5,10,October,1956-10-02,5,0,0.0,1.0,5,Stinson,5,1956-10
1948,Qtr 4,October,27,Alberta,Douglas C 54ANC88785,Near Edmonton Alberta,Canada Northwest Orient Airlines,0,5,10,October,1948-10-27,2,3,60.0,0.4,2,Douglas,2,1948-10
1996,Qtr 4,October,6,Angola,Antonov 12BRA 11101,Lukapa Angola,Savanair,0,19,10,October,1996-10-06,6,13,68.42105263157895,0.3157894736842105,6,Antonov,6,1996-10
2000,Qtr 4,October,31,Angola,Antonov AN 26D2,Near Monaquimbundo Angola,Aca-Ancargo,0,44,10,October,2000-10-31,44,0,0.0,1.0,44,Antonov,44,2000-10
2017,Qtr 4,October,12,Angola,Embraer EMB 120ERD2,Near Cuílo Angola,Guicango,0,7,10,October,2017-10-12,7,0,0.0,1.0,7,Embraer,7,2017-10
1994,Qtr 4,October,26,Angola,Mil Mi 8MTV (helicopter)H534,Near Cuito Angola,Force Air Angolan - Military,0,22,10,October,1994-10-26,22,0,0.0,1.0,22,Mil,22,1994-10
2003,Qtr 4,October,26,Argentina,Fairchild Hiller FH 227BLV,Buenos Aires Argentina,Aerea Linea CATA,0,5,10,October,2003-10-26,5,0,0.0,1.0,5,Fairchild Hiller,5,2003-10
1952,Qtr 4,October,29,Arizona,Boeing KC 97G Stratofreighter52,Near Flagstaff Arizona,Force Air U.S. - Military,0,16,10,October,1952-10-29,16,0,0.0,1.0,16,Boeing,16,1952-10
1971,Qtr 4,October,16,Arizona,Cessna 402N3250Q,Colorado City Arizona,Lines Air Scenic,0,10,10,October,1971-10-16,10,0,0.0,1.0,10,Cessna,10,1971-10
1998,Qtr 4,October,21,Armenia,Yakovlev YAK 40EK,Yerevan Armenia,Avia Ararat,4,37,10,October,1998-10-21,0,37,100.0,0.0,4,Yakovlev,4,1998-10
1945,Qtr 4,October,20,Atlantic,Douglas C 47BA65,Timor Sea Atlantic,Force Air Australian Royal - OceanMilitary,0,25,10,October,1945-10-20,25,0,0.0,1.0,25,Douglas,25,1945-10
1934,Qtr 4,October,3,Australia,de Havilland DH 50AVH,Near Winton Australia,Qantas,0,3,10,October,1934-10-03,3,0,0.0,1.0,3,De Havilland,3,1934-10
1934,Qtr 4,October,19,Australia,de Havilland DH 86VH,Bass Strait Australia,Airways Holymans,0,11,10,October,1934-10-19,11,0,0.0,1.0,11,De Havilland,11,1934-10
1930,Qtr 4,October,13,Australia,de Havilland DH.80 Puss MothVH UPC,Perth Australia,Ltd Wings,0,3,10,October,1930-10-13,3,0,0.0,1.0,3,de Havilland DH.80 Puss,3,1930-10
1938,Qtr 4,October,25,Australia,Douglas DC 2,Mt. Dandenong Australia,Airways National Australian,0,18,10,October,1938-10-25,18,0,0.0,1.0,18,Douglas,18,1938-10
1985,Qtr 4,October,10,Australia,IAI 1124 WestwindVH IWJ,Off South Head Australia,Air Pel,0,2,10,October,1985-10-10,2,0,0.0,1.0,2,IAI 1124,2,1985-10
1944,Qtr 4,October,11,Australia,Short S 23 (flying boat)VH,Sydney Australia,Qantas,0,30,10,October,1944-10-11,1,29,96.66666666666667,0.03333333333333333,1,Short,1,1944-10
1944,Qtr 4,October,11,Australia,Short S.23 Empire Flying BoatVH ABB,Sydney Australia,Qantas,0,29,10,October,1944-10-11,1,28,96.55172413793103,0.034482758620689655,1,Short S.23 Empire Flying,1,1944-10
1954,Qtr 4,October,31,Australia,Vickers 720 ViscountVH TVA,Mangalore Australia,TAA,0,8,10,October,1954-10-31,3,5,62.5,0.375,3,Vickers 720,3,1954-10
1981,Qtr 4,October,15,Austria,Cessna 404 TitanOE FCT,Kufstein Austria,Flugdienst Oefag,0,9,10,October,1981-10-15,9,0,0.0,1.0,9,Cessna 404,9,1981-10
1955,Qtr 4,October,10,Austria,Convair CV 340,Near Vienna Austria,Airlines Yugoslav JAT,0,29,10,October,1955-10-10,7,22,75.86206896551724,0.2413793103448276,7,Convair,7,1955-10
1948,Qtr 4,October,12,Azerbaijan,Ilyushin Il12CCCP L1450,Near Yevlakh Azerbaijan,USSRAeroflot,0,10,10,October,1948-10-12,10,0,0.0,1.0,10,Ilyushin,10,1948-10
1949,Qtr 4,October,28,Azores,Lockheed 749 79,San Miguel Island Azores,France Air,0,48,10,October,1949-10-28,48,0,0.0,1.0,48,Lockheed,48,1949-10
1976,Qtr 4,October,6,Barbados,McDonnell Douglas DC 8,Off Bridgetown Barbados,Aviacion de Cubana,0,73,10,October,1976-10-06,73,0,0.0,1.0,73,McDonnell Douglas,73,1976-10
2011,Qtr 4,October,27,Unknown,Beechcraft 100 King AirC GXRX,Vancouver BC,Canada Northern Thunderbird Air Inc.,0,9,10,October,2011-10-27,1,8,88.88888888888889,0.1111111111111111,1,Beechcraft 100 King,1,2011-10
1951,Qtr 4,October,17,Unknown,Consolidated PBY 5A CatalinaCF,Mt. Benson BC,Canada Queen Charlotte Airlines,0,23,10,October,1951-10-17,23,0,0.0,1.0,23,Consolidated,23,1951-10
1930,Qtr 4,October,28,Unknown,Lockheed VegaNC103W,Prince Rupert BC,Canada Alaska-Washington Airways,0,3,10,October,1930-10-28,3,0,0.0,1.0,3,Lockheed,3,1930-10
1945,Qtr 4,October,13,Belgium,Consolidated LB 30,Melsbroek Belgium,Force Air -Royal Military,0,31,10,October,1945-10-13,31,0,0.0,1.0,31,Consolidated,31,1945-10
1976,Qtr 4,October,13,Bolivia,Boeing B 707,Santa Cruz Bolivia,Boliviano Aéreo Lloyd,113,3,10,October,1976-10-13,3,0,0.0,1.0,116,Boeing,116,1976-10
1975,Qtr 4,October,27,Bolivia,Convair CV 440,Tomonoco Bolivia,(Bolivia) TAM,0,67,10,October,1975-10-27,67,0,0.0,1.0,67,Convair,67,1975-10
1985,Qtr 4,October,11,Bolivia,Curtiss C 46DCP,Near Beni Bolivia,Sabeni,0,2,10,October,1985-10-11,2,0,0.0,1.0,2,Curtiss,2,1985-10
1958,Qtr 4,October,15,Bolivia,Douglas C 47ATAM,Villa Montes Bolivia,(Bolivia) TAM - Military,0,20,10,October,1958-10-15,20,0,0.0,1.0,20,Douglas,20,1958-10
1990,Qtr 4,October,19,Bolivia,Douglas C 47B,Near Bella Vista Bolivia,BAFIN,0,4,10,October,1990-10-19,4,0,0.0,1.0,4,Douglas,4,1990-10
1932,Qtr 4,October,26,Bolivia,Ford Tri motor 5?,Villa Monte Bolivia,Boliviano Aero Lloyd,0,2,10,October,1932-10-26,2,0,0.0,1.0,2,Ford,2,1932-10
1988,Qtr 4,October,2,Brazil,Beech King Air F90PT LJR,Sao Pedro da Aldeia Brazil,Aramar,0,8,10,October,1988-10-02,8,0,0.0,1.0,8,Beech King Air,8,1988-10
1968,Qtr 4,October,20,Brazil,Douglas C 47A,Feijó Brazil,Cruzeiro,0,19,10,October,1968-10-20,19,0,0.0,1.0,19,Douglas,19,1968-10
1957,Qtr 4,October,18,Brazil,Douglas C 47APP,Porto Alegre Brazil,Varig,0,2,10,October,1957-10-18,2,0,0.0,1.0,2,Douglas,2,1957-10
1952,Qtr 4,October,14,Brazil,Douglas DC 3PP,San Fransisco do Paula Brazil,Brasil Aero,0,28,10,October,1952-10-14,14,14,50.0,0.5,14,Douglas,14,1952-10
1983,Qtr 4,October,7,Brazil,Embraer 110C BandeirantePP SBH,Aracatuba Brazil,Regional Aéreas Lineas TAM,0,15,10,October,1983-10-07,7,8,53.333333333333336,0.4666666666666667,7,Embraer 110C,7,1983-10
1985,Qtr 4,October,9,Brazil,Embraer 110C BandeirantePT GKA,Vitória da Conquista Brazil,Aéreas Linhas Nordeste,0,2,10,October,1985-10-09,2,0,0.0,1.0,2,Embraer 110C,2,1985-10
1976,Qtr 4,October,28,Brazil,Embraer 110C BandeirantePT TBA,Near Petrolia Brazil,Aéreas Linhas Nordeste,0,7,10,October,1976-10-28,2,5,71.42857142857143,0.2857142857142857,2,Embraer 110C,2,1976-10
1996,Qtr 4,October,31,Brazil,Fokker 100PT MRK,Sao Paolo Brazil,(Brazil) TAM,3,95,10,October,1996-10-31,95,0,0.0,1.0,98,Fokker,98,1996-10
1994,Qtr 4,October,14,Brazil,Lockheed C 130EC,Near Formoso do Aragala Brazil,Force Air Brazilian - Military,0,21,10,October,1994-10-14,21,0,0.0,1.0,21,Lockheed,21,1994-10
1973,Qtr 4,October,23,Brazil,NAMC YS 11A,Guanabara Bay Brazil,VASP,0,65,10,October,1973-10-23,8,57,87.6923076923077,0.12307692307692308,8,NAMC,8,1973-10
1941,Qtr 4,October,28,Bulgaria,Junkers JU 53/3mD,Near Petrich bulgaria,Lufthansa Deutsche,0,13,10,October,1941-10-28,13,0,0.0,1.0,13,Junkers,13,1941-10
1991,Qtr 4,October,25,California,Bell 206B helicopterN3456M,Vallejo California,Private - Inc. Mobility Corporate,0,3,10,October,1991-10-25,3,0,0.0,1.0,3,Bell 206B,3,1991-10
1964,Qtr 4,October,27,California,Douglas A 3D Skywarrior?,El Centro California,Navy US - Military,6,3,10,October,1964-10-27,3,0,0.0,1.0,9,Douglas,9,1964-10
1959,Qtr 4,October,26,California,Douglas C 47A,Santa Maria California,Lines Air Pacific,1,19,10,October,1959-10-26,1,18,94.73684210526315,0.05263157894736842,2,Douglas,2,1959-10
1942,Qtr 4,October,23,California,Douglas DC 3 / Lockheed B,Palm Springs California,USAF - Military / Airlines American,0,13,10,October,1942-10-23,12,1,7.6923076923076925,0.9230769230769231,12,Douglas,12,1942-10
1953,Qtr 4,October,29,California,Douglas DC 6VH,Near Half Moon Bay California,Airlines Pacific Commonwealth British,0,19,10,October,1953-10-29,19,0,0.0,1.0,19,Douglas,19,1953-10
2004,Qtr 4,October,24,California,Learjet 35AN30DK,San Diego California,Private - Ambulance Air Flight Med,0,5,10,October,2004-10-24,5,0,0.0,1.0,5,Learjet,5,2004-10
1972,Qtr 4,October,2,Cambodia,Douglas DC 3XW,Kampot Cambodia,Air Cambodia,0,9,10,October,1972-10-02,9,0,0.0,1.0,9,Douglas,9,1972-10
1981,Qtr 4,October,31,Cameroon,de Havilland Canada DHC 6 Twin Otter 300TJ,Bafoussam Cameroon,Airlines Cameroon,0,24,10,October,1981-10-31,1,23,95.83333333333334,0.041666666666666664,1,de Havilland Canada,1,1981-10
1984,Qtr 4,October,9,Canada,de Havilland Canada DHC 6 Twin Otter 100C,Fort Franklin Canada,Services Air Nahanni,0,7,10,October,1984-10-09,7,0,0.0,1.0,7,de Havilland Canada,7,1984-10
1931,Qtr 4,October,6,Canada,Heinkel HE 2D,Novia Scotia Canada,Lufthansa Deutsche,0,3,10,October,1931-10-06,3,0,0.0,1.0,3,Heinkel,3,1931-10
2001,Qtr 4,October,11,Canada,Swearingen SA.226TC Metro IC GYPA,Shamattawa Canada,Airlines Perimeter,0,3,10,October,2001-10-11,2,1,33.33333333333333,0.6666666666666666,2,Swearingen SA.226TC Metro,2,2001-10
1978,Qtr 4,October,6,Chile,Douglas R6D 1 (DC,Santiago de Chile Chile,Navy US - Military,0,18,10,October,1978-10-06,18,0,0.0,1.0,18,Douglas,18,1978-10
1972,Qtr 4,October,13,Chile,Fairchild Hiller FH,Near San Fernando Chile,TAMU - Force Air Uruguayan,0,45,10,October,1972-10-13,29,16,35.55555555555556,0.6444444444444445,29,Fairchild,29,1972-10
1992,Qtr 4,October,8,China,Avia 14M 40B,Near Dingxi China,Airlines Wuhan,0,35,10,October,1992-10-08,14,21,60.0,0.4,14,Avia,14,1992-10
1990,Qtr 4,October,2,China,Boeing B 737,Guangzhou China,Airlines Xiamen / Airlines Southern China,0,226,10,October,1990-10-02,128,98,43.36283185840708,0.5663716814159292,128,Boeing,128,1990-10
1989,Qtr 4,October,26,China,Boeing B 737,Hualien China,(Taiwan) Airlines China,0,54,10,October,1989-10-26,54,0,0.0,1.0,54,Boeing,54,1989-10
1945,Qtr 4,October,30,China,Curtiss Wright C,Chihchiang China,Forces Air Army U.S. - Military,0,50,10,October,1945-10-30,45,5,10.0,0.9,45,Curtiss,45,1945-10
1945,Qtr 4,October,16,China,Curtiss Wright C,Near Peking China,Forces Air Army U.S. - Military,0,59,10,October,1945-10-16,59,0,0.0,1.0,59,Curtiss,59,1945-10
1945,Qtr 4,October,20,China,Douglas C 47?,Between Shanghi and Canton China,Corporation Aviation National China,0,31,10,October,1945-10-20,31,0,0.0,1.0,31,Douglas,31,1945-10
1942,Qtr 4,October,1,China,Douglas C 4769,Kunming China,Corporation Aviation National China,0,0,10,October,1942-10-01,0,0,Unknown,Unknown,0,Douglas,0,1942-10
1940,Qtr 4,October,29,China,Douglas DC 2NC14297,Near Changyi China,Corporation Aviation National China,0,14,10,October,1940-10-29,9,5,35.714285714285715,0.6428571428571429,9,Douglas,9,1940-10
1988,Qtr 4,October,7,China,Ilyushin IL 14PB,Linfen China,Airlines Shanxi,2,48,10,October,1988-10-07,44,4,8.333333333333332,0.9166666666666666,46,Ilyushin,46,1988-10
1993,Qtr 4,October,26,China,McDonnell Douglas MD 82B,Fuzhou China,Airlines Eastern China,0,80,10,October,1993-10-26,2,78,97.5,0.025,2,McDonnell Douglas,2,1993-10
1994,Qtr 4,October,8,Colombia,Antonov AN 32BHK3929X,Mitu Colombia,SELVA,0,10,10,October,1994-10-08,10,0,0.0,1.0,10,Antonov,10,1994-10
1942,Qtr 4,October,24,Colombia,Boeing 247C 144,La Esperanza Colombia,Avianca,0,6,10,October,1942-10-24,6,0,0.0,1.0,6,Boeing,6,1942-10
1987,Qtr 4,October,11,Colombia,de Havilland Canada DHC 6 Twin Otter 310HK,El Poleo Colombia,Colombia Aeroejecutivos,0,9,10,October,1987-10-11,2,7,77.77777777777779,0.2222222222222222,2,de Havilland Canada,2,1987-10
1971,Qtr 4,October,17,Colombia,Douglas C 47AHK,San Vicente del Caguan Colombia,TAO Aerolineas,0,21,10,October,1971-10-17,19,2,9.523809523809524,0.9047619047619048,19,Douglas,19,1971-10
1965,Qtr 4,October,17,Colombia,Douglas DC 3 / Piper PA,Bucaramanga Colombia,Avianca,0,19,10,October,1965-10-17,19,0,0.0,1.0,19,Douglas,19,1965-10
2004,Qtr 4,October,15,Colombia,Douglas DC 3CHK,Near Medellin Colombia,Aerovanguardia,0,3,10,October,2004-10-15,3,0,0.0,1.0,3,Douglas,3,2004-10
1939,Qtr 4,October,10,Colombia,Junkers W 34C,Calarmar Colombia,Scarta,0,5,10,October,1939-10-10,5,0,0.0,1.0,5,Junkers,5,1939-10
2007,Qtr 4,October,8,Colombia,Let 410 UVP E10AHK,Near Cubarral Colombia,Aviacion de Nacional,0,17,10,October,2007-10-08,17,0,0.0,1.0,17,LET 410,17,2007-10
1974,Qtr 4,October,28,Colorado,Beechcraft 95 B55N414K,Pagosa Springs Colorado,Taxi Air - Aviation Hlavka,0,2,10,October,1974-10-28,2,0,0.0,1.0,2,Beechcraft,2,1974-10
1997,Qtr 4,October,8,Colorado,Cessna 208B Caravan IN12022,Near Montrose Colorado,Airlines Scenic,0,9,10,October,1997-10-08,9,0,0.0,1.0,9,Cessna 208B Caravan,9,1997-10
1998,Qtr 4,October,10,Congo,Boeing B 727,Near Kindu Congo,Airline Congo,0,41,10,October,1998-10-10,41,0,0.0,1.0,41,Boeing,41,1998-10
1996,Qtr 4,October,3,Congo,de Havilland Canada DHC 6 Twin Otter 2009Q,Kahemba Congo,Aviation Malu,0,21,10,October,1996-10-03,6,15,71.42857142857143,0.2857142857142857,6,de Havilland Canada,6,1996-10
2010,Qtr 4,October,21,Congo,Let 410UVP9Q CUA,Near Bugulumisa Congo,Tracep,0,2,10,October,2010-10-21,2,0,0.0,1.0,2,Let,2,2010-10
1962,Qtr 4,October,19,Connecticut,Convair CV 340/440N8415N,Windsor Locks Connecticut,Airlines Allegheny,0,52,10,October,1962-10-19,1,51,98.07692307692307,0.019230769230769232,1,Convair,1,1962-10
1968,Qtr 4,October,8,Costa,Britten Norman BN,Puerto Cortes Costa,Valle del RicaAerovias,0,10,10,October,1968-10-08,10,0,0.0,1.0,10,Britten,10,1968-10
1940,Qtr 4,October,22,Croatia,Lockheed 10 ElectraYU SBE,Osijek Croatia,Aeroput,0,12,10,October,1940-10-22,7,5,41.66666666666667,0.5833333333333334,7,Lockheed 18,7,1940-10
1990,Qtr 4,October,24,Cuba,Yakovlev YAK 40CU,Santiago de Cuba Cuba,Aviacion de Cubana,0,31,10,October,1990-10-24,11,20,64.51612903225806,0.3548387096774194,11,Yakovlev,11,1990-10
1968,Qtr 4,October,11,Czechoslovakia,Avia 14 40OK,Near Prague Czechoslovakia,Aerolinie Ceskoslovenske,0,40,10,October,1968-10-11,11,29,72.5,0.275,11,Avia,11,1968-10
1962,Qtr 4,October,10,Czechoslovakia,Avia 14OK MCT,Brno Czechoslovakia,Airlinex Czechoslovak,0,42,10,October,1962-10-10,13,29,69.04761904761905,0.30952380952380953,13,Avia,13,1962-10
1975,Qtr 4,October,30,Czechoslovakia,McDonnell Douglas DC 9,Near Prague Czechoslovakia,Aviopromet Adria Inex,0,120,10,October,1975-10-30,75,45,37.5,0.625,75,McDonnell Douglas,75,1975-10
2005,Qtr 4,October,4,Democratic,Antonov 12V9Q CWC,Aru Democratic,Airways Dira CogoWimbi Republic,0,100,10,October,2005-10-04,2,98,98.0,0.02,2,Antonov,2,2005-10
2007,Qtr 4,October,4,Unknown,Antonov AN 269Q,Kinshasa DR,Congo One CongoAfrica,30,22,10,October,2007-10-04,21,1,4.545454545454546,0.9545454545454546,51,Antonov,51,2007-10
1996,Qtr 4,October,22,Ecuador,Boeing B 707,Manta Ecuador,Air Million,30,4,10,October,1996-10-22,4,0,0.0,1.0,34,Boeing,34,1996-10
2015,Qtr 4,October,31,Egypt,Airbus A321 231EI,Near Hasna Egypt,Metrojet,0,224,10,October,2015-10-31,224,0,0.0,1.0,224,Airbus,224,2015-10
1963,Qtr 4,October,18,Egypt,Antonov AN 12?,Near Aswan Egypt,Force Air Soviet - Military,0,31,10,October,1963-10-18,31,0,0.0,1.0,31,Antonov,31,1963-10
1946,Qtr 4,October,23,Egypt,Junkers Ju 52/3mF,Gebel Kalamoun Egypt,Socotra,0,24,10,October,1946-10-23,1,23,95.83333333333334,0.041666666666666664,1,Junkers,1,1946-10
1991,Qtr 4,October,30,Ellesmere,Lockheed CC 130E130322,Near Point Alert Ellesmere,NWT Island,0,18,10,October,1991-10-30,5,13,72.22222222222221,0.2777777777777778,5,Lockheed,5,1991-10
1963,Qtr 4,October,22,England,BAC One Eleven 200ABG,Near Tisbury England,Corporation Aircraft British,0,7,10,October,1963-10-22,7,0,0.0,1.0,7,BAC,7,1963-10
1944,Qtr 4,October,18,England,Consolidated B24H42 50347,Birkenhead England,Forces Air Army U.S. - Military,0,24,10,October,1944-10-18,24,0,0.0,1.0,24,Consolidated,24,1944-10
1945,Qtr 4,October,5,England,Consolidated LB 40,Elvetham England,Force Air -Royal Military,0,23,10,October,1945-10-05,23,0,0.0,1.0,23,Consolidated,23,1945-10
1919,Qtr 4,October,2,England,De Havilland DH 4?,Newcastle England,Travel and Transport Aircraft,0,1,10,October,1919-10-02,1,0,0.0,1.0,1,De Havilland,1,1919-10
1950,Qtr 4,October,17,England,Douglas C 47AG,London England,Airways European British,0,29,10,October,1950-10-17,28,1,3.4482758620689653,0.9655172413793104,28,Douglas,28,1950-10
1956,Qtr 4,October,10,England,Douglas C188 B1311588,Off Land's End England,Navy U.S. - Military,0,59,10,October,1956-10-10,59,0,0.0,1.0,59,Douglas,59,1956-10
1932,Qtr 4,October,29,England,Junkers W 33 D,Ramsgate England,Lufthansa Deutsche,0,2,10,October,1932-10-29,2,0,0.0,1.0,2,Junkers,2,1932-10
1950,Qtr 4,October,31,England,Vickers 610 Viking 1BG,London Heathrow England,Airways European British,0,30,10,October,1950-10-31,28,2,6.666666666666667,0.9333333333333333,28,Vickers 610,28,1950-10
1965,Qtr 4,October,27,England,Vickers Vanguard 951G APEE,London England,Airways European British,0,36,10,October,1965-10-27,36,0,0.0,1.0,36,Vickers Vanguard,36,1965-10
1916,Qtr 4,October,1,England,Zeppelin L 31 (airship)?,Potters Bar England,Navy German - Military,0,19,10,October,1916-10-01,19,0,0.0,1.0,19,Zeppelin,19,1916-10
1964,Qtr 4,October,2,Ethiopia,Lockheed L 749A,Addis Ababa Ethiopia,Interocean,0,7,10,October,1964-10-02,1,6,85.71428571428571,0.14285714285714285,1,Lockheed,1,1964-10
1978,Qtr 4,October,3,Finland,Douglas C 47A,Near Kuopio Finland,Force Air Finish - Military,0,15,10,October,1978-10-03,15,0,0.0,1.0,15,Douglas,15,1978-10
1960,Qtr 4,October,29,Florida,Douglas DC 3?,Key West Florida,Aviacion de Cubana,0,37,10,October,1960-10-29,1,36,97.2972972972973,0.02702702702702703,1,Douglas,1,1960-10
1945,Qtr 4,October,5,Florida,Lockheed 18 LodestarNC18199,Lakeland Florida,Airlines National,0,15,10,October,1945-10-05,2,13,86.66666666666667,0.13333333333333333,2,Lockheed 18,2,1945-10
1990,Qtr 4,October,3,Florida,McDonnell Douglas DC 9,Cape Canaveral Florida,Lines Air Eastern,0,97,10,October,1990-10-03,1,96,98.96907216494846,0.010309278350515464,1,McDonnell Douglas,1,1990-10
1928,Qtr 4,October,31,France,Bleriot Spad 56F AIMN,Valence France,Union Air,0,2,10,October,1928-10-31,1,1,50.0,0.5,1,Bleriot Spad,1,1928-10
1963,Qtr 4,October,9,France,Douglas C 74HP,Near Marseilles France,Panama de Aeronaves,0,6,10,October,1963-10-09,6,0,0.0,1.0,6,Douglas,6,1963-10
1961,Qtr 4,October,7,France,Douglas DC 3G,Mt. Canigou France,Aviation Derby,0,34,10,October,1961-10-07,34,0,0.0,1.0,34,Douglas,34,1961-10
1933,Qtr 4,October,31,France,Farman F 301F,Etobon France,France Air,0,5,10,October,1933-10-31,2,3,60.0,0.4,2,Farman,2,1933-10
1930,Qtr 4,October,30,France,Handley Page W 8G,Near Neufchatel France,Airways Imperial,0,6,10,October,1930-10-30,3,3,50.0,0.5,3,Handley Page,3,1930-10
1930,Qtr 4,October,5,France,Royal Airship Works R 101G,Near Beauvais France,Ministry Air British - Military,0,54,10,October,1930-10-05,48,6,11.11111111111111,0.8888888888888888,48,Royal Airship Works,48,1930-10
1920,Qtr 4,October,2,France,Salmson 2 A,Off Port Vendres France,Airlines Latecoere,0,2,10,October,1920-10-02,2,0,0.0,1.0,2,Salmson,2,1920-10
1945,Qtr 4,October,7,France,Short Stirling IVLJ668,Rennes France,Force Air Royal - Military,0,26,10,October,1945-10-07,26,0,0.0,1.0,26,Short Stirling,26,1945-10
1917,Qtr 4,October,20,France,Zeppelin L 44 (airship)?,Near Luneville France,Navy German - Military,0,18,10,October,1917-10-20,18,0,0.0,1.0,18,Zeppelin,18,1917-10
1938,Qtr 4,October,1,Gambia,Dornier DO.18 (float plane)D AROZ,Off Bathurst Gambia,Lufthansa Deutsche,0,4,10,October,1938-10-01,4,0,0.0,1.0,4,Dornier DO.18 (float,4,1938-10
1943,Qtr 4,October,22,Georgia,Douglas C 47,Columbus Georgia,Forces Air Army U.S. - Military,0,20,10,October,1943-10-22,20,0,0.0,1.0,20,Douglas,20,1943-10
1993,Qtr 4,October,4,Georgia,Mil Mi 8 (helicopter)?,Near Svanetia Georgia,Force Air Georgian - Military,0,60,10,October,1993-10-04,60,0,0.0,1.0,60,Mil,60,1993-10
1953,Qtr 4,October,14,Germany,Convair CV 240,Frankfurt Germany,Sabena,0,44,10,October,1953-10-14,44,0,0.0,1.0,44,Convair,44,1953-10
1940,Qtr 4,October,29,Germany,Douglas DC 3D,Berlin Germany,Lufthansa Deutsche,0,15,10,October,1940-10-29,2,13,86.66666666666667,0.13333333333333333,2,Douglas,2,1940-10
1926,Qtr 4,October,8,Germany,Fokker FG IIID 468,Bueren Germany,Lufthansa Deutsche,0,4,10,October,1926-10-08,4,0,0.0,1.0,4,Fokker,4,1926-10
1930,Qtr 4,October,6,Germany,Messerschmitt M 20BD,Dresden Germany,Lufthansa Deutsche,0,8,10,October,1930-10-06,8,0,0.0,1.0,8,Messerschmitt,8,1930-10
1938,Qtr 4,October,10,Germany,Savbia Marchetti S,Soest Germany,Sabena,0,20,10,October,1938-10-10,20,0,0.0,1.0,20,Savbia,20,1938-10
1913,Qtr 4,October,17,Germany,Zeppelin L 2 (airship)?,Near Johannisthal Germany,Navy German - Military,0,28,10,October,1913-10-17,28,0,0.0,1.0,28,Zeppelin,28,1913-10
1964,Qtr 4,October,2,Granada,Douglas DC 6BF,Near Trevelez Granada,Spain Union des Transportes Aeriens,0,80,10,October,1964-10-02,80,0,0.0,1.0,80,Douglas,80,1964-10
1967,Qtr 4,October,12,Greece,de Havilland Comet 4BG ARCO,Off Rhodes Greece,Airways European British,0,66,10,October,1967-10-12,66,0,0.0,1.0,66,de Havilland Comet,66,1967-10
1959,Qtr 4,October,30,Greece,Douglas DC 3SX,Athens Greece,Airways Olympic,0,18,10,October,1959-10-30,18,0,0.0,1.0,18,Douglas,18,1959-10
1947,Qtr 4,October,26,Greece,Douglas DC 4,Near Mt. Hymettus Greece,Aerotransport AB,0,44,10,October,1947-10-26,44,0,0.0,1.0,44,Douglas,44,1947-10
1979,Qtr 4,October,7,Greece,McDonnell Douglas DC 8,Athens Greece,Swissair,0,156,10,October,1979-10-07,14,142,91.02564102564102,0.08974358974358974,14,McDonnell Douglas,14,1979-10
1972,Qtr 4,October,21,Greece,NAMC YS 11A,Off Athens Greece,Airways Olympic,0,53,10,October,1972-10-21,37,16,30.18867924528302,0.6981132075471698,37,NAMC,37,1972-10
1937,Qtr 4,October,1,Greece,Short Empire flying boatG ADVC,Phaleron Bay Greece,Airways Imperial,0,14,10,October,1937-10-01,2,12,85.71428571428571,0.14285714285714285,2,Short Empire flying,2,1937-10
1970,Qtr 4,October,28,Guadeloupe,Curtiss C 46DHK,Pointe-à-Pitre Guadeloupe,Colombia Aerocosta,0,4,10,October,1970-10-28,2,2,50.0,0.5,2,Curtiss,2,1970-10
1951,Qtr 4,October,27,Guatemala,Douglas C 47FAGO961,Near Flores Guatemala,Force Air Guatemalan - Military,0,29,10,October,1951-10-27,27,2,6.896551724137931,0.9310344827586207,27,Douglas,27,1951-10
1989,Qtr 4,October,21,Honduras,Boeing B 727,Near Tegucigalpa Honduras,TAN,0,146,10,October,1989-10-21,127,19,13.013698630136986,0.8698630136986302,127,Boeing,127,1989-10
1958,Qtr 4,October,9,Idaho,Fairchild C 123 Provider55,Payette Idaho,Force Air U.S. - Military,0,19,10,October,1958-10-09,19,0,0.0,1.0,19,Fairchild,19,1958-10
1971,Qtr 4,October,21,Illinois,Beech E18SN51CS,Peoria Illinois,Airlines Southern and Chicago,0,16,10,October,1971-10-21,16,0,0.0,1.0,16,Beech,16,1971-10
2008,Qtr 4,October,15,Illinois,Bell 222N992AA,Aurora Illinois,Inc. Angles Air,0,4,10,October,2008-10-15,4,0,0.0,1.0,4,Bell,4,2008-10
1920,Qtr 4,October,15,Illinois,De Havilland DH 476,Batavia Illinois,Service Mail Aerial US,0,1,10,October,1920-10-15,1,0,0.0,1.0,1,De Havilland,1,1920-10
1983,Qtr 4,October,11,Illinois,Hawker Siddeley HS 748,Pinckneyville Illinois,Illinois Air,0,10,10,October,1983-10-11,10,0,0.0,1.0,10,Hawker Siddeley,10,1983-10
1988,Qtr 4,October,19,India,Boeing B 737,Near Ahmedabad India,Airlines Indian,0,129,10,October,1988-10-19,124,5,3.875968992248062,0.9612403100775194,124,Boeing,124,1988-10
1944,Qtr 4,October,7,India,Douglas C 47101,Near Sadiya India,Corporation Aviation National China,0,3,10,October,1944-10-07,3,0,0.0,1.0,3,Douglas,3,1944-10
1945,Qtr 4,October,23,India,Douglas C 47BKJ957,Near Chiringa India,Force Air Royal - Military,0,14,10,October,1945-10-23,14,0,0.0,1.0,14,Douglas,14,1945-10
1946,Qtr 4,October,17,India,Douglas C 47BKN236,Near Chitral India,Force Air Royal - Military,0,11,10,October,1946-10-17,11,0,0.0,1.0,11,Douglas,11,1946-10
1947,Qtr 4,October,31,India,Douglas C 47BM965,Near Srinagar India,Force Air Indian Royal - Military,0,25,10,October,1947-10-31,25,0,0.0,1.0,25,Douglas,25,1947-10
1956,Qtr 4,October,19,India,Douglas DC 3VT,Agartala India,Airlines Indian,0,3,10,October,1956-10-19,3,0,0.0,1.0,3,Douglas,3,1956-10
1988,Qtr 4,October,19,India,Fokker F 27 Friendship 100VT,Gauhati India,Vayudoot,0,34,10,October,1988-10-19,34,0,0.0,1.0,34,Fokker,34,1988-10
2002,Qtr 4,October,1,India,Ilyushin IL 38 / Ilyushin IL,Vasco India,Navy Indian - Military,5,12,10,October,2002-10-01,12,0,0.0,1.0,17,Ilyushin,17,2002-10
1976,Qtr 4,October,13,India,Sud Aviation Caravelle VI,Near Bombay India,Airlines Indian,0,95,10,October,1976-10-13,95,0,0.0,1.0,95,Sud,95,1976-10
1987,Qtr 4,October,20,Indiana,A 7D Corsair?,Indianapolis Indiana,Force Air U.S. - Military,10,11,10,October,1987-10-20,10,1,9.090909090909092,0.9090909090909091,20,A,20,1987-10
1994,Qtr 4,October,31,Indiana,ATR 72,Roselawn Indiana,Eagle American,0,68,10,October,1994-10-31,68,0,0.0,1.0,68,ATR,68,1994-10
1933,Qtr 4,October,10,Indiana,Boeing 247NC13304,Chesterton Indiana,Lines Air United,0,10,10,October,1933-10-10,10,0,0.0,1.0,10,Boeing,10,1933-10
1930,Qtr 4,October,30,Indiana,Pitcairn PA 6 Mailwing?,Brookston Indiana,Company Riddle Embry,0,1,10,October,1930-10-30,1,0,0.0,1.0,1,Pitcairn,1,1930-10
2018,Qtr 4,October,29,Indonesia,Boeing 737 MAX 8PK,Off Jakarta Indonesia,Air Lion,0,189,10,October,2018-10-29,189,0,0.0,1.0,189,Boeing,189,2018-10
1991,Qtr 4,October,25,Indonesia,Britten Norman BN2A,Tumbang Miri Indonesia,Service Air International Bali,0,17,10,October,1991-10-25,17,0,0.0,1.0,17,Britten,17,1991-10
1995,Qtr 4,October,3,Indonesia,CASA 212PK ZAG,Gunung Antara Indonesia,Charter Air Raya Merauke Sabang,0,14,10,October,1995-10-03,1,13,92.85714285714286,0.07142857142857142,1,CASA,1,1995-10
2015,Qtr 4,October,31,Indonesia,de Havilland DCH 4T CaribouPK,Near Ilaga Indonesia,Service Air Trigana,0,4,10,October,2015-10-31,4,0,0.0,1.0,4,De Havilland,4,2015-10
2015,Qtr 4,October,2,Indonesia,de Havilland DHC 6 Twin Otter PK,Near Masamba Indonesia,Mandari Avistar,0,10,10,October,2015-10-02,10,0,0.0,1.0,10,De Havilland,10,2015-10
1991,Qtr 4,October,5,Indonesia,Lockheed C 130H,Near Jakarta Indonesia,Force Air Indonesian - Military,2,134,10,October,1991-10-05,134,0,0.0,1.0,136,Lockheed,136,1991-10
1986,Qtr 4,October,15,Iran,Boeing 737 286EP,Chiraz Iran,Air Iran,0,80,10,October,1986-10-15,3,77,96.25,0.0375,3,Boeing,3,1986-10
1957,Qtr 4,October,23,Ireland,Vickers 802 ViscountG AOJA,Belfast Ireland,Airways European British,0,7,10,October,1957-10-23,7,0,0.0,1.0,7,Vickers 802,7,1957-10
1987,Qtr 4,October,15,Italy,Aerospatiale Alenia ATR 42,Mt. Crezzo Italy,Italiani Transporti Aero,0,37,10,October,1987-10-15,37,0,0.0,1.0,37,Aerospatiale Alenia,37,1987-10
1996,Qtr 4,October,8,Italy,Antonov AN 124RA,San Francesco al Campo Italy,Aeroflot,2,23,10,October,1996-10-08,2,21,91.30434782608695,0.08695652173913043,4,Antonov,4,1996-10
1988,Qtr 4,October,17,Italy,Boeing B 707,Rome Italy,Airlines Uganda,0,52,10,October,1988-10-17,33,19,36.53846153846153,0.6346153846153846,33,Boeing,33,1988-10
1960,Qtr 4,October,14,Italy,de Havilland DH 114 Heron 2I,Elba Italy,Itavia,0,11,10,October,1960-10-14,11,0,0.0,1.0,11,De Havilland,11,1960-10
1954,Qtr 4,October,24,Italy,Douglas C 47A,Near Nice Italy,Force Air U.S. - Military,0,21,10,October,1954-10-24,21,0,0.0,1.0,21,Douglas,21,1954-10
1972,Qtr 4,October,30,Italy,Fokker F 27 Friendship 200I,Poggiorsini Italy,Italiani Transporti Aero,0,27,10,October,1972-10-30,27,0,0.0,1.0,27,Fokker,27,1972-10
2001,Qtr 4,October,8,Italy,MD 87 / Cessna 525A Citation IISE,Milan Italy,Private / (SAS) Airlines Scandinavian,4,114,10,October,2001-10-08,114,0,0.0,1.0,118,MD,118,2001-10
1929,Qtr 4,October,26,Italy,Short Calcutta (flying boat)G AADN,Off Spezia Italy,Airways Imperial,0,7,10,October,1929-10-26,7,0,0.0,1.0,7,Short Calcutta (flying,7,1929-10
1958,Qtr 4,October,22,Italy,Vickers Viscount 701CG ANHC,Anzio Italy,Airways European British,0,31,10,October,1958-10-22,31,0,0.0,1.0,31,Vickers Viscount,31,1958-10
1922,Qtr 4,October,2,Italyde,de Havilland DH 9G,Venice Italyde,Service Air Havilland,0,4,10,October,1922-10-02,4,0,0.0,1.0,4,De Havilland,4,1922-10
2017,Qtr 4,October,14,Ivory,Antonov An 26,Abidjan Ivory,Charter Cargo International CoastValan,0,10,10,October,2017-10-14,4,6,60.0,0.4,4,Antonov,4,2017-10
1992,Qtr 4,October,18,Jawa,CASA 235 10PK,Near Garut Jawa,Indonesia Merpati Nusantara Airlines,0,31,10,October,1992-10-18,31,0,0.0,1.0,31,CASA,31,1992-10
2000,Qtr 4,October,10,Kansas,Canadair CL 600,Wichita Kansas,Aerospace Bombardier,0,3,10,October,2000-10-10,2,1,33.33333333333333,0.6666666666666666,2,Canadair,2,2000-10
1926,Qtr 4,October,2,Kent,Bleriot 155F AICQ,Leigh Kent,Unied Kingdom Air Union,0,7,10,October,1926-10-02,7,0,0.0,1.0,7,Bleriot,7,1926-10
1919,Qtr 4,October,20,Kent,De Havilland DH 4G,English Channel off Forkstone Kent,Travel and Transport Aircraft,0,0,10,October,1919-10-20,0,0,Unknown,Unknown,0,De Havilland,0,1919-10
1979,Qtr 4,October,8,Kentucky,Piper PA 31N6642L,Covington Kentucky,Comair,0,8,10,October,1979-10-08,8,0,0.0,1.0,8,Piper,8,1979-10
1976,Qtr 4,October,4,Kenya,Douglas DC 7CFTZ,Nairobi Kenya,Transport Air Emirates,0,4,10,October,1976-10-04,4,0,0.0,1.0,4,Douglas,4,1976-10
1995,Qtr 4,October,4,Kirghizia,Mil Mi 8MTV,Barskoon Kirghizia,Zaoldoru Aba Kirghizia,0,15,10,October,1995-10-04,15,0,0.0,1.0,15,Mil,15,1995-10
2013,Qtr 4,October,16,Laos,ATR 72,Near Pakse Laos,Airlines Lao,0,49,10,October,2013-10-16,49,0,0.0,1.0,49,ATR,49,2013-10
2000,Qtr 4,October,19,Laos,Harbin Yunshuji Y 12,Near Sam Neua Laos,Aviation Lao,0,17,10,October,2000-10-19,8,9,52.94117647058824,0.47058823529411764,8,Harbin Yunshuji,8,2000-10
1957,Qtr 4,October,3,Lebanon,Curtiss C 46A,Beirut Lebanon,Airways International Lebanese,0,27,10,October,1957-10-03,27,0,0.0,1.0,27,Curtiss,27,1957-10
1961,Qtr 4,October,10,Libya,Handley Page Hastings C 2WD498,El Adem Libya,Force Air Royal - Military,0,37,10,October,1961-10-10,17,20,54.054054054054056,0.4594594594594595,17,Handley Page Hastings,17,1961-10
1972,Qtr 4,October,27,Loire,Vickers Viscount 724F BMCH,Near Noiretable Loire,France Air Inter,0,68,10,October,1972-10-27,60,8,11.76470588235294,0.8823529411764706,60,Vickers Viscount,60,1972-10
1966,Qtr 4,October,8,Louisiana,Bell 204B helicopterN1187W,Off Morgan City Louisiana,Helicopter Petroleum,0,11,10,October,1966-10-08,11,0,0.0,1.0,11,Bell 204B,11,1966-10
1946,Qtr 4,October,6,Malaya,Avro 685 York 1MW125,Off Penang Malaya,Force Air -Royal Military,0,21,10,October,1946-10-06,21,0,0.0,1.0,21,Avro 685 York,21,1946-10
2013,Qtr 4,October,10,Malaysia,de Havilland Canada DHC 6 Twin Otter 3109M,Kudat Malaysia,MASwings,0,16,10,October,2013-10-10,2,14,87.5,0.125,2,de Havilland Canada,2,2013-10
1945,Qtr 4,October,24,Malta,Douglas C 47 Skytrain (DC,Valetta Malta,BOAC,0,16,10,October,1945-10-24,9,7,43.75,0.5625,9,Douglas,9,1945-10
1919,Qtr 4,October,14,Maryland,Curtiss R 4LM32,Cantonsville Maryland,Service Mail Aerial US,0,1,10,October,1919-10-14,1,0,0.0,1.0,1,Curtiss,1,1919-10
1954,Qtr 4,October,30,Maryland,Lockheed R7V 1128441,Off Ocean City Maryland,Navy U.S. - Military,0,42,10,October,1954-10-30,42,0,0.0,1.0,42,Lockheed,42,1954-10
1999,Qtr 4,October,31,Massachusetts,Boeing B 767,Off Nantucket Island Massachusetts,Egypt,0,217,10,October,1999-10-31,217,0,0.0,1.0,217,Boeing,217,1999-10
1960,Qtr 4,October,4,Massachusetts,Lockheed 188A ElectraN5533,Boston Massachusetts,Lines Air Eastern,0,72,10,October,1960-10-04,62,10,13.88888888888889,0.8611111111111112,62,Lockheed 18,62,1960-10
1927,Qtr 4,October,6,Mauritania,Breguet 14F AGBN,Thies Mauritania,Latecoere Aeriennes Lignes,0,2,10,October,1927-10-06,2,0,0.0,1.0,2,Breguet,2,1927-10
1932,Qtr 4,October,12,Mauritania,Latecoere 28F AJIP,Port Etienne Mauritania,Aeropostale,0,1,10,October,1932-10-12,1,0,0.0,1.0,1,Latecoere,1,1932-10
1953,Qtr 4,October,19,Mexico,Douglas C 46A,Near Monterrey Mexico,Contreras Aerovias,0,21,10,October,1953-10-19,21,0,0.0,1.0,21,Douglas,21,1953-10
1951,Qtr 4,October,8,Mexico,Douglas DC 3XA,Cerro Blanco Mexico,Transportes Aero,0,8,10,October,1951-10-08,8,0,0.0,1.0,8,Douglas,8,1951-10
1957,Qtr 4,October,30,Mexico,Fairchild C 82AXA,Near Campeche Mexico,Mexicanos Aereos Transportes,0,3,10,October,1957-10-30,3,0,0.0,1.0,3,Fairchild,3,1957-10
2003,Qtr 4,October,27,Mexico,Hawker 800AXA ISH,Tampico Mexico,Aeroextra,0,3,10,October,2003-10-27,3,0,0.0,1.0,3,Hawker,3,2003-10
1979,Qtr 4,October,31,Mexico,McDonnell Douglas DC 10,Mexico City Mexico,Airlines Western,1,88,10,October,1979-10-31,72,16,18.181818181818183,0.8181818181818182,73,McDonnell Douglas,73,1979-10
2000,Qtr 4,October,6,Mexico,McDonnell Douglas DC 9,Reynosa Mexico,Aeromexico,4,88,10,October,2000-10-06,0,88,100.0,0.0,4,McDonnell Douglas,4,2000-10
1988,Qtr 4,October,11,Michigan,Boeing KC 135A60,Wurtsmith AFB Michigan,Force Air U.S. - Military,0,17,10,October,1988-10-11,6,11,64.70588235294117,0.35294117647058826,6,Boeing,6,1988-10
1941,Qtr 4,October,30,Minnesota,Douglas DC 3NC21712,Near Moorhead Minnesota,Airlines Orient Northwest,0,15,10,October,1941-10-30,14,1,6.666666666666667,0.9333333333333333,14,Douglas,14,1941-10
1950,Qtr 4,October,13,Minnisota,Martin 202NC93037,Almelund Minnisota,Airlines Orient Northwest,0,6,10,October,1950-10-13,6,0,0.0,1.0,6,Martin,6,1950-10
1977,Qtr 4,October,20,Mississippi,Convair CV 300N55VM,Near Gillsburg Mississippi,Company J & L,0,26,10,October,1977-10-20,6,20,76.92307692307693,0.23076923076923078,6,Convair,6,1977-10
2004,Qtr 4,October,19,Missouri,Bae Jetstream 3201N875JX,Near Kirksville Missouri,Connection) (American Airlines Corporate,0,15,10,October,2004-10-19,13,2,13.333333333333334,0.8666666666666667,13,BAe Jetstream,13,2004-10
2004,Qtr 4,October,14,Missouri,Canadair CRJ200LR RegionalJetN8396A,Jefferson City Missouri,Airlink Airlines/Northwest Pinnacle,0,2,10,October,2004-10-14,2,0,0.0,1.0,2,Canadair CRJ200LR,2,2004-10
2000,Qtr 4,October,16,Missouri,Cessna 335N8354N,Hillsboro Missouri,Private,0,3,10,October,2000-10-16,3,0,0.0,1.0,3,Cessna,3,2000-10
1989,Qtr 4,October,28,Molokai,de Havilland DHC 6 Twin Otter 300N707PV,Halawa Point Molokai,Hawaii Aloha Island Air,0,20,10,October,1989-10-28,20,0,0.0,1.0,20,De Havilland,20,1989-10
1960,Qtr 4,October,28,Montana,Douglas C 54A,Near Missoula Montana,Airlines Orient Northwest,0,12,10,October,1960-10-28,12,0,0.0,1.0,12,Douglas,12,1960-10
1922,Qtr 4,October,25,Morocco,Breguet 14?,Larache Morocco,Aeriens Express Grands,0,2,10,October,1922-10-25,2,0,0.0,1.0,2,Breguet,2,1922-10
1950,Qtr 4,October,13,Morocco,Douglas DC 3F,Casablanca Morocco,Atlas Air,0,7,10,October,1950-10-13,4,3,42.857142857142854,0.5714285714285714,4,Douglas,4,1950-10
1946,Qtr 4,October,10,Morocco,Junkers Ju 52/3mF,Near Sefrou Morocco,Ocean Air,0,16,10,October,1946-10-10,16,0,0.0,1.0,16,Junkers,16,1946-10
1930,Qtr 4,October,12,Morocco,Latecoere 28F AJUU,La Rache Morocco,Aeropostale,0,4,10,October,1930-10-12,4,0,0.0,1.0,4,Latecoere,4,1930-10
1983,Qtr 4,October,8,Myanmar,de Havilland Canada DHC 6 Twin Otter 300XY,Near Lonkin Myanmar,Airways Burma,0,14,10,October,1983-10-08,9,5,35.714285714285715,0.6428571428571429,9,de Havilland Canada,9,1983-10
1987,Qtr 4,October,11,Myanmar,Fokker F 27 Friendship 500XY,Near Pagan Myanmar,Airways Burma,0,49,10,October,1987-10-11,49,0,0.0,1.0,49,Fokker,49,1987-10
1978,Qtr 4,October,3,Myanmar,Fokker F 27 Friendship 600XY,Near Mandalay Myanmar,Airways Burma,0,44,10,October,1978-10-03,2,42,95.45454545454545,0.045454545454545456,2,Fokker,2,1978-10
1985,Qtr 4,October,12,Myanmar,Fokker F 27 Friendship 600XY,Putao Myanmar,Airways Burma,0,4,10,October,1985-10-12,4,0,0.0,1.0,4,Fokker,4,1985-10
1967,Qtr 4,October,9,Over the Carribean SeaLACSA,BAC One Eleven?,Over the Carribean SeaLACSA,Unknown Operator,0,23,10,October,1967-10-09,2,21,91.30434782608695,0.08695652173913043,2,BAC One,2,1967-10
1951,Qtr 4,October,15,U.S. Air Force,Boeing C 97A Stratofreighter49,North AtlanticMilitary - U.S. Air Force,Unknown Operator,0,12,10,October,1951-10-15,12,0,0.0,1.0,12,Boeing,12,1951-10
1956,Qtr 4,October,16,Over the Pacific OceanPan American World Airways,Boeing 377 StratocruiserN90943,Over the Pacific OceanPan American World Airways,Unknown Operator,0,31,10,October,1956-10-16,0,31,100.0,0.0,0,Boeing 377,0,1956-10
2012,Qtr 4,October,7,AntiguaFly Montserrat,Britten Norman BN,AntiguaFly Montserrat,Unknown Operator,0,4,10,October,2012-10-07,3,1,25.0,0.75,3,Britten,3,2012-10
1972,Qtr 4,October,16,Off the Alaska coastPrivate,Cessna 310CN1812H,Off the Alaska coastPrivate,Unknown Operator,0,4,10,October,1972-10-16,4,0,0.0,1.0,4,Cessna,4,1972-10
1956,Qtr 4,October,28,Egyptian Air Force,Curtiss C 46SU,Over the Mediterranean SeaMilitary - Egyptian Air Force,Unknown Operator,0,16,10,October,1956-10-28,16,0,0.0,1.0,16,Curtiss,16,1956-10
1934,Qtr 4,October,2,English ChannelHillman's Airways,de havilland 89 Dragon RapideG ACPM,English ChannelHillman's Airways,Unknown Operator,0,7,10,October,1934-10-02,7,0,0.0,1.0,7,de havilland 89 Dragon,7,1934-10
1937,Qtr 4,October,27,Off Western AfricaAir France,Dewoitine D 333F,Off Western AfricaAir France,Unknown Operator,0,7,10,October,1937-10-27,7,0,0.0,1.0,7,Dewoitine,7,1937-10
1931,Qtr 4,October,14,BrazilSyndicato Condor,Dornier WalP BALSA,BrazilSyndicato Condor,Unknown Operator,0,3,10,October,1931-10-14,3,0,0.0,1.0,3,Dornier,3,1931-10
1967,Qtr 4,October,24,South VietnamChina Airlines (Taiwan),Douglas DC 3B,South VietnamChina Airlines (Taiwan),Unknown Operator,0,16,10,October,1967-10-24,16,0,0.0,1.0,16,Douglas,16,1967-10
2003,Qtr 4,October,3,Rumo Notre Air Taxi,EMB 721C SertanejoPT EBK,Sao Gabriel de CachoeriaAir taxi - Rumo Notre Air Taxi,Unknown Operator,0,4,10,October,2003-10-03,4,0,0.0,1.0,4,EMB 721C,4,2003-10
1969,Qtr 4,October,2,U.S. Navy,Grumman C 2A152796,Gulf of TonkinMilitary - U.S. Navy,Unknown Operator,0,26,10,October,1969-10-02,26,0,0.0,1.0,26,Grumman,26,1969-10
1942,Qtr 4,October,30,Royal Air Force,Handley Page HP 57 HalifaxW7773,NorwayMilitary - Royal Air Force,Unknown Operator,0,10,10,October,1942-10-30,10,0,0.0,1.0,10,Handley Page,10,1942-10
1926,Qtr 4,October,21,English ChannelImperial Airways,Handley Page W 10G,English ChannelImperial Airways,Unknown Operator,0,12,10,October,1926-10-21,0,12,100.0,0.0,0,Handley Page,0,1926-10
1935,Qtr 4,October,9,Unknown,Junkers F 13OH,Gulf of FinlandAero O-Y,Unknown Operator,0,6,10,October,1935-10-09,6,0,0.0,1.0,6,Junkers,6,1935-10
1944,Qtr 4,October,10,BosniaDeutsche Lufthansa,Junkers JU 52/3mD,BosniaDeutsche Lufthansa,Unknown Operator,0,7,10,October,1944-10-10,7,0,0.0,1.0,7,Junkers,7,1944-10
1944,Qtr 4,October,17,Komarom,Junkers JU 52/3mD,Komarom,Hungary Deutsche Lufthansa,0,9,10,October,1944-10-17,1,8,88.88888888888889,0.1111111111111111,1,Junkers,1,1944-10
2016,Qtr 4,October,24,Malta International AirportAE Aviation,Swearingen SA277 AT ExpditerN577MX,Malta International AirportAE Aviation,Unknown Operator,0,5,10,October,2016-10-24,5,0,0.0,1.0,5,Swearingen,5,2016-10
1994,Qtr 4,October,12,near,Fokker F 28 Fellowship 1000EP,Krakas Mountains near,Iran Natanz Iran Asseman Airlines,0,66,10,October,1994-10-12,66,0,0.0,1.0,66,Fokker,66,1994-10
1970,Qtr 4,October,2,near,Martin 404N464M,Mt. Trelease near,Colorado Plume Silver Charter,0,40,10,October,1970-10-02,32,8,20.0,0.8,32,Martin,32,1970-10
1997,Qtr 4,October,12,near,Rutan Long EZ (experimental aircraft)N555JD,Monterey Bay near,California Grove Pacific Private,0,1,10,October,1997-10-12,1,0,0.0,1.0,1,Rutan Long EZ (experimental,1,1997-10
2008,Qtr 4,October,8,Nepal,de Havilland Canada DHC 6 Twin Otter 3009N,Lukla Nepal,Airlines Yeti,0,19,10,October,2008-10-08,18,1,5.263157894736842,0.9473684210526315,18,de Havilland Canada,18,2008-10
1992,Qtr 4,October,4,Netherlands,Boeing B 747,Amsterdam Netherlands,Al El,39,4,10,October,1992-10-04,4,0,0.0,1.0,43,Boeing,43,1992-10
2009,Qtr 4,October,22,Netherlands,Britten Norman BN,Off Bonaire Netherlands,Air Divi AntillesDivi,0,10,10,October,2009-10-22,1,9,90.0,0.1,1,Britten,1,2009-10
1937,Qtr 4,October,6,Netherlands,Douglas DC 3PH,Palembang Netherlands,Airlines Dutch Royal IndiesKLM,0,11,10,October,1937-10-06,4,7,63.63636363636363,0.36363636363636365,4,Douglas,4,1937-10
1981,Qtr 4,October,6,Netherlands,Fokker F 28 Fellowship 4000PH,Moerdijk Netherlands,Maatschappij) Luchtvaart (Nederlandse NLM,0,17,10,October,1981-10-06,17,0,0.0,1.0,17,Fokker,17,1981-10
1989,Qtr 4,October,10,New,Agusta A109A MK IIN21FL,Lacey Township New,Corp. Aviation Paramount - Taxi JerseyAir,0,5,10,October,1989-10-10,5,0,0.0,1.0,5,Agusta A109A MK,5,1989-10
1963,Qtr 4,October,14,New,Boeing Vetrol 107 II helicopterN6673D,Jamaica New,Airways York YorkNew,0,6,10,October,1963-10-14,6,0,0.0,1.0,6,Boeing Vetrol 107 II,6,1963-10
2003,Qtr 4,October,3,New,Convair CV 580FZK,Off Waikanae New,Zealand New Freight ZealandAir,0,2,10,October,2003-10-03,2,0,0.0,1.0,2,Convair,2,2003-10
1935,Qtr 4,October,21,New,Curtiss AT 32C CondorNC725K,Troy New,Service Flying YorkChamberlin,0,6,10,October,1935-10-21,1,5,83.33333333333334,0.16666666666666666,1,Curtiss,1,1935-10
1919,Qtr 4,October,30,New,De Havilland DH.477,Long Valley New,Service Mail Aerial JerseyUS,0,1,10,October,1919-10-30,1,0,0.0,1.0,1,De Havilland,1,1919-10
1986,Qtr 4,October,22,New,Enstrom F 28FN8617B,Manhattan New,WNBC - YorkPrivate,0,2,10,October,1986-10-22,2,0,0.0,1.0,2,Enstrom,2,1986-10
1968,Qtr 4,October,25,New,Fairchild Hiller FH227CN380NE,Hanover New,Airlines HampshireNortheast,0,42,10,October,1968-10-25,32,10,23.809523809523807,0.7619047619047619,32,Fairchild,32,1968-10
1927,Qtr 4,October,30,New,Fairchild FC 2?,New Brunswick New,Transport Air JerseyColonial,0,4,10,October,1927-10-30,4,0,0.0,1.0,4,Fairchild,4,1927-10
1993,Qtr 4,October,25,New,GAF Nomad N 22ZK,Franz Josef Glacier New,Air ZealandHibiscus,0,9,10,October,1993-10-25,9,0,0.0,1.0,9,GAF Nomad,9,1993-10
1970,Qtr 4,October,10,New,Lockheed L 100,Fort Dix New,Airways JerseySaturn,0,3,10,October,1970-10-10,3,0,0.0,1.0,3,Lockheed,3,1970-10
1948,Qtr 4,October,23,New,Lockheed 10A ElectraZK AGK,Mt. Ruapehu New,Airways National Zealand ZealandNew,0,13,10,October,1948-10-23,13,0,0.0,1.0,13,Lockheed 18,13,1948-10
1953,Qtr 4,October,19,New,Lockheed 749A ConstellationN119A,New York City New,Lines Air YorkEastern,0,27,10,October,1953-10-19,2,25,92.5925925925926,0.07407407407407407,2,Lockheed 749A,2,1953-10
1984,Qtr 4,October,11,Newfoundland,de Havilland Canada DHC 6 Twin Otter 100C,Goose Bay Newfoundland,Canada Labradore Airways,0,4,10,October,1984-10-11,4,0,0.0,1.0,4,de Havilland Canada,4,1984-10
1946,Qtr 4,October,3,Newfoundland,Douglas C 54E,Stephenville Newfoundland,Airlines Overseas American,0,39,10,October,1946-10-03,39,0,0.0,1.0,39,Douglas,39,1946-10
1942,Qtr 4,October,3,Newfoundland,Sirkorsky 44A (flying boat)NC41880,Botwood Newfoundland,Airlines Export American,0,37,10,October,1942-10-03,11,26,70.27027027027027,0.2972972972972973,11,Sirkorsky 44A (flying,11,1942-10
1986,Qtr 4,October,30,Nicaragua,Mil Mi 17 (helicopter)294,Near Managua Nicaragua,Force Air Nicaraguan - Military,0,23,10,October,1986-10-30,21,2,8.695652173913043,0.9130434782608695,21,Mil,21,1986-10
2006,Qtr 4,October,29,Nigeria,Boeing 737 2B75N,Near Abuja Nigeria,Airlines ADC,0,105,10,October,2006-10-29,96,9,8.571428571428571,0.9142857142857143,96,Boeing,96,2006-10
2005,Qtr 4,October,22,Nigeria,Boeing B 737,Lisa Nigeria,Airlines Bellview,0,117,10,October,2005-10-22,117,0,0.0,1.0,117,Boeing,117,2005-10
2013,Qtr 4,October,3,Nigeria,Embraer 120RT Brasilia5N BJY,Lagos Nigeria,Aviation Associated,0,20,10,October,2013-10-03,16,4,20.0,0.8,16,Embraer 120RT,16,2013-10
1936,Qtr 4,October,9,North,Blackburn B 2G,Selby North,United Kingdom Yorkshire North Sea Aerial and General Transport,0,1,10,October,1936-10-09,1,0,0.0,1.0,1,Blackburn,1,1936-10
1947,Qtr 4,October,16,North,Douglas DC 3?,Sylva North,CarolinaStratofreight,0,3,10,October,1947-10-16,3,0,0.0,1.0,3,Douglas,3,1947-10
1986,Qtr 4,October,3,North,Short SC 7 Skyvan VariantPK,Manado North,Indonesia Sulawesi Eastindo,0,13,10,October,1986-10-03,13,0,0.0,1.0,13,Short,13,1986-10
2000,Qtr 4,October,8,Northwest,Shorts SC.7 Skyvan 3 100C,Port Radium Northwest,Canada Territories Summit Air Charters,0,3,10,October,2000-10-08,3,0,0.0,1.0,3,Shorts SC.7 Skyvan,3,2000-10
2006,Qtr 4,October,10,Norway,BAe 146 200OY,Stord Norway,Airways Atlantic,0,16,10,October,2006-10-10,4,12,75.0,0.25,4,BAe,4,2006-10
1993,Qtr 4,October,27,Norway,de Havilland Canada DHC 6 Twin Otter 300LN,Near Namsos Norway,Flyveselksap Wideroe's,0,20,10,October,1993-10-27,7,13,65.0,0.35,7,de Havilland Canada,7,1993-10
1944,Qtr 4,October,16,Norway,Junkers JU 52/3mD,Telemark Norway,Lufthansa Deutsche,0,15,10,October,1944-10-16,15,0,0.0,1.0,15,Junkers,15,1944-10
1948,Qtr 4,October,2,Norway,Short Sandringham 6 (flying boat)LN IWA,Near Trondheim Norway,Airlines Norwegian,0,45,10,October,1948-10-02,19,26,57.77777777777777,0.4222222222222222,19,Short Sandringham 6 (flying,19,1948-10
2004,Qtr 4,October,14,Nova,Boeing 747 244B,Halifax Nova,Canada Scotia MK Airlines,0,7,10,October,2004-10-14,7,0,0.0,1.0,7,Boeing,7,2004-10
1960,Qtr 4,October,29,Ohio,Curtiss C 46F,Toledo Ohio,Pacific Arctic,0,48,10,October,1960-10-29,22,26,54.166666666666664,0.4583333333333333,22,Curtiss,22,1960-10
1925,Qtr 4,October,1,Ohio,De Havilland DH 4385,Mt. Nittany Ohio,Service Mail Aerial US,0,1,10,October,1925-10-01,1,0,0.0,1.0,1,De Havilland,1,1925-10
1929,Qtr 4,October,29,Ohio,Stearman C 38?,Mount Vernon Ohio,Lines Air Continental,0,1,10,October,1929-10-29,1,0,0.0,1.0,1,Stearman,1,1929-10
1989,Qtr 4,October,4,Ontario,Boeing KC 135A56,Perth Ontario,Canada Military - U.S. Air Force,0,4,10,October,1989-10-04,4,0,0.0,1.0,4,Boeing,4,1989-10
1941,Qtr 4,October,30,Ontario,Douglas DC 3NC25663,St. Thomas Ontario,Canada American Airlines,0,20,10,October,1941-10-30,20,0,0.0,1.0,20,Douglas,20,1941-10
1966,Qtr 4,October,1,Oregon,McDonnell Douglas DC 9,Near Wemme Oregon,Airlines Coast West,0,18,10,October,1966-10-01,18,0,0.0,1.0,18,McDonnell Douglas,18,1966-10
1965,Qtr 4,October,8,Pakistan,Fokker F 27 Friendship 200AP,Near Patian Pakistan,Airlines International Pakistan,0,4,10,October,1965-10-08,4,0,0.0,1.0,4,Fokker,4,1965-10
1986,Qtr 4,October,23,Pakistan,Fokker F 27 Friendship 600AP,Near Peshawar Pakistan,Airlines International Pakistan,0,54,10,October,1986-10-23,13,41,75.92592592592592,0.24074074074074073,13,Fokker,13,1986-10
2011,Qtr 4,October,13,Papua,de Havilland Canada DHC 8,Near Madang Papua,PNG GuineaAirline New,0,32,10,October,2011-10-13,28,4,12.5,0.875,28,de Havilland Canada,28,2011-10
1970,Qtr 4,October,4,Pennsylvania,Aero Commander 500 BN701X,Mahaffey Pennsylvania,Private,0,2,10,October,1970-10-04,2,0,0.0,1.0,2,Aero Commander,2,1970-10
1971,Qtr 4,October,24,Pennsylvania,Beechcraft B99N986MA,Bath Pennsylvania,Airways Monmouth,0,8,10,October,1971-10-24,4,4,50.0,0.5,4,Beechcraft,4,1971-10
1985,Qtr 4,October,11,Pennsylvania,de Havilland Canada DHC 6 Twin Otter 200N3257,Homer City Pennsylvania,Cargo Air Mountain,0,1,10,October,1985-10-11,1,0,0.0,1.0,1,de Havilland Canada,1,1985-10
1928,Qtr 4,October,18,Pennsylvania,Douglas M 4NC1064,Polk Pennsylvania,Transport Air National,0,1,10,October,1928-10-18,1,0,0.0,1.0,1,Douglas,1,1928-10
1983,Qtr 4,October,28,Pennsylvania,Shorts 330 200N26288,Middletown Pennsylvania,Airlines Pennsylvania,0,30,10,October,1983-10-28,1,29,96.66666666666667,0.03333333333333333,1,Short,1,1983-10
1996,Qtr 4,October,2,Peru,Boeing B 757,Off Pasamayo Peru,Aeroperu,0,70,10,October,1996-10-02,70,0,0.0,1.0,70,Boeing,70,1996-10
1989,Qtr 4,October,10,Peru,Cessna 402C UtililinerOB T,Urpay Peru,TAUSA,0,12,10,October,1989-10-10,12,0,0.0,1.0,12,Cessna 402C,12,1989-10
1992,Qtr 4,October,21,Peru,de Havilland Canada DHC 6 Twin Otter 300FAP306,Near Lake Caballochoa Peru,Force Air Peruvian - Military,0,11,10,October,1992-10-21,8,3,27.27272727272727,0.7272727272727273,8,de Havilland Canada,8,1992-10
1955,Qtr 4,October,2,Peru,Douglas C54AOB PAZ,Pico Oiriruma-Vinac Peru,Faucett,0,35,10,October,1955-10-02,19,16,45.714285714285715,0.5428571428571428,19,Douglas,19,1955-10
1945,Qtr 4,October,24,Peru,Faucett F 19OB,Tarapoto Peru,Faucett,0,5,10,October,1945-10-24,5,0,0.0,1.0,5,Faucett,5,1945-10
1988,Qtr 4,October,25,Peru,Fokker F 28 Fellowship 1000OB,Juliaca Peru,Peru Aero,0,69,10,October,1988-10-25,12,57,82.6086956521739,0.17391304347826086,12,Fokker,12,1988-10
1984,Qtr 4,October,31,Philippines,Douglas C 47BRP,Off Davao Philippines,Airways Village,0,4,10,October,1984-10-31,4,0,0.0,1.0,4,Douglas,4,1984-10
2009,Qtr 4,October,17,Philippines,Douglas DC 3CRPC550,Manila Philippines,Air Victoria,0,4,10,October,2009-10-17,4,0,0.0,1.0,4,Douglas,4,2009-10
1965,Qtr 4,October,20,Philippines,Douglas DC 3PI,Near Manila Philippines,Lines Air Philippine,0,37,10,October,1965-10-20,1,36,97.2972972972973,0.02702702702702703,1,Douglas,1,1965-10
1974,Qtr 4,October,19,Philippines,Douglas DC 3RP,Calapan Philippines,Airways Mabuhay,0,8,10,October,1974-10-19,1,7,87.5,0.125,1,Douglas,1,1974-10
1962,Qtr 4,October,12,Philippines,Fokker F 27 Friendship 100PI,Manila Philippines,Lines Air Philippine,0,3,10,October,1962-10-12,3,0,0.0,1.0,3,Fokker,3,1962-10
2004,Qtr 4,October,16,Philippines,Pilatus Britten Norman BN,Coron Island Philippines,Air Pacific,0,2,10,October,2004-10-16,2,0,0.0,1.0,2,Pilatus,2,2004-10
1977,Qtr 4,October,21,Philippines,Sikorksky CH 53 (helicopter)157139,Mindoro Philippines,Corps Marine U.S. - Military,0,37,10,October,1977-10-21,24,13,35.13513513513514,0.6486486486486487,24,Sikorsky,24,1977-10
1958,Qtr 4,October,18,Placentia,Lockheed WV 2 Super Constellation141294,NAS Argentia Placentia,Newfoundland Bay,0,29,10,October,1958-10-18,11,18,62.06896551724138,0.3793103448275862,11,Lockheed,11,1958-10
1942,Qtr 4,October,1,Puerto,Douglas C 39,Near Coamo Puerto,Forces Air Army U.S. - RicoMilitary,0,22,10,October,1942-10-01,22,0,0.0,1.0,22,Douglas,22,1942-10
1941,Qtr 4,October,3,Puerto,Sikorsky S 42B (flying boat)NC15376,San Juan Puerto,Airways World American RicoPan,0,15,10,October,1941-10-03,2,13,86.66666666666667,0.13333333333333333,2,Sikorsky,2,1941-10
1943,Qtr 4,October,19,Quebec,Consolidated B 243701,St. Donat Quebec,Canada Military - Royal Canadian Air Force,0,24,10,October,1943-10-19,24,0,0.0,1.0,24,Consolidated,24,1943-10
2001,Qtr 4,October,8,Quebec,de Havilland DHC 2 Mk 1 BeaverC,Mollet Lake Quebec,Canada Air Saint Maurice Inc.,0,7,10,October,2001-10-08,3,4,57.14285714285714,0.42857142857142855,3,De Havilland,3,2001-10
1962,Qtr 4,October,10,Quebec,Vickers 757 ViscountCF THA,Bagotville Quebec,Canada Trans Canada Air Lines,0,19,10,October,1962-10-10,2,17,89.47368421052632,0.10526315789473684,2,Vickers 757,2,1962-10
1975,Qtr 4,October,23,Queensland,de Havilland DH114 Heron 2EVH CLS,Cairns Airport Queensland,Australia Connair,0,11,10,October,1975-10-23,11,0,0.0,1.0,11,de Havilland DH114 Heron,11,1975-10
2000,Qtr 4,October,25,Republic,Ilyushin IL 18DRA,Near Batumi Republic,Force Air Russian - GeorgiaMilitary of,0,86,10,October,2000-10-25,86,0,0.0,1.0,86,Ilyushin,86,2000-10
1964,Qtr 4,October,9,Romania,Ilyushin IL 14YR,Near Sibiu Romania,TAROM,0,32,10,October,1964-10-09,32,0,0.0,1.0,32,Ilyushin,32,1964-10
1942,Qtr 4,October,22,Romania,Junkers JU 52/3mD,Budapest Romania,Lufthansa Deutsche,0,17,10,October,1942-10-22,17,0,0.0,1.0,17,Junkers,17,1942-10
1988,Qtr 4,October,4,Russia,Antonov 12BPCCCP 11418,Near Batagay Russia,Aeroflot,0,6,10,October,1988-10-04,6,0,0.0,1.0,6,Antonov,6,1988-10
1994,Qtr 4,October,29,Russia,Antonov AN 12ARA,Near Ust'-Ilimsk Russia,Aeronica,0,23,10,October,1994-10-29,23,0,0.0,1.0,23,Antonov,23,1994-10
1987,Qtr 4,October,19,Russia,Antonov An 12BCCCP,Komsomolsk-on-Amur Russia,MAP,0,9,10,October,1987-10-19,9,0,0.0,1.0,9,Antonov,9,1987-10
1973,Qtr 4,October,2,Russia,Antonov AN 12VCCCP,Magadan Russia,Aeroflot,0,10,10,October,1973-10-02,10,0,0.0,1.0,10,Antonov,10,1973-10
1969,Qtr 4,October,13,Russia,Antonov AN 24BCCCP,Nizhnevartovsk Russia,Aeroflot,0,56,10,October,1969-10-13,24,32,57.14285714285714,0.42857142857142855,24,Antonov,24,1969-10
1992,Qtr 4,October,19,Russia,Antonov AN 28CCCP,Near Usti Nem Russia,Avia Syktyvkar,0,16,10,October,1992-10-19,15,1,6.25,0.9375,15,Antonov,15,1992-10
1994,Qtr 4,October,29,Russia,Antonov AN 2RA,Batagaj Russia,Yakutavia,0,19,10,October,1994-10-29,7,12,63.1578947368421,0.3684210526315789,7,Antonov,7,1994-10
1979,Qtr 4,October,27,Russia,Antonov An 2TPCCCP,Lensk Russia,Aeroflot,0,12,10,October,1979-10-27,3,9,75.0,0.25,3,Antonov,3,1979-10
2006,Qtr 4,October,19,Russia,Antonov An 2UK,Tashkent Russia,Airways Force/Uzbekistan Air Russian - Military,0,15,10,October,2006-10-19,15,0,0.0,1.0,15,Antonov,15,2006-10
1992,Qtr 4,October,29,Russia,Antonov AN 8CCCP,Chita Russia,Aeroflot,0,14,10,October,1992-10-29,13,1,7.142857142857142,0.9285714285714286,13,Antonov,13,1992-10
1942,Qtr 4,October,22,Russia,GVF PS 84CCCP,Yanaul Russia,Aeroflot,0,12,10,October,1942-10-22,10,2,16.666666666666664,0.8333333333333334,10,GVF,10,1942-10
1957,Qtr 4,October,1,Russia,Ilyushin IL 12 CCCP,Akshi Russia,Aeroflot,0,27,10,October,1957-10-01,27,0,0.0,1.0,27,Ilyushin,27,1957-10
1952,Qtr 4,October,5,Russia,Ilyushin IL 12L1328,Skvoritsy Russia,Aeroflot,0,21,10,October,1952-10-05,21,0,0.0,1.0,21,Ilyushin,21,1952-10
1953,Qtr 4,October,27,Russia,Ilyushin IL 12L1765,Near Magadan Russia,Aeroflot,0,32,10,October,1953-10-27,22,10,31.25,0.6875,22,Ilyushin,22,1953-10
1963,Qtr 4,October,20,Russia,Ilyushin IL 14CCCP,Hayes Island Russia,Aeroflot,0,7,10,October,1963-10-20,7,0,0.0,1.0,7,Ilyushin,7,1963-10
1959,Qtr 4,October,23,Russia,Ilyushin IL 14PCCCP,Near Moscow Russia,Aeroflot,0,28,10,October,1959-10-23,28,0,0.0,1.0,28,Ilyushin,28,1959-10
1989,Qtr 4,October,18,Russia,Ilyushin IL 76MDCCCP,Nasosny Russia,Force Air Russian - Military,0,57,10,October,1989-10-18,57,0,0.0,1.0,57,Ilyushin,57,1989-10
1989,Qtr 4,October,20,Russia,Ilyushin IL 76TDCCCP,Leninakan Russia,Aeroflot,0,15,10,October,1989-10-20,15,0,0.0,1.0,15,Ilyushin,15,1989-10
1954,Qtr 4,October,28,Russia,Ilyushin IL 12 CCCP,Krasnoyarsk Territory Russia,Aeroflot,0,16,10,October,1954-10-28,16,0,0.0,1.0,16,Ilyushin,16,1954-10
1953,Qtr 4,October,31,Russia,Li 2L4732,Kharkov. Ukraine Russia,Aeroflot,0,16,10,October,1953-10-31,15,1,6.25,0.9375,15,Li,15,1953-10
1958,Qtr 4,October,17,Russia,Tupolev TU 104ACCCP,Near Kanash Russia,Aeroflot,0,80,10,October,1958-10-17,80,0,0.0,1.0,80,Tupolev,80,1958-10
1960,Qtr 4,October,21,Russia,Tupolev TU 104ACCCP,Ust-Orda Russia,Aeroflot,0,3,10,October,1960-10-21,3,0,0.0,1.0,3,Tupolev,3,1960-10
1971,Qtr 4,October,10,Russia,Tupolev TU 104BCCCP,Moscow Russia,Aeroflot,0,25,10,October,1971-10-10,25,0,0.0,1.0,25,Tupolev,25,1971-10
1973,Qtr 4,October,13,Russia,Tupolev TU 104BCCCP,Near Domodedovo Russia,Aeroflot,0,122,10,October,1973-10-13,122,0,0.0,1.0,122,Tupolev,122,1973-10
1962,Qtr 4,October,25,Russia,Tupolev TU 104BCCCP,Near Moscow Russia,Aeroflot,0,11,10,October,1962-10-25,11,0,0.0,1.0,11,Tupolev,11,1962-10
1986,Qtr 4,October,20,Russia,Tupolev TU 134ACCCP,Kuybyshev Russia,Aeroflot,0,93,10,October,1986-10-20,70,23,24.731182795698924,0.7526881720430108,70,Tupolev,70,1986-10
1984,Qtr 4,October,11,Russia,Tupolev TU 154BCCCP,Near Omsk Russia,Aeroflot,4,179,10,October,1984-10-11,174,5,2.793296089385475,0.9720670391061452,178,Tupolev,178,1984-10
2001,Qtr 4,October,4,Russia,Tupolev TU 154MRA,110 miles SW of Sochi Russia,Airlines Sibir,0,78,10,October,2001-10-04,78,0,0.0,1.0,78,Tupolev,78,2001-10
1975,Qtr 4,October,22,Russia,Yakovlev YAK 40CCCP,Novgorod Russia,Aeroflot,5,6,10,October,1975-10-22,6,0,0.0,1.0,11,Yakovlev,11,1975-10
1978,Qtr 4,October,7,Russia,Yakovlev YAK 40CCCP,Sverdlovsk Russia,Aeroflot,0,38,10,October,1978-10-07,38,0,0.0,1.0,38,Yakovlev,38,1978-10
1996,Qtr 4,October,26,Russia,Yakovlev YAK 40RA,Khanty Russia,Aviatrans Tyumen,0,34,10,October,1996-10-26,5,29,85.29411764705883,0.14705882352941177,5,Yakovlev,5,1996-10
1999,Qtr 4,October,2,Saudi,Bell 214ST helicopterN704H,Dhahran Saudi,Company Associated ArabiaAramco,0,20,10,October,1999-10-02,12,8,40.0,0.6,12,Bell 214ST,12,1999-10
1952,Qtr 4,October,8,Scotland,Avro Shackleton MR 1VP286,Off Tarbat Ness Scotland,Force Air Royal - Military,0,14,10,October,1952-10-08,14,0,0.0,1.0,14,Avro Shackleton,14,1952-10
1948,Qtr 4,October,21,Scotland,Lockheed 049 46,Prestwick Airport Scotland,Airlines Dutch Royal KLM,0,40,10,October,1948-10-21,40,0,0.0,1.0,40,Lockheed,40,1948-10
1978,Qtr 4,October,22,Solomon,Britten Norman BN 2A TrislanderH4,Off Bellona Solomon,Airlines Islands IslandsSolomon,0,11,10,October,1978-10-22,11,0,0.0,1.0,11,Britten Norman,11,1978-10
1992,Qtr 4,October,9,Somalia,Antonov 32CCCP 48088,Mogadiscio Somalia,Association Production Kiev,0,13,10,October,1992-10-09,1,12,92.3076923076923,0.07692307692307693,1,Antonov,1,1992-10
1972,Qtr 4,October,31,South,Boeing Vertol CH 47 (helicopter)?,Near My Tho South,Army U.S. - VietnamMilitary,0,22,10,October,1972-10-31,22,0,0.0,1.0,22,Boeing Vertol,22,1972-10
1952,Qtr 4,October,16,South,Curtiss Wright C,Off Kangnung South,Force Air U.S. - KoreaMilitary,0,25,10,October,1952-10-16,25,0,0.0,1.0,25,Curtiss,25,1952-10
1971,Qtr 4,October,23,South,Douglas C 47?,Near Qui Nhon South,Force Air Vietnamese - VietnamMilitary,0,23,10,October,1971-10-23,22,1,4.3478260869565215,0.9565217391304348,22,Douglas,22,1971-10
1968,Qtr 4,October,21,South,Douglas C 47D450934,Near Ban Me Thuot South,Force Air U.S. - VietnamMilitary,0,23,10,October,1968-10-21,23,0,0.0,1.0,23,Douglas,23,1968-10
1951,Qtr 4,October,15,South,Douglas DC 3ZS,East Griqualand South,Airways African AfricaSouth,0,17,10,October,1951-10-15,17,0,0.0,1.0,17,Douglas,17,1951-10
1970,Qtr 4,October,6,South,Douglas DC 3ZS,Near Germiston South,Airways AfricaNational,0,11,10,October,1970-10-06,3,8,72.72727272727273,0.2727272727272727,3,Douglas,3,1970-10
1999,Qtr 4,October,25,South,Gates Learjet 35N47BA,Aberdeen South,charter DakotaPrivate,0,6,10,October,1999-10-25,6,0,0.0,1.0,6,Gates Learjet,6,1999-10
1967,Qtr 4,October,8,South,Lockheed C130B61 2649,Near Huong Thuy South,Force Air U.S. - VietnamMilitary,0,23,10,October,1967-10-08,23,0,0.0,1.0,23,Lockheed,23,1967-10
1986,Qtr 4,October,19,South,Tupolev TU 134AC9,Near Komatipoot South,Mozambique of AfricaGovernment,0,44,10,October,1986-10-19,34,10,22.727272727272727,0.7727272727272727,34,Tupolev,34,1986-10
1928,Qtr 4,October,4,Spain,Breguet 14F AEEJ F,Gerona Spain,Aeropostale,0,3,10,October,1928-10-04,3,0,0.0,1.0,3,Breguet,3,1928-10
1920,Qtr 4,October,5,Spain,Breguet 14F ALTA,Valencia Spain,Airlines Latecoere,0,2,10,October,1920-10-05,2,0,0.0,1.0,2,Breguet,2,1920-10
1947,Qtr 4,October,16,Spain,Bristol 170 Freighter IF BCJN,Off Cartegena Spain,Littoral du Aerienne Societe,0,43,10,October,1947-10-16,41,2,4.651162790697675,0.9534883720930233,41,Bristol 170 Freighter,41,1947-10
1962,Qtr 4,October,12,Spain,Convair CV 440,Near Carmona Spain,Airlines Iberia,0,18,10,October,1962-10-12,18,0,0.0,1.0,18,Convair,18,1962-10
1957,Qtr 4,October,28,Spain,Douglas DC 3EC,Madrid Spain,Airlines Iberia,0,21,10,October,1957-10-28,21,0,0.0,1.0,21,Douglas,21,1957-10
2001,Qtr 4,October,10,Spain,Swearingen SA 226AT Merlin IVEC,Off Valencia Spain,Flightline,0,10,10,October,2001-10-10,10,0,0.0,1.0,10,Swearingen,10,2001-10
2012,Qtr 4,October,7,Sudan,Antonov An 12BPST,Near Omdurman Sudan,Force Air Sudanese - Military,0,22,10,October,2012-10-07,15,7,31.818181818181817,0.6818181818181818,15,Antonov,15,2012-10
2004,Qtr 4,October,5,Sudan,Antonov AN 12ST,Kaduqli Sudan,Airlines Sarit,0,4,10,October,2004-10-05,4,0,0.0,1.0,4,Antonov,4,2004-10
1959,Qtr 4,October,6,Suriname,Aero Commander AC 520?,Paloemeu Suriname,Airways Eyck Kappel-Van,0,2,10,October,1959-10-06,2,0,0.0,1.0,2,Aero Commander AC,2,1959-10
1943,Qtr 4,October,22,Sweden,Douglas DC 3SE,Hallo Sweden,Aerotransport AB,0,15,10,October,1943-10-22,13,2,13.333333333333334,0.8666666666666667,13,Douglas,13,1943-10
1938,Qtr 4,October,1,Switzerland,Junkers JU 52/3mD,Grisons Switzerland,Lufthansa Deutsche,0,13,10,October,1938-10-01,13,0,0.0,1.0,13,Junkers,13,1938-10
2000,Qtr 4,October,31,Taiwan,Boeing B 747,Taipei Taiwan,Airlines Singapore,0,179,10,October,2000-10-31,83,96,53.63128491620112,0.46368715083798884,83,Boeing,83,2000-10
1970,Qtr 4,October,2,Taiwan,Lockheed C 130E64,Near Taipei Taiwan,Force Air U.S. - Military,0,43,10,October,1970-10-02,43,0,0.0,1.0,43,Lockheed,43,1970-10
1997,Qtr 4,October,10,Taiwan,Lockheed C 130H Hercules1310,Taipei Taiwan,Force Air China of Republic - Military,0,5,10,October,1997-10-10,5,0,0.0,1.0,5,Lockheed,5,1997-10
2010,Qtr 4,October,6,Tajikistan Military,Mi 8?,Rasht Valley Tajikistan Military,Guard National Tajik -,0,28,10,October,2010-10-06,28,0,0.0,1.0,28,Mil,28,2010-10
1943,Qtr 4,October,15,Tennessee,Douglas DC3 G102NC16088,Near Centerville Tennessee,Airlines American,0,15,10,October,1943-10-15,15,0,0.0,1.0,15,Douglas,15,1943-10
2014,Qtr 4,October,4,Texas,Bell 206L?,Wichita Falls Texas,Lifeteam Evac Air,0,4,10,October,2014-10-04,2,2,50.0,0.5,2,Bell,2,2014-10
1989,Qtr 4,October,6,Texas,Cessna 208 Caravan IN208W,Uncertain Texas,Air Winchester,0,5,10,October,1989-10-06,5,0,0.0,1.0,5,Cessna 208 Caravan,5,1989-10
1947,Qtr 4,October,8,Texas,Douglas DC 4NC90432,Near El Paso Texas,Airlines American,0,54,10,October,1947-10-08,0,54,100.0,0.0,0,Douglas,0,1947-10
1986,Qtr 4,October,4,Texas,Lockheed L 100,San Antonio Texas,Transport Air Southern,0,3,10,October,1986-10-04,3,0,0.0,1.0,3,Lockheed,3,1986-10
1946,Qtr 4,October,7,The,Fairey Firefly MK1PP526,Apeldoorn The,Service Air Naval Netherlands Royal - NetherlandsMilitary,22,1,10,October,1946-10-07,1,0,0.0,1.0,23,Fairey Firefly,23,1946-10
1981,Qtr 4,October,26,U.S.,Lockheed L 749A ConstellationHI,St. Thomas U.S.,Argo IslandsAerolineas Virgin,0,5,10,October,1981-10-26,5,0,0.0,1.0,5,Lockheed,5,1981-10
1998,Qtr 4,October,25,Uganda,Britten Norman BN,Rwenzori mountains Uganda,Aviation Tana,0,11,10,October,1998-10-25,4,7,63.63636363636363,0.36363636363636365,4,Britten,4,1998-10
2019,Qtr 4,October,4,Ukraine,Antonov An 12BKUR,Lviv Ukraine,Alliance Air Ukraine,0,8,10,October,2019-10-04,5,3,37.5,0.625,5,Antonov,5,2019-10
2009,Qtr 4,October,21,United,Boeing 707 330CST,Sharjah United,EmiratesAzzi Arab,0,6,10,October,2009-10-21,6,0,0.0,1.0,6,Boeing,6,2009-10
1997,Qtr 4,October,10,Uruguay,McDonnell Douglas DC 9,Nuevo Berlin Uruguay,(Argentina) Aeras Lineas Austral,0,74,10,October,1997-10-10,74,0,0.0,1.0,74,McDonnell Douglas,74,1997-10
1948,Qtr 4,October,25,USSRAerflot,Lisunov LI 2CCCP,Georgian SSR USSRAerflot,Unknown Operator,0,18,10,October,1948-10-25,18,0,0.0,1.0,18,Lisunov,18,1948-10
1978,Qtr 4,October,23,USSRAeroflot,Antonov AN 24BCCCP,Gulf of Sivash USSRAeroflot,Unknown Operator,0,26,10,October,1978-10-23,26,0,0.0,1.0,26,Antonov,26,1978-10
1972,Qtr 4,October,1,USSRAeroflot,Ilyushin IL 18BCCCP,Near Adler USSRAeroflot,Unknown Operator,0,108,10,October,1972-10-01,108,0,0.0,1.0,108,Ilyushin,108,1972-10
1972,Qtr 4,October,13,USSRAeroflot,Ilyushin IL 62CCCP,Near Moscow USSRAeroflot,Unknown Operator,0,174,10,October,1972-10-13,174,0,0.0,1.0,174,Ilyushin,174,1972-10
1986,Qtr 4,October,14,USSRAeroflot,LET 410MT TurbojetCCCP 67264,Ust-Maya USSRAeroflot,Unknown Operator,0,14,10,October,1986-10-14,14,0,0.0,1.0,14,LET 410MT,14,1986-10
1985,Qtr 4,October,11,USSRAeroflot,Yakovlev YAK 40CCCP,Near Kutayissi USSRAeroflot,Unknown Operator,0,14,10,October,1985-10-11,14,0,0.0,1.0,14,Yakovlev,14,1985-10
1989,Qtr 4,October,26,USSRMilitary,Antonov AN 2609,Petropavlovsk USSRMilitary,Force Air Soviet -,0,36,10,October,1989-10-26,36,0,0.0,1.0,36,Antonov,36,1989-10
1960,Qtr 4,October,15,Utah,Curtiss C 46FN1300N,Plain City Utah,Airways Capitol,0,2,10,October,1960-10-15,2,0,0.0,1.0,2,Curtiss,2,1960-10
1947,Qtr 4,October,24,Utah,Douglas DC 6NC37510,Bryce Canyon Utah,Lines Air United,0,53,10,October,1947-10-24,53,0,0.0,1.0,53,Douglas,53,1947-10
1972,Qtr 4,October,23,Vanuatu,Britten Norman BN,Tanna Vanuatu,Melanesie Air,0,8,10,October,1972-10-23,1,7,87.5,0.125,1,Britten,1,1972-10
2003,Qtr 4,October,11,Venezuela,Antonov AN 2TPYV,Uriman Venezuela,Transmandu,0,2,10,October,2003-10-11,1,1,50.0,0.5,1,Antonov,1,2003-10
1999,Qtr 4,October,24,Venezuela,Arava 201EV 8012,San Carlos Venezuela,Army Venezuelan - Military,0,6,10,October,1999-10-24,6,0,0.0,1.0,6,Arava,6,1999-10
1991,Qtr 4,October,13,Venezuela,Bell 214 STYV O,Aponguao Falls Venezuela,EDELCA,0,12,10,October,1991-10-13,12,0,0.0,1.0,12,Bell 214,12,1991-10
1998,Qtr 4,October,2,Venezuela,Douglas DC 3CYV,Near Canaima Venezuela,Servivensa,0,27,10,October,1998-10-02,1,26,96.29629629629629,0.037037037037037035,1,Douglas,1,1998-10
1958,Qtr 4,October,14,Venezuela,Lockheed 1049E Super ConstellationYV C,Mt. Alto del Cedro Venezuela,Venezolana Aeropostal Linea,0,23,10,October,1958-10-14,23,0,0.0,1.0,23,Lockheed 1049E Super,23,1958-10
1935,Qtr 4,October,2,Victoria,de Havilland DH 86VH,Off Finders Island Victoria,Australia Holyman Airways,0,5,10,October,1935-10-02,5,0,0.0,1.0,5,De Havilland,5,1935-10
1965,Qtr 4,October,18,Vietnam,Boeing 307 Stratoliner B 1F,Near Hanoi Vietnam,Commision Control International,0,13,10,October,1965-10-18,13,0,0.0,1.0,13,Boeing 307 Stratoliner,13,1965-10
1966,Qtr 4,October,4,Vietnam,de Havilland Canada CV 2B Caribou63,An Khe Vietnam,Army U.S. - Military,0,32,10,October,1966-10-04,14,18,56.25,0.4375,14,de Havilland Canada,14,1966-10
1953,Qtr 4,October,17,Vietnam,Douglas C 47BF,Lai Chau Vietnam,Sila Compagnie,0,7,10,October,1953-10-17,2,5,71.42857142857143,0.2857142857142857,2,Douglas,2,1953-10
2004,Qtr 4,October,24,Virginia,Beech 200 Super King AirN501RH,Martinsville Virginia,Inc. Motorsports Hendrick - Private,0,10,10,October,2004-10-24,10,0,0.0,1.0,10,Beech 200 Super King,10,2004-10
1959,Qtr 4,October,30,Virginia,Douglas DC 3N55V,Waynesborough Virginia,Airlines Piedmont,0,27,10,October,1959-10-30,26,1,3.7037037037037033,0.9629629629629629,26,Douglas,26,1959-10
1929,Qtr 4,October,31,Washington,Loening C 2CNC9158,Off Bremerton Washington,Lines Air Gorst / Taxi Air Bremerton-Seattle,0,2,10,October,1929-10-31,2,0,0.0,1.0,2,Loening,2,1929-10
1992,Qtr 4,October,7,West,Lockheed C 130E Hercules63,Berkeley Springs West,Airforce U.S. - VirginiaMiltiary,0,6,10,October,1992-10-07,6,0,0.0,1.0,6,Lockheed,6,1992-10
1971,Qtr 4,October,2,West,Vickers Vanguard 951G APEC,Near Aarsele West,Belgium Vlaanderen British European Airways,0,63,10,October,1971-10-02,63,0,0.0,1.0,63,Vickers Vanguard,63,1971-10
1935,Qtr 4,October,7,Wyoming,Boeing 247DNC13317,Near Cheyenne Wyoming,Lines Air United,0,12,10,October,1935-10-07,12,0,0.0,1.0,12,Boeing,12,1935-10
1935,Qtr 4,October,30,Wyoming,Boeing B 247,Cheyenne Wyoming,Lines Air United,0,4,10,October,1935-10-30,4,0,0.0,1.0,4,Boeing,4,1935-10
2003,Qtr 4,October,29,Wyoming,Cessna 208B Caravan I Super CargomasterN791FE,Cody Wyoming,Fed,0,1,10,October,2003-10-29,1,0,0.0,1.0,1,Cessna 208B Caravan I Super,1,2003-10
1949,Qtr 4,October,9,Wyoming,Curtiss C 46E,Cheyenne Wyoming,Airways Slick,0,4,10,October,1949-10-09,4,0,0.0,1.0,4,Curtiss,4,1949-10
1937,Qtr 4,October,17,Wyoming,Douglas DC 3NC16074,Haydens Peak Wyoming,Lines Air United,0,19,10,October,1937-10-17,19,0,0.0,1.0,19,Douglas,19,1937-10
1946,Qtr 4,October,17,Wyoming,Douglas DC 3NC38942,Laramie Wyoming,Services Transport Air National,0,13,10,October,1946-10-17,13,0,0.0,1.0,13,Douglas,13,1946-10
1946,Qtr 4,October,8,Wyoming,Douglas DC 4N30051,Cheyenne Wyoming,Lines Air United,0,41,10,October,1946-10-08,2,39,95.1219512195122,0.04878048780487805,2,Douglas,2,1946-10
1955,Qtr 4,October,6,Wyoming,Douglas DC 4N30062,Near Centennial Wyoming,Lines Air United,0,66,10,October,1955-10-06,66,0,0.0,1.0,66,Douglas,66,1955-10
1981,Qtr 4,October,1,Wyoming,Learjet 24N44CJ,Casper Wyoming,Air Train Sky,0,3,10,October,1981-10-01,3,0,0.0,1.0,3,Learjet,3,1981-10
1951,Qtr 4,October,22,Yugoslavia,Douglas DC 3YU,Skopje Yugoslavia,Airlines Yugoslav JAT,0,12,10,October,1951-10-22,12,0,0.0,1.0,12,Douglas,12,1951-10
1964,Qtr 4,October,19,Yugoslavia,Ilyushin IL 18CCCP,Near Belgrade Yugoslavia,Force Air Soviet - Military,0,33,10,October,1964-10-19,33,0,0.0,1.0,33,Ilyushin,33,1964-10
1957,Qtr 3,September,18,Montevideo,Convair CV 440,Montevideo,UruguayREAL,0,35,9,September,1957-09-18,1,34,97.14285714285714,0.02857142857142857,1,Convair,1,1957-09
1991,Qtr 3,September,29,Near Villavicencio,Curtiss C 46AHK,Near Villavicencio,Colombia ColombiaCORAL,0,10,9,September,1991-09-29,1,9,90.0,0.1,1,Curtiss,1,1991-09
1962,Qtr 3,September,20,Goi,Douglas C 47 SkytrainUN,Kamunza-Goi,Nations KatangaUnited,0,10,9,September,1962-09-20,2,8,80.0,0.2,2,Douglas,2,1962-09
1995,Qtr 3,September,15,Tawau,Fokker 509M MGH,Tawau,Airlines MalaysiaMalaysia,0,53,9,September,1995-09-15,34,19,35.84905660377358,0.6415094339622641,34,Fokker,34,1995-09
1977,Qtr 3,September,27,Kuala Lumpur,McDonnell Douglas DC 8,Kuala Lumpur,Lines Air MalaysiaJapan,0,79,9,September,1977-09-27,34,45,56.9620253164557,0.43037974683544306,34,McDonnell Douglas,34,1977-09
1979,Qtr 3,September,14,Near Sarroch,McDonnell Douglas DC 9,Near Sarroch,Italiani Transporti ItalyAero,0,31,9,September,1979-09-14,31,0,0.0,1.0,31,McDonnell Douglas,31,1979-09
1989,Qtr 3,September,26,Terrace,Swearingen SA.227AC Metro IIIC GSLB,Terrace,Airlines CanadaSkylink,0,7,9,September,1989-09-26,7,0,0.0,1.0,7,Swearingen SA.227AC Metro,7,1989-09
1963,Qtr 3,September,4,Aargau,Sud Aviation Caravelle IIIHG,Durrenasch Aargau,Switzerland Swissair,0,80,9,September,1963-09-04,80,0,0.0,1.0,80,Sud,80,1963-09
1984,Qtr 3,September,21,Afghanistan,Antonov AN 12?,Near Sarakchar Afghanistan,Force Air Russian - Military,0,50,9,September,1984-09-21,50,0,0.0,1.0,50,Antonov,50,1984-09
1980,Qtr 3,September,30,Afghanistan,Antonov AN 12VCCCP,Badakshan Afghanistan,Force Air Soviet - Military,0,45,9,September,1980-09-30,45,0,0.0,1.0,45,Antonov,45,1980-09
1987,Qtr 3,September,13,Afghanistan,Antonov AN 26?,Kunduz Afghanistan,Aeroflot,0,15,9,September,1987-09-13,15,0,0.0,1.0,15,Antonov,15,1987-09
1995,Qtr 3,September,11,Afghanistan,Antonov AN 26BYA,Jalalabad Afghanistan,Airlines Afghan Ariana,0,51,9,September,1995-09-11,3,48,94.11764705882352,0.058823529411764705,3,Antonov,3,1995-09
1985,Qtr 3,September,4,Afghanistan,Antonov AN 26YA,Near Kandahar Afghanistan,Airlines Afghan Ariana,0,52,9,September,1985-09-04,52,0,0.0,1.0,52,Antonov,52,1985-09
2006,Qtr 3,September,2,Afghanistan,British Aerospace Nimrod MR 2XV,Near Kandahar Afghanistan,Force Air Royal - Military,0,14,9,September,2006-09-02,14,0,0.0,1.0,14,British Aerospace Nimrod,14,2006-09
1989,Qtr 3,September,21,Afghanistan,Mil Mi 17 ( helicopter)?,Near Baghran Afghanistan,Force Air Republican Afghan - Military,0,24,9,September,1989-09-21,24,0,0.0,1.0,24,Mil,24,1989-09
1997,Qtr 3,September,13,Africa,Tupolev TU 154M / C,Off Namibia Africa,USAF - Military / Luftwaffe - Military,0,33,9,September,1997-09-13,33,0,0.0,1.0,33,Tupolev,33,1997-09
1978,Qtr 3,September,13,AKAlaska,de Havilland DHC 2N37741,Whittier AKAlaska,Travel,0,6,9,September,1978-09-13,6,0,0.0,1.0,6,De Havilland,6,1978-09
1965,Qtr 3,September,4,Alaska,Aero Commander 680N6305U,Lake Tustumena Alaska,Airlines Cordova,0,5,9,September,1965-09-04,4,1,20.0,0.8,4,Aero Commander,4,1965-09
1995,Qtr 3,September,22,Alaska,Boeing B 707 (E,Anchorage Alaska,Force Air U.S. - Military,0,24,9,September,1995-09-22,24,0,0.0,1.0,24,Boeing,24,1995-09
1971,Qtr 3,September,4,Alaska,Boeing B 727,Near Juneau Alaska,Airlines Alaska,0,111,9,September,1971-09-04,111,0,0.0,1.0,111,Boeing,111,1971-09
1998,Qtr 3,September,9,Alaska,de Havilland Dash 2 float planeN1433Z,Port Alsworth Alaska,Inc. Service Flying Rusts,0,5,9,September,1998-09-09,5,0,0.0,1.0,5,De Havilland,5,1998-09
1977,Qtr 3,September,6,Alaska,de Havilland Canada DHC 6 Twin Otter 200N563MA,Mt. Iliamna Alaska,Industries Aeronautical Alaska,0,13,9,September,1977-09-06,13,0,0.0,1.0,13,de Havilland Canada,13,1977-09
2015,Qtr 3,September,15,Alaska,de Havilland Canada DHC 3T Turbine OtterN928PK,Iliamna East Wind Lake Alaska,Lodge King Rainbow,0,7,9,September,2015-09-15,3,4,57.14285714285714,0.42857142857142855,3,de Havilland Canada DHC 3T Turbine,3,2015-09
1946,Qtr 3,September,7,Alaska,Douglas C 47A?,Nome Alaska,Airfreight McKinley Mt.,0,4,9,September,1946-09-07,4,0,0.0,1.0,4,Douglas,4,1946-09
1959,Qtr 3,September,24,Alaska,Douglas C 54BN63396,Great Sitkin Island Alaska,Airlines Aleutian Reeve,0,16,9,September,1959-09-24,16,0,0.0,1.0,16,Douglas,16,1959-09
1977,Qtr 3,September,12,Alaska,Douglas DC 7BFN6314J,Yakutat Alaska,Cargo Air Safe,0,4,9,September,1977-09-12,4,0,0.0,1.0,4,Douglas,4,1977-09
1976,Qtr 3,September,2,Alaska,Hughes 369HSN9172F,Hawk Inlet Alaska,Taxi Air - Helicopter Temsco,0,4,9,September,1976-09-02,3,1,25.0,0.75,3,Hughes,3,1976-09
1973,Qtr 3,September,8,Alaska,McDonnell Douglas DC 8,King Cove Alaska,Airways World,0,6,9,September,1973-09-08,6,0,0.0,1.0,6,McDonnell Douglas,6,1973-09
1989,Qtr 3,September,20,Alaska,Military U.S. Air Force57,Fairbanks Alaska,KC-135E Boeing,0,7,9,September,1989-09-20,2,5,71.42857142857143,0.2857142857142857,2,Military,2,1989-09
1990,Qtr 3,September,3,Alaska,Piper PA 31,Kaltag Alaska,Service Flying Frontier,0,10,9,September,1990-09-03,3,7,70.0,0.3,3,Piper,3,1990-09
1995,Qtr 3,September,1,Alaska,Shorts SC 7 SkyvanN30GA,Near Farewell Alaska,Cargo Air Star North,0,1,9,September,1995-09-01,1,0,0.0,1.0,1,Short,1,1995-09
1978,Qtr 3,September,9,Alaska,Soloy 12EJ3N5384V,Wrangell Alaska,Taxi Air - Helicopter Temesco,0,3,9,September,1978-09-09,3,0,0.0,1.0,3,Soloy,3,1978-09
1930,Qtr 3,September,25,Alberta,Boeing 40CF AIN,Edmonton Alberta,Canada Western Canada Airways,0,3,9,September,1930-09-25,3,0,0.0,1.0,3,Boeing,3,1930-09
1955,Qtr 3,September,17,Alberta,Bristol 170 Freighter 31CF GBT,Near Thorhild Alberta,Canada Pacific Western Airlines,0,6,9,September,1955-09-17,2,4,66.66666666666666,0.3333333333333333,2,Bristol 170 Freighter,2,1955-09
1994,Qtr 3,September,18,Algeria,BAC One Eleven 515FB5N,Tamanrasset Algeria,Airlines Oriental,0,39,9,September,1994-09-18,5,34,87.17948717948718,0.1282051282051282,5,BAC,5,1994-09
1942,Qtr 3,September,27,Algeria,Dewoitine D 342F,Ameur el Ain Algeria,France Air,0,25,9,September,1942-09-27,25,0,0.0,1.0,25,Dewoitine,25,1942-09
2011,Qtr 3,September,14,Angola,Embraer 120ER BrasiliaT 500,Huambo Angola,Angolana Nacional Aerea Forca FANA - Military,0,36,9,September,2011-09-14,30,6,16.666666666666664,0.8333333333333334,30,Embraer 120ER,30,2011-09
1949,Qtr 3,September,27,Argentina,Douglas C 54A,Near Castilla Argentina,Argentina Mercante Aérea Flota,0,27,9,September,1949-09-27,5,22,81.48148148148148,0.18518518518518517,5,Douglas,5,1949-09
1941,Qtr 3,September,1,Argyll,Consolidated 32 2 Liberator IAM,Campbeltown Argyll,Scotland British Overseas Airways,0,10,9,September,1941-09-01,10,0,0.0,1.0,10,Consolidated,10,1941-09
2003,Qtr 3,September,20,Arizona,Aerospatiale AS350BAN270SH,Near Meadview Arizona,Helicopters Sundance,0,7,9,September,2003-09-20,7,0,0.0,1.0,7,Aerospatiale,7,2003-09
1995,Qtr 3,September,2,Arizona,Cessna 421C Golden EagleN6234G,Beaver Dam Arizona,Airlines Adventure,0,8,9,September,1995-09-02,8,0,0.0,1.0,8,Cessna 421C Golden,8,1995-09
1973,Qtr 3,September,27,Arkansas,Convair 600N94230,Rich Mountain Arkansas,Airlines International Texas,0,11,9,September,1973-09-27,11,0,0.0,1.0,11,Convair,11,1973-09
2000,Qtr 3,September,4,Australia,Beechcraft SKA 200VH SKC,Near Burketown Australia,Air Central - Charter,0,8,9,September,2000-09-04,8,0,0.0,1.0,8,Beechcraft,8,2000-09
1932,Qtr 3,September,18,Australia,De Havilland DH 80VH,Byron Bay Australia,Airways England New,0,3,9,September,1932-09-18,3,0,0.0,1.0,3,De Havilland,3,1932-09
1928,Qtr 3,September,4,Australia,de Havilland DH.50JG AUHI,Adelaide Hills Australia,Qantas,0,2,9,September,1928-09-04,1,1,50.0,0.5,1,De Havilland,1,1928-09
1948,Qtr 3,September,2,Australia,Douglas DC 3VH,Near Quirindi Australia,Airways National Australian,0,13,9,September,1948-09-02,13,0,0.0,1.0,13,Douglas,13,1948-09
1966,Qtr 3,September,22,Australia,Vickers Viscount 832VH RMI,Winton Australia,ANA Ansett,0,24,9,September,1966-09-22,24,0,0.0,1.0,24,Vickers Viscount,24,1966-09
1976,Qtr 3,September,3,Azores,Lockheed C 130H7772,Lajes Azores,Portugal Military - Venezuelan Air Force,0,68,9,September,1976-09-03,68,0,0.0,1.0,68,Lockheed,68,1976-09
1980,Qtr 3,September,12,Bahamas,Douglas DC 3N75KW,Off Freeport Bahamas,Airlines Commuter Florida,0,34,9,September,1980-09-12,34,0,0.0,1.0,34,Douglas,34,1980-09
1978,Qtr 3,September,3,Unknown,de havilland Canada Twin Otter 200C FAIV,Coal Harbour BC,Canada Air,0,13,9,September,1978-09-03,11,2,15.384615384615385,0.8461538461538461,11,de havilland Canada Twin Otter,11,1978-09
1946,Qtr 3,September,17,Belgium,Douglas C 47,Brussels Belgium,Sabena,0,7,9,September,1946-09-17,1,6,85.71428571428571,0.14285714285714285,1,Douglas,1,1946-09
1968,Qtr 3,September,28,Biafra,Douglas C 54BN90427,Port Harcourt Biafra,Nigeria Pan African Airlines,1,57,9,September,1968-09-28,57,0,0.0,1.0,58,Douglas,58,1968-09
1972,Qtr 3,September,7,Bolivia,Curtiss C 46A,Trinidad Bolivia,Copacabana de Virgen Aereas Servicios,0,8,9,September,1972-09-07,1,7,87.5,0.125,1,Curtiss,1,1972-09
1951,Qtr 3,September,29,Bolivia,Curtiss C 46D,La Paz Bolivia,Andes Los Cooperativo Frigorifico,0,27,9,September,1951-09-29,27,0,0.0,1.0,27,Curtiss,27,1951-09
1962,Qtr 3,September,10,Bolivia,Douglas C 47ACP,Near Alcoche Bolivia,Abaroa Aerolineas,0,4,9,September,1962-09-10,4,0,0.0,1.0,4,Douglas,4,1962-09
1969,Qtr 3,September,26,Bolivia,Douglas DC 6BCP,Near La Paz Bolivia,Boliviano Aereo Lloyd,0,74,9,September,1969-09-26,74,0,0.0,1.0,74,Douglas,74,1969-09
2011,Qtr 3,September,6,Bolivia,Swearingen SA 227BC Metroliner IIICP,Near Trinidad Bolivia,Aerocon,0,9,9,September,2011-09-06,8,1,11.11111111111111,0.8888888888888888,8,Swearingen,8,2011-09
2006,Qtr 3,September,29,Brazil,Boeing B 737,Near Sao Felix do Araguaia Brazil,Private / Airlines Gol,0,161,9,September,2006-09-29,154,7,4.3478260869565215,0.9565217391304348,154,Boeing,154,2006-09
1989,Qtr 3,September,3,Brazil,Boeing B 737,Near Sao Jose do Xingu Brazil,Varig,0,54,9,September,1989-09-03,13,41,75.92592592592592,0.24074074074074073,13,Boeing,13,1989-09
1958,Qtr 3,September,5,Brazil,Curtiss C 46A,Campina Grande Brazil,Nacional Aereo Loide,0,18,9,September,1958-09-05,14,4,22.22222222222222,0.7777777777777778,14,Curtiss,14,1958-09
1946,Qtr 3,September,27,Brazil,Douglas DC 3A,Rio Doce Brazil,Brasil do Panair,0,25,9,September,1946-09-27,25,0,0.0,1.0,25,Douglas,25,1946-09
1973,Qtr 3,September,30,Brazil,Douglas DC 3APT,Miritituba Brazil,Aeronorte,0,9,9,September,1973-09-30,9,0,0.0,1.0,9,Douglas,9,1973-09
1969,Qtr 3,September,14,Brazil,Douglas DC 3PP,Londrina-Parana Brazil,VASP,0,21,9,September,1969-09-14,20,1,4.761904761904762,0.9523809523809523,20,Douglas,20,1969-09
1954,Qtr 3,September,12,Brazil,Douglas DC 3PP,Off Rio de Janeiro Brazil,Cruzeiro,0,26,9,September,1954-09-12,6,20,76.92307692307693,0.23076923076923078,6,Douglas,6,1954-09
1951,Qtr 3,September,8,Brazil,Douglas DC 3PP,Sao Paulo Brazil,VASP,3,13,9,September,1951-09-08,13,0,0.0,1.0,16,Douglas,16,1951-09
1971,Qtr 3,September,28,Brazil,Douglas DC 3PP,Sena Madureira Brazil,Cruzeiro,0,32,9,September,1971-09-28,32,0,0.0,1.0,32,Douglas,32,1971-09
2023,Qtr 3,September,16,Brazil,Embraer EMB 110P1 BandeirantePT,Barcelos Brazil,Aerotaxi Manaus,0,14,9,September,2023-09-16,14,0,0.0,1.0,14,Embraer,14,2023-09
1999,Qtr 3,September,14,Brazil,Embraer 110 BandeirantePT ODK,Belelm Brazil,Aéreo Táxi Jet Norte,0,2,9,September,1999-09-14,2,0,0.0,1.0,2,Embraer 110,2,1999-09
1990,Qtr 3,September,20,Brazil,Embraer 110P1 BandeirantePT FAW,Off Fernando de Noronha Brazil,SUDENE,0,12,9,September,1990-09-20,12,0,0.0,1.0,12,Embraer 110P1,12,1990-09
1986,Qtr 3,September,19,Brazil,Embraer 120RT BrasiliaN219AS,Near Mantiqueira Brazil,Airlines Southeast Atlantic,0,5,9,September,1986-09-19,5,0,0.0,1.0,5,Embraer 120RT,5,1986-09
2001,Qtr 3,September,15,Brazil,Fokker 100PT MRN,Belo Horizonte Brazil,(Brazil) TAM,0,82,9,September,2001-09-15,1,81,98.78048780487805,0.012195121951219513,1,Fokker,1,2001-09
1982,Qtr 3,September,4,Brazil,Gates Learjet 25BPT JBQ,Rio Branco Brazil,Tratores de Brasiliera Cia,0,10,9,September,1982-09-04,10,0,0.0,1.0,10,Gates Learjet,10,1982-09
1987,Qtr 3,September,8,Brazil,Hawker Siddeley HS 125,Carajas Brazil,Force Air Brazilian - Military,0,9,9,September,1987-09-08,9,0,0.0,1.0,9,Hawker Siddeley,9,1987-09
1942,Qtr 3,September,28,Brazil,Lockheed 18 LoadstarPP PBG,Near Sao Paulo Brazil,SA Brasil do Panair,0,15,9,September,1942-09-28,15,0,0.0,1.0,15,Lockheed 18,15,1942-09
1944,Qtr 3,September,21,Brazil,Lockheed 18 LodestarPP PBH,Rio Doce Brazil,Brasil do Panair,0,17,9,September,1944-09-21,17,0,0.0,1.0,17,Lockheed 18,17,1944-09
1959,Qtr 3,September,23,Brazil,Saab Scandia 90A 1PP,Sao Paulo Brazil,VASP,0,20,9,September,1959-09-23,20,0,0.0,1.0,20,Saab Scandia,20,1959-09
1964,Qtr 3,September,4,Brazil,Vickers Viscount 710CPP SRR,Pico da Caledonia Brazil,VASP,0,39,9,September,1964-09-04,39,0,0.0,1.0,39,Vickers Viscount,39,1964-09
1983,Qtr 3,September,2,British,Britten Norman BN,Near Smithers British,Canada Columbia Central Mountain Air Services,0,9,9,September,1983-09-02,9,0,0.0,1.0,9,Britten,9,1983-09
1995,Qtr 3,September,27,British,De Havilland Dash 3C,Campbell River British,Canada Columbia Western Straits Air,0,10,9,September,1995-09-27,8,2,20.0,0.8,8,De Havilland,8,1995-09
1979,Qtr 3,September,30,British,de Havilland Canada DHC 6 Twin Otter 200C,Porpoise Bay British,Air Coast CanadaWest Columbia,0,16,9,September,1979-09-30,2,14,87.5,0.125,2,de Havilland Canada,2,1979-09
1923,Qtr 3,September,14,Buckinghamshire,de Havilland DH 34G,Near Ivinghoe Buckinghamshire,England Daimler Airways,0,5,9,September,1923-09-14,5,0,0.0,1.0,5,De Havilland,5,1923-09
1971,Qtr 3,September,17,Bulgaria,Antonov An 14LZ,Rila mountain Bulgaria,Airlines Bulgarian Balkan,0,9,9,September,1971-09-17,9,0,0.0,1.0,9,Antonov,9,1971-09
1968,Qtr 3,September,3,Bulgaria,Ilyushin IL 18LZ,Near Burgas Bulgaria,TABSO Bulair,0,89,9,September,1968-09-03,47,42,47.19101123595505,0.5280898876404494,47,Ilyushin,47,1968-09
1977,Qtr 3,September,8,Burma,de Havilland Canada DHC 6 Twin Otter 300XY,Mt. Loi Hsam Hsao Burma,Airways Burma,0,19,9,September,1977-09-08,19,0,0.0,1.0,19,de Havilland Canada,19,1977-09
1955,Qtr 3,September,2,Burma,Douglas DC 3XY,Lanywa Burma,Airways Burma of (Myanmar)Union,0,12,9,September,1955-09-02,12,0,0.0,1.0,12,Douglas,12,1955-09
1935,Qtr 3,September,1,California,Boeing 247NC13314,Burbank California,Express Air Western,0,3,9,September,1935-09-01,3,0,0.0,1.0,3,Boeing,3,1935-09
1931,Qtr 3,September,16,California,Boeing 40NC10347,Oakland California,Transport Air Pacific,0,4,9,September,1931-09-16,4,0,0.0,1.0,4,Boeing,4,1931-09
1978,Qtr 3,September,25,California,Boeing B 727,San Diego California,Private / Airlines Southwest Pacific,7,137,9,September,1978-09-25,137,0,0.0,1.0,144,Boeing,144,1978-09
1979,Qtr 3,September,19,California,Boeing KC 135A58,Merced California,Force Air U.S. - Military,0,5,9,September,1979-09-19,5,0,0.0,1.0,5,Boeing,5,1979-09
1951,Qtr 3,September,12,California,Boeing 377 Stratocruiser 10 34N31230,Off Redwood City California,Lines Air United,0,3,9,September,1951-09-12,3,0,0.0,1.0,3,Boeing 377 Stratocruiser,3,1951-09
1990,Qtr 3,September,24,California,Cessna 501 CitationN79DD,San Luis Obispo California,Helicopters Hi,0,4,9,September,1990-09-24,4,0,0.0,1.0,4,Cessna 501,4,1990-09
1955,Qtr 3,September,8,California,Douglas DC 3N74663,Burbank California,Transport Air Currey,1,33,9,September,1955-09-08,2,31,93.93939393939394,0.06060606060606061,3,Douglas,3,1955-09
1972,Qtr 3,September,24,California,F 86 SabrejetN275X,Sacramento California,Private,22,1,9,September,1972-09-24,0,1,100.0,0.0,22,F,22,1972-09
1929,Qtr 3,September,17,California,Fairchild 71?,Jacumba California,Airways Pickwick,0,2,9,September,1929-09-17,1,1,50.0,0.5,1,Fairchild,1,1929-09
1929,Qtr 3,September,2,California,Lockheed VegaNR859E,Needles California,Aviators Associated,0,2,9,September,1929-09-02,1,1,50.0,0.5,1,Lockheed,1,1929-09
1997,Qtr 3,September,3,Cambodia,Tupolev TU 134VN,Phnom Penh Cambodia,Airlines Vietnam,0,66,9,September,1997-09-03,65,1,1.5151515151515151,0.9848484848484849,65,Tupolev,65,1997-09
1955,Qtr 3,September,10,Cameroon,Latecoere 631 (flying boat)F BDRE,Near Banyo Cameroon,Hydro France Societe,0,16,9,September,1955-09-10,16,0,0.0,1.0,16,Latecoere 631 (flying,16,1955-09
1990,Qtr 3,September,11,Canada,Boeing B 727,Off Newfoundland Canada,Faucett,0,18,9,September,1990-09-11,18,0,0.0,1.0,18,Boeing,18,1990-09
1979,Qtr 3,September,18,Canada,Britten Norman BN 7A lslanderC,Blink Horn Point Canada,Airlines Coastal Pacific,0,9,9,September,1979-09-18,4,5,55.55555555555556,0.4444444444444444,4,Britten Norman,4,1979-09
2003,Qtr 3,September,11,Canada,Cessna 208B Grand CaravanC FKAB,Near Summer Beaver Canada,Airways Wasaya,0,8,9,September,2003-09-11,8,0,0.0,1.0,8,Cessna 208B Grand,8,2003-09
1969,Qtr 3,September,17,Canada,Convair CV 640CF,Campbell River Canada,Airlines Western Pacific,0,15,9,September,1969-09-17,4,11,73.33333333333333,0.26666666666666666,4,Convair,4,1969-09
1994,Qtr 3,September,17,Canada,de Havilland Canada DHC 6 Twin Otter 100C,Fish Egg Inlet Canada,Airlines Coastal Pacific,0,4,9,September,1994-09-17,3,1,25.0,0.75,3,de Havilland Canada,3,1994-09
1966,Qtr 3,September,16,Canary,Douglas DC 3EC,Off Tenerife Canary,Spain Islands Iberia Airlines,0,27,9,September,1966-09-16,1,26,96.29629629629629,0.037037037037037035,1,Douglas,1,1966-09
1998,Qtr 3,September,28,Cape,de Havilland Canada DHC 6 Twin Otter 300D4,Praia Cape,Airlines Verde VerdeCabo,0,22,9,September,1998-09-28,1,21,95.45454545454545,0.045454545454545456,1,de Havilland Canada,1,1998-09
2011,Qtr 3,September,2,Chile,CASA C 212 Aviocar 300DF966,Juan Fernandez Island Chile,Force Air Chilean,0,21,9,September,2011-09-02,21,0,0.0,1.0,21,CASA,21,2011-09
1945,Qtr 3,September,28,China,Curtiss C 46D42,Near Chihkiang China,Force Air Army States United - Military,0,20,9,September,1945-09-28,20,0,0.0,1.0,20,Curtiss,20,1945-09
1946,Qtr 3,September,20,China,Curtiss Wright C 46?,Lochi Mountain China,Corporation Aviation National China,0,28,9,September,1946-09-20,28,0,0.0,1.0,28,Curtiss Wright,28,1946-09
1983,Qtr 3,September,14,China,Hawker Siddeley Trident 2E / II 28B,Guilin China,CAAC,0,106,9,September,1983-09-14,11,95,89.62264150943396,0.10377358490566038,11,Hawker Siddeley Trident 2E /,11,1983-09
1975,Qtr 3,September,30,Colombia,Boeing 727 24CHK,Barranquilla Colombia,Avianca,0,4,9,September,1975-09-30,4,0,0.0,1.0,4,Boeing,4,1975-09
1995,Qtr 3,September,9,Colombia,CASA 212 Aviocar 200FAC1152,Near La Macarena Colombia,SAETA,0,22,9,September,1995-09-09,21,1,4.545454545454546,0.9545454545454546,21,CASA 212 Aviocar,21,1995-09
1992,Qtr 3,September,19,Colombia,Curtiss C 46F,Bogota Colombia,Colombia Avesca,0,11,9,September,1992-09-19,11,0,0.0,1.0,11,Curtiss,11,1992-09
1964,Qtr 3,September,15,Colombia,Douglas C 47AHK,Near Condoto Colombia,Avianca,0,2,9,September,1964-09-15,2,0,0.0,1.0,2,Douglas,2,1964-09
2000,Qtr 3,September,2,Colombia,Douglas C 47FAC1659,Mount Montezuma Colombia,Colombiana Aérea Fuerza - Military,0,7,9,September,2000-09-02,7,0,0.0,1.0,7,Douglas,7,2000-09
1980,Qtr 3,September,10,Colombia,Douglas C 47HK,Puerto Olaya Colombia,Colombia Aeronorte,0,3,9,September,1980-09-10,3,0,0.0,1.0,3,Douglas,3,1980-09
1969,Qtr 3,September,8,Colombia,Douglas DC 3FAC,Near Medina Colombia,Satena,0,32,9,September,1969-09-08,32,0,0.0,1.0,32,Douglas,32,1969-09
1966,Qtr 3,September,22,Colombia,Douglas DC 4HK,Bogota Colombia,Avianca,0,2,9,September,1966-09-22,2,0,0.0,1.0,2,Douglas,2,1966-09
1981,Qtr 3,September,2,Colombia,Embraer 110P1 BandeiranteHK 2651,Paipa Colombia,Venado el Aereo,0,22,9,September,1981-09-02,21,1,4.545454545454546,0.9545454545454546,21,Embraer 110P1,21,1981-09
1936,Qtr 3,September,28,Colorado,Lockheed 5 VegaNC176W,Walsenberg Colorado,Lines Air Varney,0,3,9,September,1936-09-28,3,0,0.0,1.0,3,Lockheed,3,1936-09
2017,Qtr 3,September,30,Congo,Antonov An 12BEX,Near Kinshasa Congo,Congo the of Republic Democratic the of Force Air,0,12,9,September,2017-09-30,12,0,0.0,1.0,12,Antonov,12,2017-09
2005,Qtr 3,September,9,Congo,Antonov AN 26A9Q,Near Brazzaville Congo,Kasai Air,0,14,9,September,2005-09-09,14,0,0.0,1.0,14,Antonov,14,2005-09
1927,Qtr 3,September,3,Connecticut,Fokker UniversalNC52 NC52,Willington Connecticut,Transport Air Colonial,0,1,9,September,1927-09-03,1,0,0.0,1.0,1,Fokker UniversalNC52,1,1927-09
1929,Qtr 3,September,17,Connecticut,Pitcairn PA 6 Mailwing?,Mt Lamentation Connecticut,Transport Air Colonial,0,1,9,September,1929-09-17,1,0,0.0,1.0,1,Pitcairn,1,1929-09
1961,Qtr 3,September,6,Costa,Douglas DC 3TI,Cerro del Aernal Costa,Costarricenses Aéreas RicaLineas,0,2,9,September,1961-09-06,2,0,0.0,1.0,2,Douglas,2,1961-09
1989,Qtr 3,September,3,Cuba,Ilyushin IL 62MCU,Near Havana Cuba,Aviacion de Cubana,45,126,9,September,1989-09-03,126,0,0.0,1.0,171,Ilyushin,171,1989-09
1962,Qtr 3,September,10,Czechoslovakia,Avia 14OK MCT,Brno Czechoslovakia,Aerolinie Ceskoslovenske,0,34,9,September,1962-09-10,11,23,67.64705882352942,0.3235294117647059,11,Avia,11,1962-09
1963,Qtr 3,September,22,Deleware,Douglas C 133A56,Off Dover Deleware,Force Air U.S. - Military,0,10,9,September,1963-09-22,10,0,0.0,1.0,10,Douglas,10,1963-09
2007,Qtr 3,September,7,Democratic,Antonov AN 12BP4L,Goma Democratic,Airlines Kavatsi CongoGalaxy Republic,0,8,9,September,2007-09-07,8,0,0.0,1.0,8,Antonov,8,2007-09
2005,Qtr 3,September,5,Democtratic,Antonov 26BER AZT,Isiro Democtratic,Airlines CongoKavatshi Republic,0,11,9,September,2005-09-05,11,0,0.0,1.0,11,Antonov,11,2005-09
1989,Qtr 3,September,8,Denmark,Convair CV 580LN,Skagerrak Denmark,Partnair,0,55,9,September,1989-09-08,55,0,0.0,1.0,55,Convair,55,1989-09
1946,Qtr 3,September,3,Denmark,Douglas DC 3 (C,Holtug Denmark,France Air,0,22,9,September,1946-09-03,22,0,0.0,1.0,22,Douglas,22,1946-09
1991,Qtr 3,September,17,Djibouti Djibouti,Lockheed L 100,Djibouti City Djibouti Djibouti,DjiboutiDjibouti City City,0,4,9,September,1991-09-17,4,0,0.0,1.0,4,Lockheed,4,1991-09
2007,Qtr 3,September,24,Unknown,Let 4109Q CVL,Malemba Nkulu DR,Airways CongoKaribu,0,6,9,September,2007-09-24,1,5,83.33333333333334,0.16666666666666666,1,Let,1,2007-09
1975,Qtr 3,September,1,East,Tupolev TU 134DM,Leipzig-Halle East,GermanyInterflug,0,34,9,September,1975-09-01,27,7,20.588235294117645,0.7941176470588235,27,Tupolev,27,1975-09
1982,Qtr 3,September,1,Ecuador,de Havilland Canada DHC 4A CaribouHC,Near Valladolid Ecuador,Condor Aerolineas,0,44,9,September,1982-09-01,44,0,0.0,1.0,44,de Havilland Canada,44,1982-09
1969,Qtr 3,September,6,Ecuador,Douglas DC 3?,Quito Ecuador,Ecuador TAME,0,16,9,September,1969-09-06,1,15,93.75,0.0625,1,Douglas,1,1969-09
1988,Qtr 3,September,12,Ecuador,Lockheed L 188A ElectraHC,Lago Agrio Ecuador,Ecuador TAME,0,7,9,September,1988-09-12,7,0,0.0,1.0,7,Lockheed,7,1988-09
1984,Qtr 3,September,18,Ecuador,McDonnell Douglas DC 8F,Quito Ecuador,Cargo AECA,49,4,9,September,1984-09-18,4,0,0.0,1.0,53,McDonnell Douglas,53,1984-09
1965,Qtr 3,September,16,Ecuador,Transportes Aéreos OrientalesHC AFQ,Near Pastaza Ecuador,TAO,0,11,9,September,1965-09-16,9,2,18.181818181818183,0.8181818181818182,9,Transportes Aéreos,9,1965-09
1977,Qtr 3,September,4,Ecuador,Vickers Viscount 764DHC BCL,Near Cuenca Ecuador,Airways Nacionales Aereos Servicios,0,33,9,September,1977-09-04,33,0,0.0,1.0,33,Vickers Viscount,33,1977-09
1987,Qtr 3,September,21,Egypt,Airbus A.300B4 203SU,Luxor Egypt,Egypt,0,5,9,September,1987-09-21,5,0,0.0,1.0,5,Airbus,5,1987-09
1954,Qtr 3,September,15,Egypt,Vickers 634 VikingSU AFO,Cairo Egypt,Misrair,0,4,9,September,1954-09-15,3,1,25.0,0.75,3,Vickers 634,3,1954-09
1952,Qtr 3,September,6,England,de Havilland 110WG235,Near Farnsborough England,Aircraft Havilland de - Private,29,1,9,September,1952-09-06,1,0,0.0,1.0,30,De Havilland,30,1952-09
1932,Qtr 3,September,17,England,Liore et,Selsdon Park England,Union Air,0,2,9,September,1932-09-17,1,1,50.0,0.5,1,Liore,1,1932-09
1930,Qtr 3,September,11,England,Sabca F VIIOO,Croydon England,Sabena,0,2,9,September,1930-09-11,2,0,0.0,1.0,2,Sabca,2,1930-09
1958,Qtr 3,September,2,England,Vickers 621 Viking 1G AIJE,London England,Travel Air Independent,4,3,9,September,1958-09-02,3,0,0.0,1.0,7,Vickers 621 Viking,7,1958-09
1916,Qtr 3,September,24,England,Zeppelin L 32 (airship)?,Billericay England,Navy German - Military,0,22,9,September,1916-09-24,22,0,0.0,1.0,22,Zeppelin,22,1916-09
1988,Qtr 3,September,15,Ethiopia,Boeing B 737,Bahar Dar Ethiopia,Airlines Ethiopian,0,104,9,September,1988-09-15,35,69,66.34615384615384,0.33653846153846156,35,Boeing,35,1988-09
1975,Qtr 3,September,11,Ethiopia,Douglas C 47,Near Bahar Dar Ethiopia,Airlines Ethiopian,0,9,9,September,1975-09-11,1,8,88.88888888888889,0.1111111111111111,1,Douglas,1,1975-09
1972,Qtr 3,September,10,Ethiopia,Douglas DC 3ET,Gondar Ethiopia,Airlines Ethiopian,0,11,9,September,1972-09-10,11,0,0.0,1.0,11,Douglas,11,1972-09
1965,Qtr 3,September,14,Ethiopia,Douglas DC 3ET,Gore Ethiopia,Airlines Ethiopian,0,17,9,September,1965-09-14,17,0,0.0,1.0,17,Douglas,17,1965-09
1961,Qtr 3,September,5,Ethiopia,Douglas DC 3ET,Near Sendafar Ethiopia,Airlines Ethiopian,0,19,9,September,1961-09-05,5,14,73.68421052631578,0.2631578947368421,5,Douglas,5,1961-09
1970,Qtr 3,September,26,Faeroe,Fokker F 27 Friendship 300TF,Near Vagar Faeroe,Denmark Islands Icelandair,0,34,9,September,1970-09-26,8,26,76.47058823529412,0.23529411764705882,8,Fokker,8,1970-09
1984,Qtr 3,September,7,Florida,Cessna 402CN89PB,Near Naples Florida,Airlines Boston - Provincetown,0,6,9,September,1984-09-07,1,5,83.33333333333334,0.16666666666666666,1,Cessna,1,1984-09
1928,Qtr 3,September,2,France,Bleriot Spad 33F AIEP,Toul France,CIDNA,0,5,9,September,1928-09-02,5,0,0.0,1.0,5,Bleriot Spad,5,1928-09
1941,Qtr 3,September,1,France,Bloch 220F AQNL,Bollemont France,France Air,0,17,9,September,1941-09-01,15,2,11.76470588235294,0.8823529411764706,15,Bloch,15,1941-09
1946,Qtr 3,September,4,France,Douglas DC 3F,Le Bourget France,France Air,1,26,9,September,1946-09-04,20,6,23.076923076923077,0.7692307692307693,21,Douglas,21,1946-09
1959,Qtr 3,September,24,France,Douglas DC 7CF,Bordeaux France,(France) Intercontinentaux T.A.,0,65,9,September,1959-09-24,54,11,16.923076923076923,0.8307692307692308,54,Douglas,54,1959-09
1944,Qtr 3,September,27,France,Focke Wulf FW 200D,Near Dijon France,Lufthansa Deutsche,0,9,9,September,1944-09-27,9,0,0.0,1.0,9,Focke,9,1944-09
1958,Qtr 3,September,19,France,Lockheed C 130A Hercules56,Triel France,Force Air U.S. - Military,0,15,9,September,1958-09-19,15,0,0.0,1.0,15,Lockheed,15,1958-09
1980,Qtr 3,September,5,France,Lockheed L 100,Near Montelimar France,Force Air Kuwait - Military,0,8,9,September,1980-09-05,8,0,0.0,1.0,8,Lockheed,8,1980-09
1953,Qtr 3,September,1,France,Lockheed 749A ConstellationF BAZZ,Near Barcelonnette France,France Air,0,42,9,September,1953-09-01,42,0,0.0,1.0,42,Lockheed 749A,42,1953-09
1921,Qtr 3,September,6,France,Potez IXF ADCD,Paris France,Franco-Roumaine,0,5,9,September,1921-09-06,5,0,0.0,1.0,5,Potez,5,1921-09
1925,Qtr 3,September,7,France,Spad 33?,Toul France,CIDNA,0,0,9,September,1925-09-07,0,0,Unknown,Unknown,0,Spad,0,1925-09
1968,Qtr 3,September,11,France,Sud Aviation Caravelle 3F,Off Cap d'Antibes France,France Air,0,95,9,September,1968-09-11,95,0,0.0,1.0,95,Sud,95,1968-09
1963,Qtr 3,September,12,France,Vickers Viking 1BF BJER,Perpignan France,Nautic Air,0,40,9,September,1963-09-12,40,0,0.0,1.0,40,Vickers Viking,40,1963-09
1909,Qtr 3,September,7,France?,Wright ByplaneSC1,Juvisy-sur-Orge France?,Unknown Operator,0,1,9,September,1909-09-07,1,0,0.0,1.0,1,Wright,1,1909-09
1946,Qtr 3,September,7,Gambia,Avro 685 York IG AHEW,Bathurst Gambia,Airways American South British,0,24,9,September,1946-09-07,24,0,0.0,1.0,24,Avro 685 York,24,1946-09
1985,Qtr 3,September,29,Georgia,Cessna 208 Caravan IN551CC,Jenkinsburg Georgia,Inc Services Express Carriers Air,0,17,9,September,1985-09-29,17,0,0.0,1.0,17,Cessna 208 Caravan,17,1985-09
1993,Qtr 3,September,21,Georgia,Tupolev TU 134ACCCP,Sukhumi Georgia,Airlines Georgia Transair,0,27,9,September,1993-09-21,27,0,0.0,1.0,27,Tupolev,27,1993-09
1993,Qtr 3,September,22,Georgia,Tupolev TU 154BCCCP,Sukhumi Georgia,Airlines Georgia Transair,0,132,9,September,1993-09-22,108,24,18.181818181818183,0.8181818181818182,108,Tupolev,108,1993-09
1971,Qtr 3,September,6,Germany,BAC One Eleven 515FBD,Near Hasloh Germany,International Pan,0,121,9,September,1971-09-06,22,99,81.81818181818183,0.18181818181818182,22,BAC,22,1971-09
1927,Qtr 3,September,23,Germany,Dornier MerkurD 585,Schleiz Germany,Lufthansa Deutsche,0,6,9,September,1927-09-23,6,0,0.0,1.0,6,Dornier,6,1927-09
1928,Qtr 3,September,6,Germany,Fokker FG IIID 180,Heroldbach Germany,Lufthansa Deutsche,0,3,9,September,1928-09-06,3,0,0.0,1.0,3,Fokker,3,1928-09
1915,Qtr 3,September,3,Germany,Zeppelin L 10 (airship)?,Off Cuxhaven Germany,Navy German - Military,0,19,9,September,1915-09-03,19,0,0.0,1.0,19,Zeppelin,19,1915-09
2004,Qtr 3,September,11,Greece,CH 47D Chinook?,Off Mount Athos Greece,Army Greek - Military,0,17,9,September,2004-09-11,17,0,0.0,1.0,17,CH,17,2004-09
1990,Qtr 3,September,12,Greenland,Cessna 441 Conquest IIOY CGM,Off Sondre Stromfjord Greenland,Air Nuna,0,8,9,September,1990-09-12,8,0,0.0,1.0,8,Cessna 441 Conquest,8,1990-09
1960,Qtr 3,September,19,Guam,Douglas DC 6ABN90779,Agana Guam,Mariana Islands World Airways,0,94,9,September,1960-09-19,80,14,14.893617021276595,0.851063829787234,80,Douglas,80,1960-09
2001,Qtr 3,September,18,Guatemala,LET 410UVP ETG,Guatemala City Guatemala,Airlines Atlantic,0,13,9,September,2001-09-18,9,4,30.76923076923077,0.6923076923076923,9,Let,9,2001-09
1978,Qtr 3,September,3,Guinea,Ilyushin IL 183X,Conakry Guinea,Guinee Air,0,17,9,September,1978-09-03,15,2,11.76470588235294,0.8823529411764706,15,Ilyushin,15,1978-09
1992,Qtr 3,September,16,Hawaii,Aerospatiale AS 350BN350SM,Hana Hawaii,Inc. Helicopters Hawaii - Taxi Air,0,7,9,September,1992-09-16,7,0,0.0,1.0,7,Aerospatiale,7,1992-09
1953,Qtr 3,September,8,Honduras,Douglas C 47AXH,San Andres Honduras,TACA,0,3,9,September,1953-09-08,3,0,0.0,1.0,3,Douglas,3,1953-09
1959,Qtr 3,September,12,Honduras,Douglas DC 4N88900,Near Tegucigalpa Honduras,Airways World American Pan,0,3,9,September,1959-09-12,3,0,0.0,1.0,3,Douglas,3,1959-09
1994,Qtr 3,September,23,Hong,Lockheed L 100,Kowloon Bay Hong,Airlines Cargo KongHeavylift,0,12,9,September,1994-09-23,6,6,50.0,0.5,6,Lockheed,6,1994-09
1976,Qtr 3,September,10,Hrvatska,McDonnell Douglas DC 9,Near Gaj Hrvatska,Yugoslavia Inex Adria Aviopromet / British Airways,0,176,9,September,1976-09-10,176,0,0.0,1.0,176,McDonnell Douglas,176,1976-09
1928,Qtr 3,September,4,Idaho,Fokker Super UniversalNC7242,Pocatello Idaho,Airways Parks National,0,7,9,September,1928-09-04,7,0,0.0,1.0,7,Fokker Super,7,1928-09
1931,Qtr 3,September,14,Illinois,Lockheed VegaNC606,Chicago Illinois,Airways Chicago-Detroit,0,1,9,September,1931-09-14,1,0,0.0,1.0,1,Lockheed,1,1931-09
1961,Qtr 3,September,1,Illinois,Lockheed 049 ConstellationN86511,Near Hinsdale Illinois,Airlines World Trans,0,78,9,September,1961-09-01,78,0,0.0,1.0,78,Lockheed,78,1961-09
1961,Qtr 3,September,17,Illinois,Lockheed 188C ElectraN137US,Chicago Illinois,Airlines Orient Northwest,0,37,9,September,1961-09-17,37,0,0.0,1.0,37,Lockheed 18,37,1961-09
1936,Qtr 3,September,29,Illinois,Lockheed Vega 5CNC959Y,Napierville Illinois,Service Air Bird Blue,0,4,9,September,1936-09-29,4,0,0.0,1.0,4,Lockheed Vega,4,1936-09
1989,Qtr 3,September,23,India,Dornier Do 288,Ujani Dam India,Vayudoot,0,11,9,September,1989-09-23,11,0,0.0,1.0,11,Dornier,11,1989-09
1951,Qtr 3,September,15,India,Douglas C 47A,Bangalore India,India Air,0,28,9,September,1951-09-15,22,6,21.428571428571427,0.7857142857142857,22,Douglas,22,1951-09
1962,Qtr 3,September,21,India,Douglas C 47AVT,Sela Pass India,Airlines Kalinga,0,8,9,September,1962-09-21,8,0,0.0,1.0,8,Douglas,8,1962-09
1943,Qtr 3,September,22,India,Douglas C 5342,Near Calcutta India,Forces Air Army U.S. - Military,0,20,9,September,1943-09-22,20,0,0.0,1.0,20,Douglas,20,1943-09
1963,Qtr 3,September,11,India,Vickers Viscount 768DVT DIO,Near Patti India,Airlines Indian,0,18,9,September,1963-09-11,18,0,0.0,1.0,18,Vickers Viscount,18,1963-09
1966,Qtr 3,September,4,Indian,Sud Aviation SE 210 CaravelleVT,Mumbai Indian,Airlines Indian,0,4,9,September,1966-09-04,4,0,0.0,1.0,4,Sud Aviation,4,1966-09
1922,Qtr 3,September,7,Indiana,De Havilland DH 4227,Indianapolis Indiana,Service Mail Aerial US,0,1,9,September,1922-09-07,1,0,0.0,1.0,1,De Havilland,1,1922-09
1969,Qtr 3,September,9,Indiana,MD Douglas DC 9,Near Fairland Indiana,Corporation Forth / Airlines Allegheny,0,83,9,September,1969-09-09,83,0,0.0,1.0,83,Douglas,83,1969-09
1997,Qtr 3,September,26,Indonesia,Airbus A300 B4,Buah Nabar Indonesia,Airlines Indonesia Garuda,0,234,9,September,1997-09-26,234,0,0.0,1.0,234,Airbus,234,1997-09
2005,Qtr 3,September,5,Indonesia,Boeing 737 230PK,Medan Indonesia,Airlines Mandala,44,117,9,September,2005-09-05,99,18,15.384615384615385,0.8461538461538461,143,Boeing,143,2005-09
1991,Qtr 3,September,3,Indonesia,Britten Norman BN,Sampit Indonesia,Services Air Dirgantara,0,10,9,September,1991-09-03,3,7,70.0,0.3,3,Britten,3,1991-09
2011,Qtr 3,September,29,Indonesia,CASA NC 212 Aviocar 200PK,Near Bohorok Indonesia,Air Buana Nusantara,0,18,9,September,2011-09-29,18,0,0.0,1.0,18,CASA,18,2011-09
1989,Qtr 3,September,15,Indonesia,de Havilland Canada DHC 6 Twin Otter 300PK,Near Bentuni Indonesia,Airlines Nusantara Merpati,0,22,9,September,1989-09-15,22,0,0.0,1.0,22,de Havilland Canada,22,1989-09
1974,Qtr 3,September,7,Indonesia,Fokker F 27 Friendship 600PK,Tandjung-karang Indonesia,Airlines Indonesia Garuda,0,39,9,September,1974-09-07,36,3,7.6923076923076925,0.9230769230769231,36,Fokker,36,1974-09
1975,Qtr 3,September,24,Indonesia,Fokker F 28 Fellowship 1000PK,Near Palembang Indonesia,Airlines Indonesia Garuda,1,61,9,September,1975-09-24,25,36,59.01639344262295,0.4098360655737705,26,Fokker,26,1975-09
1929,Qtr 3,September,6,Iran,de Havilland DH 66 HerculesG,Jask Iran,Airways Imperial,0,5,9,September,1929-09-06,3,2,40.0,0.6,3,De Havilland,3,1929-09
1950,Qtr 3,September,14,Iran,Douglas DC 3EP,Tehran Iran,Air Iran,0,8,9,September,1950-09-14,8,0,0.0,1.0,8,Douglas,8,1950-09
2018,Qtr 3,September,17,Iran,Ilyushin Il 20MRF,Near Latakia-Khmeimim Air Base Iran,Force Air Russian - Military,0,15,9,September,2018-09-17,15,0,0.0,1.0,15,Ilyushin,15,2018-09
1981,Qtr 3,September,29,Iran,Lockheed C 130H5,Tehran Iran,Force Air Iranian - Military,20,80,9,September,1981-09-29,60,20,25.0,0.75,80,Lockheed,80,1981-09
2006,Qtr 3,September,1,Iran,Tupolev Tu 154MEP,Mahad Iran,Tours Air Iran,0,148,9,September,2006-09-01,29,119,80.4054054054054,0.19594594594594594,29,Tupolev,29,2006-09
1961,Qtr 3,September,10,Ireland,Douglas DC 6BN90773,Shannon Ireland,Airlines President,0,83,9,September,1961-09-10,83,0,0.0,1.0,83,Douglas,83,1961-09
1954,Qtr 3,September,5,Ireland,Lockheed 1049C 55,Foynes Ireland,Airlines Dutch Royal KLM,0,56,9,September,1954-09-05,28,28,50.0,0.5,28,Lockheed,28,1954-09
1960,Qtr 3,September,29,Italy,Vickers Viscount 739BSU AKW,Off Elba Italy,Airlines Arab United,0,21,9,September,1960-09-29,21,0,0.0,1.0,21,Vickers Viscount,21,1960-09
1950,Qtr 3,September,26,Japan,Douglas C 54D,Near Kyushu Island Japan,Force Air U.S. - Military,0,51,9,September,1950-09-26,23,28,54.90196078431373,0.45098039215686275,23,Douglas,23,1950-09
1958,Qtr 3,September,9,Japan,Lockheed L 1049H Super ConstellationN6920C,Mount Oyama Japan,Line Tiger Flying,0,8,9,September,1958-09-09,8,0,0.0,1.0,8,Lockheed,8,1958-09
1962,Qtr 3,September,3,Japan,Lockheed P2V 7KA,Yanoyaki Japan,Force Defense Self Maritime Japan - Military,1,12,9,September,1962-09-03,12,0,0.0,1.0,13,Lockheed,13,1962-09
1956,Qtr 3,September,9,Jordan,Curtiss C 46A,Amman Jordan,Airlines International Jordan,0,57,9,September,1956-09-09,1,56,98.24561403508771,0.017543859649122806,1,Curtiss,1,1956-09
1944,Qtr 3,September,17,Kansas,Consolidated B 24 Liberator?,Copeland Kansas,Army U.S. - Military,2,13,9,September,1944-09-17,13,0,0.0,1.0,15,Consolidated,15,1944-09
1948,Qtr 3,September,30,Kazakhstan,Lisunov LI 2CCCP,Balkhash Kazakhstan,Aeroflot,0,15,9,September,1948-09-30,15,0,0.0,1.0,15,Lisunov,15,1948-09
1989,Qtr 3,September,15,Kentucky,Beech King Air B100N887PE,Mayfield Kentucky,Aviation Cap Wehite,0,6,9,September,1989-09-15,6,0,0.0,1.0,6,Beech King Air,6,1989-09
1953,Qtr 3,September,28,Kentucky,Curtiss C 46F,Louisville Kentucky,Airlines Resort,0,41,9,September,1953-09-28,25,16,39.02439024390244,0.6097560975609756,25,Curtiss,25,1953-09
1986,Qtr 3,September,9,Kentucky,Lockheed C 130A Hercules56,Hopkinsville Kentucky,Force Air U.S. - Military,0,4,9,September,1986-09-09,3,1,25.0,0.75,3,Lockheed,3,1986-09
1969,Qtr 3,September,2,Laos,Douglas C 47248,Near Pakse Laos,Force Air Lao Royal - Military,0,35,9,September,1969-09-02,35,0,0.0,1.0,35,Douglas,35,1969-09
1975,Qtr 3,September,30,Lebanon,Tupolev TU 154BHA,Off Beirut Lebanon,Airlines Hungarian Malev,0,60,9,September,1975-09-30,60,0,0.0,1.0,60,Tupolev,60,1975-09
1946,Qtr 3,September,19,Libya,Avro LancasterNX690,Near Tripoli Libya,Force Air -Royal Military,0,25,9,September,1946-09-19,25,0,0.0,1.0,25,Avro,25,1946-09
1955,Qtr 3,September,22,Libya,Canadair C 4 ArgonautG,Idris Libya,Airways Overseas British,0,47,9,September,1955-09-22,15,32,68.08510638297872,0.3191489361702128,15,Canadair,15,1955-09
1936,Qtr 3,September,24,Libya,CRDA CANT Z 506I,Benghazi Libya,SA Littoria Ala,0,10,9,September,1936-09-24,9,1,10.0,0.9,9,CRDA CANT,9,1936-09
1973,Qtr 3,September,20,Louisiana,Beechcraft E18SN50JR,Natchitoches Louisiana,Charter Private,0,6,9,September,1973-09-20,6,0,0.0,1.0,6,Beechcraft,6,1973-09
1982,Qtr 3,September,29,Luxembourg,Ilyushin IL 62MCCCP,Luxembourg Luxembourg,Aeroflot,0,77,9,September,1982-09-29,7,70,90.9090909090909,0.09090909090909091,7,Ilyushin,7,1982-09
1957,Qtr 3,September,27,Maharashtra,Let Aero 45SVT DHO,Bhiwandi Maharashtra,Indiaèkoda (India) Ltd,0,3,9,September,1957-09-27,3,0,0.0,1.0,3,Let Aero,3,1957-09
1997,Qtr 3,September,6,Malaysia,Dornier 228 2129M,Near Miri Malaysia,Airways Borneo,0,10,9,September,1997-09-06,10,0,0.0,1.0,10,Dornier,10,1997-09
1991,Qtr 3,September,4,Malaysia,Shorts SC 7 Skyvan 3,Long Seridan Malaysia,Udara Rajawaldi Airtech,0,20,9,September,1991-09-04,14,6,30.0,0.7,14,Short,14,1991-09
1950,Qtr 3,September,20,Marshall,Douglas R5D 356496,Kwajalein Marshall,Navy U.S. - IslandsMilitary,0,26,9,September,1950-09-20,26,0,0.0,1.0,26,Douglas,26,1950-09
2008,Qtr 3,September,27,Maryland,Aerospatiale SA365N 1 Dauphin IIN92MD,Camp Springs Maryland,Police State Maryland,0,5,9,September,2008-09-27,4,1,20.0,0.8,4,Aerospatiale,4,2008-09
1957,Qtr 3,September,15,Massachusetts,Douglas DC 3N33417,New Bedford Massachusetts,Airlines Northeast,0,24,9,September,1957-09-15,12,12,50.0,0.5,12,Douglas,12,1957-09
1969,Qtr 3,September,21,Mexico,Boeing B 727,Mexico City Mexico,Mexicana,0,118,9,September,1969-09-21,27,91,77.11864406779661,0.2288135593220339,27,Boeing,27,1969-09
1978,Qtr 3,September,9,Mexico,de Havilland Canada DHC 6 Twin Otter 100XA,Near Mexico City Mexico,Centro del Areas Lineas,0,21,9,September,1978-09-09,18,3,14.285714285714285,0.8571428571428571,18,de Havilland Canada,18,1978-09
1953,Qtr 3,September,14,Mexico,Douglas C 47AXA,Chablekal Mexico,Mexicanos Aéreos Transportes,0,2,9,September,1953-09-14,1,1,50.0,0.5,1,Douglas,1,1953-09
1960,Qtr 3,September,28,Mexico,Douglas DC 3 (C,Near Juchetipec Mexico,Mexicana,0,18,9,September,1960-09-28,8,10,55.55555555555556,0.4444444444444444,8,Douglas,8,1960-09
1959,Qtr 3,September,8,Mexico,Douglas DC 3?,Poza Rica Mexico,Mexicana,0,16,9,September,1959-09-08,1,15,93.75,0.0625,1,Douglas,1,1959-09
1949,Qtr 3,September,26,Mexico,Douglas DC 3XA,Mt. Popocatepetl Mexico,Mexicana,0,24,9,September,1949-09-26,24,0,0.0,1.0,24,Douglas,24,1949-09
2001,Qtr 3,September,12,Mexico,LET 410UVPXA ACM,Near Chichen Itza Mexico,Charter Ferinco Aero,0,19,9,September,2001-09-12,19,0,0.0,1.0,19,Let,19,2001-09
2003,Qtr 3,September,19,Mexico,Lockheed C 130A Hercules3603,Near La Quemada Mexico,Force Air Mexican - Military,0,6,9,September,2003-09-19,6,0,0.0,1.0,6,Lockheed,6,2003-09
1999,Qtr 3,September,17,Mexico,Lockheed C 130A Hercules3610,Mt. Hidalgo Mexico,Force Air Mexican - Military,0,5,9,September,1999-09-17,5,0,0.0,1.0,5,Lockheed,5,1999-09
2004,Qtr 3,September,9,Mexico,Rockwell CT 39A SabrelinerXA,Villahermosa Mexico,SA Paqueteria Jett,0,2,9,September,2004-09-09,2,0,0.0,1.0,2,Rockwell,2,2004-09
1976,Qtr 3,September,26,Michigan,Boeing KC 135A61,Near Alpena Michigan,Force Air U.S. - Military,0,20,9,September,1976-09-26,15,5,25.0,0.75,15,Boeing,15,1976-09
2018,Qtr 3,September,28,Micronesia,Boeing 737 8BKP2,Chuuk Micronesia,Niugini Air,0,47,9,September,2018-09-28,1,46,97.87234042553192,0.02127659574468085,1,Boeing,1,2018-09
1955,Qtr 3,September,24,miles,Douglas C 54AN90433,Pacific Ocean (1 miles,HI)Flying Tiger Line Honolulu of west,0,5,9,September,1955-09-24,3,2,40.0,0.6,3,Douglas,3,1955-09
1945,Qtr 3,September,15,Missouri,Douglas C 47B,Near Kansas Missouri,Forces Air Army U.S. - Military,0,24,9,September,1945-09-15,23,1,4.166666666666666,0.9583333333333334,23,Douglas,23,1945-09
1995,Qtr 3,September,21,Mongolia,Antonov AN 24RVBNMAU,Near Moron Mongolia,Airlines Mongolian - MIAT,0,43,9,September,1995-09-21,42,1,2.3255813953488373,0.9767441860465116,42,Antonov,42,1995-09
1965,Qtr 3,September,17,Montserrat,Boeing B 707,Chances Peak Montserrat,Airways World American Pan,0,30,9,September,1965-09-17,30,0,0.0,1.0,30,Boeing,30,1965-09
1929,Qtr 3,September,17,Morocco,Latecoere 25 3,Off Larache Morocco,Aeropostale,0,5,9,September,1929-09-17,5,0,0.0,1.0,5,Latecoere,5,1929-09
1961,Qtr 3,September,12,Morocco,Sud Aviation Caravelle IIIF,Near Rabat Morocco,France Air,0,77,9,September,1961-09-12,77,0,0.0,1.0,77,Sud,77,1961-09
1998,Qtr 3,September,25,Morroco,British Aerospace BAe 146,Near Nador Morroco,Air Paukn,0,38,9,September,1998-09-25,38,0,0.0,1.0,38,British Aerospace,38,1998-09
1985,Qtr 3,September,22,Soviet Air Force,Antonov AN 12?,AfghanistanMilitary - Soviet Air Force,Unknown Operator,0,26,9,September,1985-09-22,26,0,0.0,1.0,26,Antonov,26,1985-09
1998,Qtr 3,September,2,AngolaPermaviatrans,Antonov AN 26RA,AngolaPermaviatrans,Unknown Operator,0,24,9,September,1998-09-02,24,0,0.0,1.0,24,Antonov,24,1998-09
1989,Qtr 3,September,28,Semyonovka,Antonov An 32CCCP,Semyonovka,Unknown Operator,0,9,9,September,1989-09-28,9,0,0.0,1.0,9,Antonov,9,1989-09
1958,Qtr 3,September,29,Over the Mediterranean SeaMiddle East Airlines,Avro 685 York IOD ADB,Over the Mediterranean SeaMiddle East Airlines,Unknown Operator,0,5,9,September,1958-09-29,5,0,0.0,1.0,5,Avro 685 York,5,1958-09
1936,Qtr 3,September,25,English ChannelImperial Airways,Boulton and Paul P 71G,English ChannelImperial Airways,Unknown Operator,0,2,9,September,1936-09-25,2,0,0.0,1.0,2,Boulton and Paul,2,1936-09
1977,Qtr 3,September,2,Off Hong KongTransmeridian Air Cargo,Canadair CL 44D4,Off Hong KongTransmeridian Air Cargo,Unknown Operator,0,4,9,September,1977-09-02,4,0,0.0,1.0,4,Canadair,4,1977-09
1963,Qtr 3,September,2,Northeast Laos?,Curtiss C 46 Commando?,Northeast Laos?,Unknown Operator,0,16,9,September,1963-09-02,15,1,6.25,0.9375,15,Curtiss,15,1963-09
1958,Qtr 3,September,2,U.S. Air Force,Douglas C 124C Globemaster52,Off GuamMilitary - U.S. Air Force,Unknown Operator,0,19,9,September,1958-09-02,19,0,0.0,1.0,19,Douglas,19,1958-09
1944,Qtr 3,September,18,AlaskaU. S. Air Force,Douglas C 47A,AlaskaU. S. Air Force,Unknown Operator,0,19,9,September,1944-09-18,19,0,0.0,1.0,19,Douglas,19,1944-09
1946,Qtr 3,September,25,Royal Air Force,Douglas C 47B,Near Hong Kong International AirportMilitary - Royal Air Force,Unknown Operator,0,19,9,September,1946-09-25,19,0,0.0,1.0,19,Douglas,19,1946-09
1939,Qtr 3,September,26,North SeaKLM Royal Dutch Airlines,Douglas DC 3PH,North SeaKLM Royal Dutch Airlines,Unknown Operator,0,20,9,September,1939-09-26,1,19,95.0,0.05,1,Douglas,1,1939-09
1951,Qtr 3,September,27,US Air Force,Fairchild C 119C,Near Tachikawa Air BaseMilitary - US Air Force,Unknown Operator,0,14,9,September,1951-09-27,14,0,0.0,1.0,14,Fairchild,14,1951-09
2010,Qtr 3,September,4,Fox Glacier AirstripSky Dive New Zealand,Fletcher FU 24,Fox Glacier AirstripSky Dive New Zealand,Unknown Operator,0,9,9,September,2010-09-04,9,0,0.0,1.0,9,Fletcher,9,2010-09
1927,Qtr 3,September,17,Atlantic OceanPrivate,Fokker F7NX703,Atlantic OceanPrivate,Unknown Operator,0,3,9,September,1927-09-17,3,0,0.0,1.0,3,Fokker,3,1927-09
1929,Qtr 3,September,14,North Atlantic OceanAeropostale,Latecoere 25F AIUJ,North Atlantic OceanAeropostale,Unknown Operator,0,6,9,September,1929-09-14,6,0,0.0,1.0,6,Latecoere,6,1929-09
1962,Qtr 3,September,23,North Atlantic OceanFlying Tiger Line,Lockheed 1049H 82 Super ConstellationN6923C,North Atlantic OceanFlying Tiger Line,Unknown Operator,0,76,9,September,1962-09-23,28,48,63.1578947368421,0.3684210526315789,28,Lockheed,28,1962-09
1989,Qtr 3,September,21,Afghan Republican Air Force,Mil Mi 8 (helicopter)?,Centeral Afghanistan AfghanistanMilitary - Afghan Republican Air Force,Unknown Operator,0,26,9,September,1989-09-21,26,0,0.0,1.0,26,Mil,26,1989-09
1942,Qtr 3,September,24,Off West AfricaBritish Overseas Airways,Short S 30 (flying boat)G,Off West AfricaBritish Overseas Airways,Unknown Operator,0,19,9,September,1942-09-24,19,0,0.0,1.0,19,Short,19,1942-09
1913,Qtr 3,September,9,German Navy,Zeppelin L 1 (airship)?,Over the North SeaMilitary - German Navy,Unknown Operator,0,20,9,September,1913-09-09,14,6,30.0,0.7,14,Zeppelin,14,1913-09
1929,Qtr 3,September,3,near,Ford 5 AT,Mt. Taylor near,New Mexico Grants Trans Continental Air Transport,0,8,9,September,1929-09-03,8,0,0.0,1.0,8,Ford,8,1929-09
2015,Qtr 3,September,5,near,Hawker Siddeley HS 1256V,Off Dakar Near,Senegal Dioubel Senegalair,0,7,9,September,2015-09-05,7,0,0.0,1.0,7,Hawker Siddeley,7,2015-09
1992,Qtr 3,September,28,Nepal,Airbus A300B4 203AP,Near Kathmandu Nepal,Airlines International Pakistan,0,167,9,September,1992-09-28,167,0,0.0,1.0,167,Airbus,167,1992-09
2011,Qtr 3,September,25,Nepal,Beechcraft 1900D9N AEK,Near Kathmandu Nepal,Air Buddha,0,19,9,September,2011-09-25,19,0,0.0,1.0,19,Beechcraft,19,2011-09
2012,Qtr 3,September,28,Nepal,Dornier 228 2029N,Kathmandu Nepal,Air Sita,0,19,9,September,2012-09-28,19,0,0.0,1.0,19,Dornier,19,2012-09
1972,Qtr 3,September,13,Nepal,Douglas C 479N,Near Dhulikhel Nepal,Force Air Nepalese Royal - Military,0,31,9,September,1972-09-13,31,0,0.0,1.0,31,Douglas,31,1972-09
1999,Qtr 3,September,5,Nepal,Hawker Siddeley HS 748,Near Kathmandu Nepal,Air Necon,0,15,9,September,1999-09-05,15,0,0.0,1.0,15,Hawker Siddeley,15,1999-09
1992,Qtr 3,September,18,Netherlands,Douglas C 118AYV,Off Curacao Netherlands,Ejecutivos AntillesAero,0,3,9,September,1992-09-18,3,0,0.0,1.0,3,Douglas,3,1992-09
1996,Qtr 3,September,25,Netherlands,Douglas DC 3CPH,Waddenzee Netherlands,Association Dakota Dutch,0,32,9,September,1996-09-25,32,0,0.0,1.0,32,Douglas,32,1996-09
1946,Qtr 3,September,5,Nevada,Douglas DC 3 (C,Elko Nevada,Airlines Trans-Luxury,0,22,9,September,1946-09-05,21,1,4.545454545454546,0.9545454545454546,21,Douglas,21,1946-09
1981,Qtr 3,September,21,Nevada,Lockheed C 130H Hercules74,Nellis AFB Nevada,Force Air U.S. - Military,0,70,9,September,1981-09-21,7,63,90.0,0.1,7,Lockheed,7,1981-09
2011,Qtr 3,September,16,Nevada,North American P 51D,Reno Nevada,Corp Trans Aero - Private,10,1,9,September,2011-09-16,1,0,0.0,1.0,11,North American,11,2011-09
1977,Qtr 3,September,14,New,Boeing EC,Near Albuquerque New,Force Air U.S. - MexicoMilitary,0,20,9,September,1977-09-14,20,0,0.0,1.0,20,Boeing,20,1977-09
2001,Qtr 3,September,11,New,Boeing 767 223ERN334AA,New York City New,Airlines YorkAmerican,2750,92,9,September,2001-09-11,92,0,0.0,1.0,2842,Boeing,2842,2001-09
1989,Qtr 3,September,20,New,Boeing B 737,La Guardia Airport New,New York York USAir,0,63,9,September,1989-09-20,2,61,96.82539682539682,0.031746031746031744,2,Boeing,2,1989-09
2001,Qtr 3,September,11,New,Boeing B 767,New York City New,Lines Air YorkUnited,2750,65,9,September,2001-09-11,65,0,0.0,1.0,2815,Boeing,2815,2001-09
1968,Qtr 3,September,8,New,Cessna 402 / Piper PA 28N8283F / N8828W,Flushing New,Air - Flying Speeds / Taxi Air - Aviation YorkFar,0,9,9,September,1968-09-08,2,7,77.77777777777779,0.2222222222222222,2,Cessna 402 / Piper,2,1968-09
1953,Qtr 3,September,16,New,Convair CV 240,Albany New,Airlines YorkAmerican,0,28,9,September,1953-09-16,28,0,0.0,1.0,28,Convair,28,1953-09
1945,Qtr 3,September,11,New,Douglas C 47AA6556,Near Milne Bay New,Force Air Australian Royal - GuineaMilitary,0,11,9,September,1945-09-11,11,0,0.0,1.0,11,Douglas,11,1945-09
1950,Qtr 3,September,4,New,Douglas DC 3N18936,Utica New,Airlines YorkRobinson,0,23,9,September,1950-09-04,16,7,30.434782608695656,0.6956521739130435,16,Douglas,16,1950-09
1927,Qtr 3,September,17,New,Fokker F VIINC776,Hadley New,Airways JerseyReynolds,0,12,9,September,1927-09-17,7,5,41.66666666666667,0.5833333333333334,7,Fokker,7,1927-09
1920,Qtr 3,September,1,New,Junkers JL 6305,Morristown New,Service Mail Aerial JerseyUS,0,2,9,September,1920-09-01,2,0,0.0,1.0,2,Junkers,2,1920-09
1970,Qtr 3,September,8,New,McDonnell Douglas DC 8,New York New,Airlines International YorkTrans,0,11,9,September,1970-09-08,11,0,0.0,1.0,11,McDonnell Douglas,11,1970-09
1926,Qtr 3,September,26,New,Sikorsky S 25?,New York New,York?,0,5,9,September,1926-09-26,2,3,60.0,0.4,2,Sikorsky,2,1926-09
1946,Qtr 3,September,18,Newfoundland,Douglas DC 4,Near Gander Newfoundland,Sabena,0,44,9,September,1946-09-18,27,17,38.63636363636363,0.6136363636363636,27,Douglas,27,1946-09
1967,Qtr 3,September,5,Newfoundland,Ilyushin IL 18OK,Near Gander Newfoundland,Canada Ceskoslovenske Aerolinie,0,69,9,September,1967-09-05,37,32,46.3768115942029,0.5362318840579711,37,Ilyushin,37,1967-09
1989,Qtr 3,September,19,Niger,McDonnell Douglas DC 10,Near Bilma Niger,Aeriens Transportes des Union,0,171,9,September,1989-09-19,171,0,0.0,1.0,171,McDonnell Douglas,171,1989-09
1969,Qtr 3,September,26,Nigeria,Boeing C 97N52676,Uli Nigeria,Nordchurchaid,0,5,9,September,1969-09-26,5,0,0.0,1.0,5,Boeing,5,1969-09
1994,Qtr 3,September,13,Nigeria,de Havilland Canada DHC 6 Twin Otter 3005N,Near Abuja Nigeria,Charter - Aerocontroctors,0,5,9,September,1994-09-13,3,2,40.0,0.6,3,de Havilland Canada,3,1994-09
2006,Qtr 3,September,17,Nigeria,Dornier 228NAF033,Vandeikya Nigeria,Force Air Nigerian - Military,0,18,9,September,2006-09-17,13,5,27.77777777777778,0.7222222222222222,13,Dornier,13,2006-09
1992,Qtr 3,September,26,Nigeria,Lockheed C 130HNAF911,Near Lagos Nigeria,Force Air Nigerian Federal - Military,0,158,9,September,1992-09-26,158,0,0.0,1.0,158,Lockheed,158,1992-09
1943,Qtr 3,September,20,North,Douglas C 53D,Near Maxton North,Forces Air Army U.S. - CarolinaMilitary,0,25,9,September,1943-09-20,25,0,0.0,1.0,25,Douglas,25,1943-09
1974,Qtr 3,September,11,North,McDonnell Douglas DC 9,Near Charlotte North,Lines Air CarolinaEastern,0,82,9,September,1974-09-11,70,12,14.634146341463413,0.8536585365853658,70,McDonnell Douglas,70,1974-09
1955,Qtr 3,September,29,Northwest,Avro 685 York C 1CF,Yellowknife Northwest,Canada Territory Associated Airways,0,2,9,September,1955-09-29,1,1,50.0,0.5,1,Avro 685 York,1,1955-09
2011,Qtr 3,September,22,Northwest,de Havilland Canada DHC 6,Yellowknife Northwest,Canada Territories Arctic Sunwest Charters,0,9,9,September,2011-09-22,2,7,77.77777777777779,0.2222222222222222,2,de Havilland Canada,2,2011-09
1998,Qtr 3,September,2,Nova,McDonnell Douglas MD 11HB,Off Peggy's Cove Nova,Canada Scotia Swissair,0,229,9,September,1998-09-02,229,0,0.0,1.0,229,McDonnell Douglas,229,1998-09
1974,Qtr 3,September,8,off,Boeing B 707,Ionian Sea off,Greece Kefallinia Trans World Airlines,0,88,9,September,1974-09-08,88,0,0.0,1.0,88,Boeing,88,1974-09
2019,Qtr 3,September,11,Ohio,Convair CV 440FN24DR,Toledo Ohio,Private,0,2,9,September,2019-09-11,2,0,0.0,1.0,2,Convair,2,2019-09
2008,Qtr 3,September,1,Ohio,Convair CV 580N587X,Columbus Ohio,Tahoma Air,0,3,9,September,2008-09-01,3,0,0.0,1.0,3,Convair,3,2008-09
1923,Qtr 3,September,7,Ohio,De Havilland DH 4283,Colton Ohio,Service Mail Aerial US,0,1,9,September,1923-09-07,1,0,0.0,1.0,1,De Havilland,1,1923-09
1925,Qtr 3,September,3,Ohio,Dirigible ZR 1 Shenandoah (airship)ZR,Caldwell Ohio,Navy U.S. - Military,0,43,9,September,1925-09-03,14,29,67.44186046511628,0.32558139534883723,14,Dirigible,14,1925-09
1920,Qtr 3,September,15,Ohio,Junkers F 13308,Pemberville Ohio,Service Mail Aerial US,0,2,9,September,1920-09-15,2,0,0.0,1.0,2,Junkers,2,1920-09
1962,Qtr 3,September,4,Ohio,Lockheed 18 LodestarN1000F,Near Lake Milton Ohio,Company Oil Ashland - Private,0,13,9,September,1962-09-04,13,0,0.0,1.0,13,Lockheed 18,13,1962-09
1960,Qtr 3,September,22,Okinawa,Douglas R5D 356541,Off Naha Okinawa,Navy U.S. - Military,0,29,9,September,1960-09-22,29,0,0.0,1.0,29,Douglas,29,1960-09
1956,Qtr 3,September,9,Oklahoma,Douglas DC 3 / Cessna 170BN33315 / N8143A,Bartlesville Oklahoma,Airlines Continental,0,18,9,September,1956-09-09,0,18,100.0,0.0,0,Douglas,0,1956-09
1931,Qtr 3,September,15,Oltenia,Fokker F VIIb,Near Craiova Oltenia,Romania CIDNA,0,6,9,September,1931-09-15,6,0,0.0,1.0,6,Fokker,6,1931-09
1995,Qtr 3,September,2,Ontario,British Aerospace Nimrod MR 2PXV239,Toronto Ontario,Canada Military - Royal Air Force,0,7,9,September,1995-09-02,7,0,0.0,1.0,7,British Aerospace Nimrod,7,1995-09
1929,Qtr 3,September,14,Ontario,Travel Air 6000CF ABE,Saint Catharines Ontario,Skyways,0,6,9,September,1929-09-14,6,0,0.0,1.0,6,Travel Air,6,1929-09
1979,Qtr 3,September,14,Oregon,Douglas DC 7N455SW,Near Klamath Falls Oregon,Inc. Aviation Butler,0,12,9,September,1979-09-14,12,0,0.0,1.0,12,Douglas,12,1979-09
1988,Qtr 3,September,19,Pakistan,Antonov AN 26?,Near Miram Pakistan,Force Air Republican Afghan - Military,0,34,9,September,1988-09-19,34,0,0.0,1.0,34,Antonov,34,1988-09
1986,Qtr 3,September,5,Pakistan,Boeing B 747,Karachi Pakistan,Airways World American Pan,1,384,9,September,1986-09-05,16,368,95.83333333333334,0.041666666666666664,17,Boeing,17,1986-09
1998,Qtr 3,September,10,Pakistan,Lockheed C 130B Hercules24143,Islamabad Pakistan,Force Air Pakistan - Military,0,5,9,September,1998-09-10,5,0,0.0,1.0,5,Lockheed,5,1998-09
1952,Qtr 3,September,10,Panama,Curtiss C 46?,San Blas Panama,Colombia SAM,0,46,9,September,1952-09-10,46,0,0.0,1.0,46,Curtiss,46,1952-09
1935,Qtr 3,September,13,Panama,Ford Tri Motor?,Near Tambo Panama,Airways Panama,0,8,9,September,1935-09-13,8,0,0.0,1.0,8,Ford,8,1935-09
1984,Qtr 3,September,6,Papua,Britten Norman BN,Mt. Musaka Papua,New Guinea Talair,0,11,9,September,1984-09-06,9,2,18.181818181818183,0.8181818181818182,9,Britten,9,1984-09
2014,Qtr 3,September,20,Papua,de Havilland Canada DHC 6 Twin Otter 300P2,Near Port Moresby Papua,GuineaHevlift New,0,9,9,September,2014-09-20,4,5,55.55555555555556,0.4444444444444444,4,de Havilland Canada,4,2014-09
1945,Qtr 3,September,18,Papua,Douglas C 47B,Puncak Jaya Papua,Force Air Australian Royal - GuineaMilitary New,0,29,9,September,1945-09-18,29,0,0.0,1.0,29,Douglas,29,1945-09
1972,Qtr 3,September,1,Papua,Shorts SC 7 Skyvan 3,Mt. Giluwe Papua,New Guinea Ansett Airlines of Papua New Guinea,0,4,9,September,1972-09-01,4,0,0.0,1.0,4,Short,4,1972-09
1994,Qtr 3,September,28,Paraguay,Douglas C 47DFAP2009,Bahia Negra Paraguay,Paraguay TAM,0,27,9,September,1994-09-28,1,26,96.29629629629629,0.037037037037037035,1,Douglas,1,1994-09
1994,Qtr 3,September,8,Pennsylvania,Boeing B 737,Near Aliquippa Pennsylvania,USAir,0,132,9,September,1994-09-08,132,0,0.0,1.0,132,Boeing,132,1994-09
2001,Qtr 3,September,11,Pennsylvania,Boeing B 757,Shanksville Pennsylvania,Lines Air United,0,44,9,September,2001-09-11,44,0,0.0,1.0,44,Boeing,44,2001-09
1920,Qtr 3,September,27,Pennsylvania,De Havilland DH 4316,Hillersburg Pennsylvania,Service Mail Aerial US,0,1,9,September,1920-09-27,1,0,0.0,1.0,1,De Havilland,1,1920-09
1936,Qtr 3,September,5,Pennsylvania,Stinson SM 6000BNC117S,Near Pittsburgh Pennsylvania,Inc. Skyways Pittsburgh,0,11,9,September,1936-09-05,10,1,9.090909090909092,0.9090909090909091,10,Stinson SM,10,1936-09
1992,Qtr 3,September,10,Peru,Fokker F 27 Friendship 500OB,Bellavista Peru,Aéreo Expresso,1,43,9,September,1992-09-10,1,42,97.67441860465115,0.023255813953488372,2,Fokker,2,1992-09
1969,Qtr 3,September,12,Philippines,BAC One Eleven 402APPI,Near Antipolo Philippines,Lines Air Philippine,0,47,9,September,1969-09-12,45,2,4.25531914893617,0.9574468085106383,45,BAC,45,1969-09
1978,Qtr 3,September,14,Philippines,Fokker F 27 Friendship 200PH,Paranaque Philippines,Force Air Philippine,12,28,9,September,1978-09-14,21,7,25.0,0.75,33,Fokker,33,1978-09
1965,Qtr 3,September,11,Phillipines,Douglas DC 3API,Near La Carlota Phillipines,Airways Orient Filipinas,0,11,9,September,1965-09-11,11,0,0.0,1.0,11,Douglas,11,1965-09
1993,Qtr 3,September,14,Poland,Airbus A320 211D,Warsaw Poland,Lufthansa,0,70,9,September,1993-09-14,2,68,97.14285714285714,0.02857142857142857,2,Airbus,2,1993-09
1984,Qtr 3,September,16,Poland,Antonov An 2TSP,Opole Poland,APRL,0,25,9,September,1984-09-16,11,14,56.00000000000001,0.44,11,Antonov,11,1984-09
1949,Qtr 3,September,9,Unknown,Douglas DC 3CF,Sault-aux-Cochons PQ,Canada Canadian Pacific Air Lines,0,23,9,September,1949-09-09,23,0,0.0,1.0,23,Douglas,23,1949-09
2004,Qtr 3,September,29,Puerto,Pilatus Britten Norman BN,Tortuguero lagoon Puerto,Flamence RicoAir,0,1,9,September,2004-09-29,1,0,0.0,1.0,1,Pilatus,1,2004-09
2002,Qtr 3,September,28,Quebec,de Havilland Canada DHC 3 OtterC,Near Natashquan Quebec,Canada Deraps Aviation,0,4,9,September,2002-09-28,3,1,25.0,0.75,3,de Havilland Canada,3,2002-09
1960,Qtr 3,September,22,Quebec,Noorduyn NorsemanCF FOJ,Campbell Lake Quebec,Airlines CanadaWheeler,0,4,9,September,1960-09-22,3,1,25.0,0.75,3,Noorduyn,3,1960-09
2003,Qtr 3,September,27,Quebec,Piper PA31 310C,Gaspé Quebec,Canada Les Ailes de Gaspé Inc.,0,3,9,September,2003-09-27,3,0,0.0,1.0,3,Piper,3,2003-09
1944,Qtr 3,September,7,Queensland,C 47 Dakota DT,Near Mossman Queensland,Australia Military - Royal Netherlands East Indies Air Force,0,20,9,September,1944-09-07,20,0,0.0,1.0,20,C,20,1944-09
1978,Qtr 3,September,3,Rhodesia,Vickers Viscount 782DVP WAS,Near Kariba Rhodesia,Rhodesia (Zimbabwe)Air,0,56,9,September,1978-09-03,38,18,32.142857142857146,0.6785714285714286,38,Vickers Viscount,38,1978-09
1999,Qtr 3,September,14,Romania,Dassault Falcon 900BSX ECH,Bucharest Romania,Government Greek,0,13,9,September,1999-09-14,7,6,46.15384615384615,0.5384615384615384,7,Dassault Falcon,7,1999-09
1977,Qtr 3,September,22,Romania,Tupolev TU 134HA,Bucharest Romania,Airlines Hungarian Malev,0,53,9,September,1977-09-22,29,24,45.28301886792453,0.5471698113207547,29,Tupolev,29,1977-09
1962,Qtr 3,September,18,Russia,AeroflotCCCP 61628,Yakut Russia,Aeroflot,0,32,9,September,1962-09-18,32,0,0.0,1.0,32,AeroflotCCCP,32,1962-09
1958,Qtr 3,September,7,Russia,AeroflotCCCP L1692,Kazakh Russia,Aeroflot,0,27,9,September,1958-09-07,27,0,0.0,1.0,27,AeroflotCCCP,27,1958-09
1991,Qtr 3,September,23,Russia,Antonov 12BPCCCP 13320,Khatanga Russia,Aeroflot,0,16,9,September,1991-09-23,1,15,93.75,0.0625,1,Antonov,1,1991-09
1976,Qtr 3,September,9,Russia,Antonov AN 24 / Yakovlev Yak,Off Adler Russia,Aeroflot / Aeroflot,0,64,9,September,1976-09-09,64,0,0.0,1.0,64,Antonov,64,1976-09
1979,Qtr 3,September,3,Russia,Antonov AN 24CCCP,Andema Russia,Aeroflot,0,44,9,September,1979-09-03,40,4,9.090909090909092,0.9090909090909091,40,Antonov,40,1979-09
2012,Qtr 3,September,12,Russia,Antonov AN 28RA,Near Palana Russia,Enteprise Air Petropavlovsk-Kamchatsky,0,14,9,September,2012-09-12,10,4,28.57142857142857,0.7142857142857143,10,Antonov,10,2012-09
1994,Qtr 3,September,30,Russia,Antonov AN 8RA,Chaibukha Russia,Association Production Aviation Arsenyev,0,20,9,September,1994-09-30,8,12,60.0,0.4,8,Antonov,8,1994-09
2008,Qtr 3,September,14,Russia,Boeing B 737,Perm Russia,Aeroflot,0,88,9,September,2008-09-14,88,0,0.0,1.0,88,Boeing,88,2008-09
1983,Qtr 3,September,1,Russia,Boeing B 747,Near Sakhalin Island Russia,Airlines Korean,0,269,9,September,1983-09-01,269,0,0.0,1.0,269,Boeing,269,1983-09
1971,Qtr 3,September,16,Russia,Douglas DC 34W,Presevo Russia,Airlines Yemen,0,5,9,September,1971-09-16,5,0,0.0,1.0,5,Douglas,5,1971-09
1958,Qtr 3,September,19,Russia,Ilyushin IL 12CCCP,Near Lazo Russia,Aeroflot,0,28,9,September,1958-09-19,28,0,0.0,1.0,28,Ilyushin,28,1958-09
1954,Qtr 3,September,27,Russia,Ilyushin IL 12CCCP,Novosibirsk Russia,Aeroflot,0,29,9,September,1954-09-27,29,0,0.0,1.0,29,Ilyushin,29,1954-09
1969,Qtr 3,September,1,Russia,Ilyushin IL 14PCCCP,Cross Bay Russia,Aeroflot,0,27,9,September,1969-09-01,22,5,18.51851851851852,0.8148148148148148,22,Ilyushin,22,1969-09
1960,Qtr 3,September,2,Russia,Ilyushin IL 14PCCCP,Near Zikhnovo Russia,Aeroflot,0,18,9,September,1960-09-02,18,0,0.0,1.0,18,Ilyushin,18,1960-09
1964,Qtr 3,September,2,Russia,Ilyushin IL 18BCCCP,Island of Sakhalin Russia,Aeroflot,0,87,9,September,1964-09-02,87,0,0.0,1.0,87,Ilyushin,87,1964-09
2021,Qtr 3,September,12,Russia,Let L 410UVP,Kazachinskoye Russia,Aeroservice/Si,0,16,9,September,2021-09-12,4,12,75.0,0.25,4,Let,4,2021-09
1958,Qtr 3,September,2,Russia,Lockheed C 130A,Sasnashen Russia,Force Air U.S. - Military,0,17,9,September,1958-09-02,17,0,0.0,1.0,17,Lockheed,17,1958-09
2006,Qtr 3,September,11,Russia,Mi 8 helicopter?,Vladikavkaz Russia,Army Russian - Military,0,15,9,September,2006-09-11,12,3,20.0,0.8,12,Mil,12,2006-09
1992,Qtr 3,September,12,Russia,Mil Mi 8 (helicopter)RA,Kozyrevsk Russia,Airlines Kamchatka,0,16,9,September,1992-09-12,9,7,43.75,0.5625,9,Mil,9,1992-09
1992,Qtr 3,September,21,Russia,Mil Mi 8 (helicopter)RA,Near Kular Russia,Yakutavia,0,10,9,September,1992-09-21,10,0,0.0,1.0,10,Mil,10,1992-09
1995,Qtr 3,September,24,Russia,Mil Mi 8TRA,Sterligov Cape Russia,Company Flight Norilsk,0,15,9,September,1995-09-24,15,0,0.0,1.0,15,Mil,15,1995-09
1973,Qtr 3,September,30,Russia,Tupolev TU 104BCCCP,Near Sverdlovsk Russia,Aeroflot,0,108,9,September,1973-09-30,108,0,0.0,1.0,108,Tupolev,108,1973-09
1960,Qtr 3,September,26,Russia,Vickers Viscount 837OE LAF,Moscow Russia,Airlines Austrian,0,37,9,September,1960-09-26,31,6,16.216216216216218,0.8378378378378378,31,Vickers Viscount,31,1960-09
2011,Qtr 3,September,7,Russia,Yakovlev 42DRA 42434,Yaroslavl Russia,Service YAK,0,45,9,September,2011-09-07,44,1,2.2222222222222223,0.9777777777777777,44,Yakovlev,44,2011-09
1994,Qtr 3,September,26,Russia,Yakovlev YAK 40RA,Near Vanavera Russia,Airlines Cheremshanka,0,28,9,September,1994-09-26,28,0,0.0,1.0,28,Yakovlev,28,1994-09
1990,Qtr 3,September,14,Russia,Yakovlev YAK 42CCCP,Koltsovo Russia,Aeroflot,0,128,9,September,1990-09-14,4,124,96.875,0.03125,4,Yakovlev,4,1990-09
1981,Qtr 3,September,18,Russian,Yakovlev YAK 40 / Mil Mi,Zeleznogorsk Russian,Russian - /Military Aeroflot,0,40,9,September,1981-09-18,40,0,0.0,1.0,40,Yakovlev,40,1981-09
2002,Qtr 3,September,14,Sao,ATR 42 300PT,Paranapanema Sao,Brazil Paulo Total Air Lines,0,2,9,September,2002-09-14,2,0,0.0,1.0,2,ATR,2,2002-09
1946,Qtr 3,September,15,Saskatchewan,Douglas C 47A Dakota962,Estevan Saskatchewan,Canada Military - Royal Canadian Air Force,0,21,9,September,1946-09-15,21,0,0.0,1.0,21,Douglas,21,1946-09
1980,Qtr 3,September,15,Saudi,Lockheed C 130E453,Near Medina Saudi,Force Air Saudi Royal - ArabiaMilitary,0,89,9,September,1980-09-15,89,0,0.0,1.0,89,Lockheed,89,1980-09
1961,Qtr 3,September,6,Unknown,Douglas C 47A (DC,Concordia SC,Brazil REAL Transportes Aereos,0,4,9,September,1961-09-06,4,0,0.0,1.0,4,Douglas,4,1961-09
1957,Qtr 3,September,28,Scotland,de Havilland DH 114 HeronG,Islay-Glenegedale Airport Scotland,Airways European British,0,3,9,September,1957-09-28,3,0,0.0,1.0,3,De Havilland,3,1957-09
1966,Qtr 3,September,1,Slovenia,Bristol Britannia 102G ANBB,Near Ljubljana Slovenia,Yugoslavia Britannia Airways,0,117,9,September,1966-09-01,98,19,16.23931623931624,0.8376068376068376,98,Bristol Britannia,98,1966-09
1991,Qtr 3,September,27,Solomon,de Havilland Canada DHC 6 Twin Otter 300H4,Guadalcanal Island Solomon,Airlines Islands IslandsSolomon,0,15,9,September,1991-09-27,15,0,0.0,1.0,15,de Havilland Canada,15,1991-09
1974,Qtr 3,September,15,South,Boeing B 727,Phan Rang South,Vietnam) (South Vietnam VietnamAir,0,75,9,September,1974-09-15,75,0,0.0,1.0,75,Boeing,75,1974-09
2009,Qtr 3,September,24,South,British Aerospace Jetstream 41ZS NRM,Merebank South,Airlink AfricaSA,0,3,9,September,2009-09-24,1,2,66.66666666666666,0.3333333333333333,1,British Aerospace Jetstream,1,2009-09
1972,Qtr 3,September,24,South,Douglas C 54D,Near Ben Cat South,Vietnam) (South Vietnam VietnamAir,0,13,9,September,1972-09-24,10,3,23.076923076923077,0.7692307692307693,10,Douglas,10,1972-09
1945,Qtr 3,September,7,South,Douglas DC 3NC33631,Florence South,Lines Air CarolinaEastern,0,22,9,September,1945-09-07,22,0,0.0,1.0,22,Douglas,22,1945-09
1965,Qtr 3,September,16,South,Douglas DC 3XV,Quang Ngai South,Vietnam) (South Vietnam VietnamAir,0,39,9,September,1965-09-16,38,1,2.564102564102564,0.9743589743589743,38,Douglas,38,1965-09
2009,Qtr 3,September,25,South,Eurocopter AS350 B2N417AE,Georgetown South,Inc. Helicopters CarolinaOmniflight,0,3,9,September,2009-09-25,3,0,0.0,1.0,3,Eurocopter,3,2009-09
2008,Qtr 3,September,19,South,Learjet 60N999LJ,Columbia South,Aviation Executive CarolinaGlobal,0,6,9,September,2008-09-19,4,2,33.33333333333333,0.6666666666666666,4,Learjet,4,2008-09
2009,Qtr 3,September,8,South,Mil Mi 8?,Ugamsk Gorge South,service guard border Kazakhstan - KazakistanMilitary,0,13,9,September,2009-09-08,10,3,23.076923076923077,0.7692307692307693,10,Mil,10,2009-09
1999,Qtr 3,September,14,Spain,Boeing 757 204G,Girona Spain,Airways Britannia,0,245,9,September,1999-09-14,1,244,99.59183673469387,0.004081632653061225,1,Boeing,1,1999-09
1951,Qtr 3,September,12,Spain,Douglas DC 3F,Off Ialas Baeares Spain,Provence Alpes Societe,0,39,9,September,1951-09-12,39,0,0.0,1.0,39,Douglas,39,1951-09
1982,Qtr 3,September,13,Spain,McDonnell Douglas DC 10,Near Malaga Spain,Spantax,0,394,9,September,1982-09-13,50,344,87.30964467005076,0.12690355329949238,50,McDonnell Douglas,50,1982-09
1998,Qtr 3,September,29,Sri,Antonov AN 24RVEW,Off Mannar Sri,LankaLionair,0,55,9,September,1998-09-29,55,0,0.0,1.0,55,Antonov,55,1998-09
1995,Qtr 3,September,12,Sri,Antonov AN 32CR861,Off Colombo Sri,Force Air Lanka Sri - LankaMilitary,0,81,9,September,1995-09-12,81,0,0.0,1.0,81,Antonov,81,1995-09
2000,Qtr 3,September,16,Sri,Mil Mi 17?,Kumarapura Sri,Force Air Lanka Sri - LankaMilitary,0,14,9,September,2000-09-16,14,0,0.0,1.0,14,Mil,14,2000-09
1946,Qtr 3,September,27,Stirlingshire,de Havilland 89A Dragon RapideG AFFF,Near Milngavie Stirlingshire,Scotland Railway Air Service Ltd.,0,7,9,September,1946-09-27,7,0,0.0,1.0,7,de Havilland 89A Dragon,7,1946-09
1952,Qtr 3,September,15,Sudan,Douglas C 47AVT,Wadi Halfa Sudan,Airlines Kalinga,0,3,9,September,1952-09-15,3,0,0.0,1.0,3,Douglas,3,1952-09
1950,Qtr 3,September,23,Sweden,Avro Ninteen ISE BRS,Karlstad Sweden,Aero Svenska,0,10,9,September,1950-09-23,10,0,0.0,1.0,10,Avro Ninteen,10,1950-09
1979,Qtr 3,September,11,Taiwan,Boeing 707 324CB,Off Taipei Taiwan,(Taiwan) Airlines China,0,6,9,September,1979-09-11,6,0,0.0,1.0,6,Boeing,6,1979-09
1983,Qtr 3,September,28,Taiwan,Britten Norman BN,Off Lanyu Island Taiwan,Airlines Taiwan,0,10,9,September,1983-09-28,10,0,0.0,1.0,10,Britten,10,1983-09
1943,Qtr 3,September,10,Texas,Boeing B 17F / Boeing B,Off Galveston Texas,Forces Air Army U.S. - Military,0,22,9,September,1943-09-10,22,0,0.0,1.0,22,Boeing,22,1943-09
1959,Qtr 3,September,2,Texas,Curtiss C 46AN5140B,Abilene Texas,Airlines Aaxico,0,2,9,September,1959-09-02,2,0,0.0,1.0,2,Curtiss,2,1959-09
1991,Qtr 3,September,11,Texas,Embraer 120RT BrasiliaN33701,Near Eagle Lake Texas,Express Continental,0,14,9,September,1991-09-11,14,0,0.0,1.0,14,Embraer 120RT,14,1991-09
1932,Qtr 3,September,8,Texas,Fokker F 10NC9716,Salt Flats Texas,Airways American,0,4,9,September,1932-09-08,3,1,25.0,0.75,3,Fokker,3,1932-09
2003,Qtr 3,September,19,Texas,Learjet 25BN666TW,Del Rio Texas,Charter Jet Ameristar,0,2,9,September,2003-09-19,1,1,50.0,0.5,1,Learjet,1,2003-09
1959,Qtr 3,September,29,Texas,Lockheed 188A ElectraN9705C,Buffalo Texas,Airlines Braniff,0,34,9,September,1959-09-29,34,0,0.0,1.0,34,Lockheed 18,34,1959-09
1964,Qtr 3,September,4,Thailand,Douglas C 47?,Near Vaong Nong Thailand,Force Air Thai Royal - Military,0,34,9,September,1964-09-04,28,6,17.647058823529413,0.8235294117647058,28,Douglas,28,1964-09
2007,Qtr 3,September,16,Thailand,McDonnell Douglas MD 82HS,Phuket Thailand,Airlines One-Two-Go,0,130,9,September,2007-09-16,90,40,30.76923076923077,0.6923076923076923,90,McDonnell Douglas,90,2007-09
1988,Qtr 3,September,9,Thailand,Tupolev TU 134AVN,Bangkok Thailand,(Vietnam) Khong Hang,0,90,9,September,1988-09-09,76,14,15.555555555555555,0.8444444444444444,76,Tupolev,76,1988-09
1976,Qtr 3,September,19,Turkey,Boeing B 727,Karatepe Mountains Turkey,(THY) Airlines Turkish,0,154,9,September,1976-09-19,154,0,0.0,1.0,154,Boeing,154,1976-09
1953,Qtr 3,September,25,Turkey,Douglas DC 3TC,Ankara Turkey,Yollari Hava Devlet,0,21,9,September,1953-09-25,5,16,76.19047619047619,0.23809523809523808,5,Douglas,5,1953-09
1961,Qtr 3,September,23,Turkey,Fokker F 27 Friendship 100TC,Ankara Turkey,(THY) Airlines Turkish,0,29,9,September,1961-09-23,28,1,3.4482758620689653,0.9655172413793104,28,Fokker,28,1961-09
1981,Qtr 3,September,22,Turkey,Northrop F 5A?,Near Babaeski Turkey,Force Air Turkish - Military,40,0,9,September,1981-09-22,0,0,Unknown,Unknown,40,Northrop,40,1981-09
1989,Qtr 3,September,27,Tusayan,de Havilland Canada DHC 6 Twin Otter 300N75GC,Grand Canyon National Park Airport Tusayan,Arizona Grand Canyon Airlines,0,21,9,September,1989-09-27,10,11,52.38095238095239,0.47619047619047616,10,de Havilland Canada,10,1989-09
1983,Qtr 3,September,23,UAEGulf,Boeing B 737,Near Mina Jebel Ali UAEGulf,Air,0,112,9,September,1983-09-23,112,0,0.0,1.0,112,Boeing,112,1983-09
1985,Qtr 3,September,25,Ukraine,Antonov AN 12CCCP,Near Kharkov Ukraine,MAP,0,9,9,September,1985-09-25,9,0,0.0,1.0,9,Antonov,9,1985-09
2020,Qtr 3,September,25,Ukraine,Antonov An26SH76 yellow,Near Chuguev Ukraine,Force Air Ukraine - Military,0,27,9,September,2020-09-25,26,1,3.7037037037037033,0.9629629629629629,26,Antonov An26SH76,26,2020-09
1970,Qtr 3,September,2,Ukraine,Tupolev Tu 124CCCP,Lihovka Ukraine,Aeroflot,0,37,9,September,1970-09-02,37,0,0.0,1.0,37,Tupolev,37,1970-09
1970,Qtr 3,September,2,Ukraine,Tupolev Tu 124CCCP,Near Dnepropetrovsk Ukraine,USSRAeroflot,0,37,9,September,1970-09-02,37,0,0.0,1.0,37,Tupolev,37,1970-09
1971,Qtr 3,September,16,Ukraine,Tupolev TU 134AHA,Kiev Ukraine,USSRMalev Hungarian Airlines,0,49,9,September,1971-09-16,49,0,0.0,1.0,49,Tupolev,49,1971-09
2008,Qtr 3,September,3,United,Bell 212A6 AVL,Off Dubai United,EmiratesAerogulf Arab,0,7,9,September,2008-09-03,7,0,0.0,1.0,7,Bell,7,2008-09
2010,Qtr 3,September,3,United,Boeing B747 44AFN571UP,Dubai United,UPS Service- Parcel EmiratesUnited Arab,0,2,9,September,2010-09-03,2,0,0.0,1.0,2,Boeing,2,2010-09
1960,Qtr 3,September,7,Uruguay,Douglas DC 6LV,Near Salto Uruguay,Argentinas Aerolineas,0,31,9,September,1960-09-07,31,0,0.0,1.0,31,Douglas,31,1960-09
1991,Qtr 3,September,26,USSRAeroflot,Antonov AN 26CCCP,Off St. Petersburg USSRAeroflot,Unknown Operator,0,10,9,September,1991-09-26,10,0,0.0,1.0,10,Antonov,10,1991-09
1991,Qtr 3,September,16,USSRAeroflot,Antonov AN 72CCCP,Petropavlosk USSRAeroflot,Unknown Operator,0,13,9,September,1991-09-16,13,0,0.0,1.0,13,Antonov,13,1991-09
1962,Qtr 3,September,3,USSRAeroflot,Tupolev TU 104ACCCP,Near Khabarovsk USSRAeroflot,Unknown Operator,0,86,9,September,1962-09-03,86,0,0.0,1.0,86,Tupolev,86,1962-09
1970,Qtr 3,September,3,USSRAeroflot,Yakovlev YAK 40CCCP,Near Leningrad USSRAeroflot,Unknown Operator,0,21,9,September,1970-09-03,21,0,0.0,1.0,21,Yakovlev,21,1970-09
2010,Qtr 3,September,13,Venezuela,ATR 42 320YV,Puerto Ordaz Venezuela,Conviasa Airline,0,51,9,September,2010-09-13,17,34,66.66666666666666,0.3333333333333333,17,ATR,17,2010-09
1957,Qtr 3,September,3,Venezuela,Douglas DC 3YV,Niquitao Venezuela,Avensa,0,8,9,September,1957-09-03,8,0,0.0,1.0,8,Douglas,8,1957-09
1991,Qtr 3,September,18,Vermont,Convair CV 580C,Belvedere Center Vermont,Cargo Canair,0,2,9,September,1991-09-18,2,0,0.0,1.0,2,Convair,2,1991-09
1965,Qtr 3,September,27,Vietnam,Beechcraft C 45HN9574Z,Bao Trai Vietnam,America Air,0,3,9,September,1965-09-27,3,0,0.0,1.0,3,Beechcraft,3,1965-09
1970,Qtr 3,September,30,Vietnam,Douglas DC 3,Near Da Nang Vietnam,Vietnam) (South Vietnam Air,0,38,9,September,1970-09-30,4,34,89.47368421052632,0.10526315789473684,4,Douglas,4,1970-09
1969,Qtr 3,September,20,Vietnam,Douglas DC 4 / USAF F,Near Hoi An Vietnam,Vietnam) (South Vietnam Air,2,76,9,September,1969-09-20,74,2,2.631578947368421,0.9736842105263158,76,Douglas,76,1969-09
1908,Qtr 3,September,17,Virginia,Wright Flyer III?,Fort Myer Virginia,Army U.S. - Military,0,2,9,September,1908-09-17,1,1,50.0,0.5,1,Wright Flyer,1,1908-09
2001,Qtr 3,September,11,Virginia.American,Boeing B 757,Arlington Virginia.American,Airlines,125,64,9,September,2001-09-11,64,0,0.0,1.0,189,Boeing,189,2001-09
1958,Qtr 3,September,8,Washington,Boeing B 52 / Boeing B,Near Fairchild AFB Washington,Force Air U.S. / Force Air U.S. - Military,0,16,9,September,1958-09-08,13,3,18.75,0.8125,13,Boeing,13,1958-09
1962,Qtr 3,September,10,Washington,Boeing KC 135A60,Near Milan Washington,Force Air U.S. - Military,0,44,9,September,1962-09-10,44,0,0.0,1.0,44,Boeing,44,1962-09
1953,Qtr 3,September,1,Washington,Douglas DC 3N19941,Vail Washington,Airlines Cargo Regina,0,21,9,September,1953-09-01,21,0,0.0,1.0,21,Douglas,21,1953-09
1982,Qtr 3,September,11,West,Boeing Vertol CH 47C (helicopter)74,Near Mannheim West,Army U.S. - GermanyMilitary,0,46,9,September,1982-09-11,46,0,0.0,1.0,46,Boeing Vertol,46,1982-09
1985,Qtr 3,September,6,Wisconsin,McDonnell Douglas DC 9,Milwaukee Wisconsin,Express Midwest,0,31,9,September,1985-09-06,31,0,0.0,1.0,31,McDonnell Douglas,31,1985-09
1973,Qtr 3,September,11,Yugoslavia,Aerospatiale Caravelle 6NYU AHD,Moganik Yugoslavia,Airlines Yugoslav JAT,0,41,9,September,1973-09-11,41,0,0.0,1.0,41,Aerospatiale Caravelle,41,1973-09
1950,Qtr 3,September,21,Yugoslavia,Douglas DC 3YU,Near Zagreb Yugoslavia,Airlines Yugoslav JAT,0,11,9,September,1950-09-21,10,1,9.090909090909092,0.9090909090909091,10,Douglas,10,1950-09
1933,Qtr 3,September,12,Yugoslavia,Farman F 306YU,Near Ljubljana Yugoslavia,Aeroput,0,8,9,September,1933-09-12,8,0,0.0,1.0,8,Farman,8,1933-09
1944,Qtr 3,September,2,Yugoslavia,Junkers JU52/3mD AUAW,Belgrad Yugoslavia,Lufthansa Deutsche,0,5,9,September,1944-09-02,5,0,0.0,1.0,5,Junkers,5,1944-09
2010,Qtr 3,September,21,Zabul,Sikorsky UH 60 Black Hawk 93,Chopan district Zabul,Afghanistan Province International Security Assistance Force,0,13,9,September,2010-09-21,10,3,23.076923076923077,0.7692307692307693,10,Sikorsky,10,2010-09
1980,Qtr 3,September,17,Zaire,de Havilland DHC 5 Buffalo9T,Near Kindu Zaire,Force Air Zairean - Military,0,36,9,September,1980-09-17,36,0,0.0,1.0,36,De Havilland,36,1980-09
1997,Qtr 3,September,12,Zaire,de Havilland Canada DHC 6 Twin Otter 3009Q,Near Uvira Zaire,Commuter Air TMK,0,22,9,September,1997-09-12,22,0,0.0,1.0,22,de Havilland Canada,22,1997-09
1984,Qtr 3,September,11,Zaire,Handley Page Dart Herald 2029Q CAH,Near the Kwango River Zaire,Services Aero MMM,0,30,9,September,1984-09-11,30,0,0.0,1.0,30,Handley Page Dart Herald,30,1984-09
1980,Qtr 3,September,14,Zaire,Lockheed Hercules C 1309T,Kindu Zaire,Zaïroise Aérienne Force - Military,0,36,9,September,1980-09-14,36,0,0.0,1.0,36,Lockheed Hercules,36,1980-09
1961,Qtr 3,September,17,Zambia,Douglas DC 6BSE,Ndola Zambia,Sweden Transair,0,16,9,September,1961-09-17,16,0,0.0,1.0,16,Douglas,16,1961-09
